#include <stdint.h>

/* Gengar frame 13: downscaled to 220x217 RGB565 (LE). */

const uint8_t gengar_frame_13_map[] = {
  0x00, 0x00, 0x00, 0x00, 0x00, 0x00, 0x00, 0x00, 0x00, 0x00, 0x00, 0x00, 0x00, 0x00, 0x00, 0x00,
  0x00, 0x00, 0x00, 0x00, 0x00, 0x00, 0x00, 0x00, 0x00, 0x00, 0x00, 0x00, 0x00, 0x00, 0x00, 0x00,
  0x00, 0x00, 0x00, 0x00, 0x00, 0x00, 0x00, 0x00, 0x00, 0x00, 0x00, 0x00, 0x00, 0x00, 0x00, 0x00,
  0x00, 0x00, 0x00, 0x00, 0x00, 0x00, 0x00, 0x00, 0x00, 0x00, 0x00, 0x00, 0x00, 0x00, 0x00, 0x00,
  0x00, 0x00, 0x00, 0x00, 0x00, 0x00, 0x00, 0x00, 0x00, 0x00, 0x00, 0x00, 0x00, 0x00, 0x00, 0x00,
  0x00, 0x00, 0x00, 0x00, 0x00, 0x00, 0x00, 0x00, 0x00, 0x00, 0x00, 0x00, 0x00, 0x00, 0x00, 0x00,
  0x00, 0x00, 0x00, 0x00, 0x00, 0x00, 0x00, 0x00, 0x00, 0x00, 0x00, 0x00, 0x00, 0x00, 0x00, 0x00,
  0x00, 0x00, 0x00, 0x00, 0x00, 0x00, 0x00, 0x00, 0x00, 0x00, 0x00, 0x00, 0x00, 0x00, 0x00, 0x00,
  0x00, 0x00, 0x00, 0x00, 0x00, 0x00, 0x00, 0x00, 0x00, 0x00, 0x00, 0x00, 0x00, 0x00, 0x00, 0x00,
  0x00, 0x00, 0x00, 0x00, 0x00, 0x00, 0x00, 0x00, 0x00, 0x00, 0x00, 0x00, 0x00, 0x00, 0x00, 0x00,
  0x00, 0x00, 0x00, 0x00, 0x00, 0x00, 0x00, 0x00, 0x00, 0x00, 0x00, 0x00, 0x00, 0x00, 0x00, 0x00,
  0x00, 0x00, 0x00, 0x00, 0x00, 0x00, 0x00, 0x00, 0x00, 0x00, 0x00, 0x00, 0x00, 0x00, 0x00, 0x00,
  0x00, 0x00, 0x00, 0x00, 0x00, 0x00, 0x00, 0x00, 0x00, 0x00, 0x00, 0x00, 0x00, 0x00, 0x00, 0x00,
  0x00, 0x00, 0x00, 0x00, 0x00, 0x00, 0x00, 0x00, 0x00, 0x00, 0x00, 0x00, 0x00, 0x00, 0x00, 0x00,
  0x00, 0x00, 0x00, 0x00, 0x00, 0x00, 0x00, 0x00, 0x00, 0x00, 0x00, 0x00, 0x00, 0x00, 0x00, 0x00,
  0x00, 0x00, 0x00, 0x00, 0x00, 0x00, 0x00, 0x00, 0x00, 0x00, 0x00, 0x00, 0x00, 0x00, 0x00, 0x00,
  0x00, 0x00, 0x00, 0x00, 0x00, 0x00, 0x00, 0x00, 0x00, 0x00, 0x00, 0x00, 0x00, 0x00, 0x00, 0x00,
  0x00, 0x00, 0x00, 0x00, 0x00, 0x00, 0x00, 0x00, 0x00, 0x00, 0x00, 0x00, 0x00, 0x00, 0x00, 0x00,
  0x00, 0x00, 0x00, 0x00, 0x00, 0x00, 0x00, 0x00, 0x00, 0x00, 0x00, 0x00, 0x00, 0x00, 0x00, 0x00,
  0x00, 0x00, 0x00, 0x00, 0x00, 0x00, 0x00, 0x00, 0x00, 0x00, 0x00, 0x00, 0x00, 0x00, 0x00, 0x00,
  0x00, 0x00, 0x00, 0x00, 0x00, 0x00, 0x00, 0x00, 0x00, 0x00, 0x00, 0x00, 0x00, 0x00, 0x00, 0x00,
  0x00, 0x00, 0x00, 0x00, 0x00, 0x00, 0x00, 0x00, 0x00, 0x00, 0x00, 0x00, 0x00, 0x00, 0x00, 0x00,
  0x00, 0x00, 0x00, 0x00, 0x00, 0x00, 0x00, 0x00, 0x00, 0x00, 0x00, 0x00, 0x00, 0x00, 0x00, 0x00,
  0x00, 0x00, 0x00, 0x00, 0x00, 0x00, 0x00, 0x00, 0x00, 0x00, 0x00, 0x00, 0x00, 0x00, 0x00, 0x00,
  0x00, 0x00, 0x00, 0x00, 0x00, 0x00, 0x00, 0x00, 0x00, 0x00, 0x00, 0x00, 0x00, 0x00, 0x00, 0x00,
  0x00, 0x00, 0x00, 0x00, 0x00, 0x00, 0x00, 0x00, 0x00, 0x00, 0x00, 0x00, 0x00, 0x00, 0x00, 0x00,
  0x00, 0x00, 0x00, 0x00, 0x00, 0x00, 0x00, 0x00, 0x00, 0x00, 0x00, 0x00, 0x00, 0x00, 0x00, 0x00,
  0x00, 0x00, 0x00, 0x00, 0x00, 0x00, 0x00, 0x00, 0x00, 0x00, 0x00, 0x00, 0x00, 0x00, 0x00, 0x00,
  0x00, 0x00, 0x00, 0x00, 0x00, 0x00, 0x00, 0x00, 0x00, 0x00, 0x00, 0x00, 0x00, 0x00, 0x00, 0x00,
  0x00, 0x00, 0x00, 0x00, 0x00, 0x00, 0x00, 0x00, 0x00, 0x00, 0x00, 0x00, 0x00, 0x00, 0x00, 0x00,
  0x00, 0x00, 0x00, 0x00, 0x00, 0x00, 0x00, 0x00, 0x00, 0x00, 0x00, 0x00, 0x00, 0x00, 0x00, 0x00,
  0x00, 0x00, 0x00, 0x00, 0x00, 0x00, 0x00, 0x00, 0x00, 0x00, 0x00, 0x00, 0x00, 0x00, 0x00, 0x00,
  0x00, 0x00, 0x00, 0x00, 0x00, 0x00, 0x00, 0x00, 0x00, 0x00, 0x00, 0x00, 0x00, 0x00, 0x00, 0x00,
  0x00, 0x00, 0x00, 0x00, 0x00, 0x00, 0x00, 0x00, 0x00, 0x00, 0x00, 0x00, 0x00, 0x00, 0x00, 0x00,
  0x00, 0x00, 0x00, 0x00, 0x00, 0x00, 0x00, 0x00, 0x00, 0x00, 0x00, 0x00, 0x00, 0x00, 0x00, 0x00,
  0x00, 0x00, 0x00, 0x00, 0x00, 0x00, 0x00, 0x00, 0x00, 0x00, 0x00, 0x00, 0x00, 0x00, 0x00, 0x00,
  0x00, 0x00, 0x00, 0x00, 0x00, 0x00, 0x00, 0x00, 0x00, 0x00, 0x00, 0x00, 0x00, 0x00, 0x00, 0x00,
  0x00, 0x00, 0x00, 0x00, 0x00, 0x00, 0x00, 0x00, 0x00, 0x00, 0x00, 0x00, 0x00, 0x00, 0x00, 0x00,
  0x00, 0x00, 0x00, 0x00, 0x00, 0x00, 0x00, 0x00, 0x00, 0x00, 0x00, 0x00, 0x00, 0x00, 0x00, 0x00,
  0x00, 0x00, 0x00, 0x00, 0x00, 0x00, 0x00, 0x00, 0x00, 0x00, 0x00, 0x00, 0x00, 0x00, 0x00, 0x00,
  0x00, 0x00, 0x00, 0x00, 0x00, 0x00, 0x00, 0x00, 0x00, 0x00, 0x00, 0x00, 0x00, 0x00, 0x00, 0x00,
  0x00, 0x00, 0x00, 0x00, 0x00, 0x00, 0x00, 0x00, 0x00, 0x00, 0x00, 0x00, 0x00, 0x00, 0x00, 0x00,
  0x00, 0x00, 0x00, 0x00, 0x00, 0x00, 0x00, 0x00, 0x00, 0x00, 0x00, 0x00, 0x00, 0x00, 0x00, 0x00,
  0x00, 0x00, 0x00, 0x00, 0x00, 0x00, 0x00, 0x00, 0x00, 0x00, 0x00, 0x00, 0x00, 0x00, 0x00, 0x00,
  0x00, 0x00, 0x00, 0x00, 0x00, 0x00, 0x00, 0x00, 0x00, 0x00, 0x00, 0x00, 0x00, 0x00, 0x00, 0x00,
  0x00, 0x00, 0x00, 0x00, 0x00, 0x00, 0x00, 0x00, 0x00, 0x00, 0x00, 0x00, 0x00, 0x00, 0x00, 0x00,
  0x00, 0x00, 0x00, 0x00, 0x00, 0x00, 0x00, 0x00, 0x00, 0x00, 0x00, 0x00, 0x00, 0x00, 0x00, 0x00,
  0x00, 0x00, 0x00, 0x00, 0x00, 0x00, 0x00, 0x00, 0x00, 0x00, 0x00, 0x00, 0x00, 0x00, 0x00, 0x00,
  0x00, 0x00, 0x00, 0x00, 0x00, 0x00, 0x00, 0x00, 0x00, 0x00, 0x00, 0x00, 0x00, 0x00, 0x00, 0x00,
  0x00, 0x00, 0x00, 0x00, 0x00, 0x00, 0x00, 0x00, 0x00, 0x00, 0x00, 0x00, 0x00, 0x00, 0x00, 0x00,
  0x00, 0x00, 0x00, 0x00, 0x00, 0x00, 0x00, 0x00, 0x00, 0x00, 0x00, 0x00, 0x00, 0x00, 0x00, 0x00,
  0x00, 0x00, 0x00, 0x00, 0x00, 0x00, 0x00, 0x00, 0x00, 0x00, 0x00, 0x00, 0x00, 0x00, 0x00, 0x00,
  0x00, 0x00, 0x00, 0x00, 0x00, 0x00, 0x00, 0x00, 0x00, 0x00, 0x00, 0x00, 0x00, 0x00, 0x00, 0x00,
  0x00, 0x00, 0x00, 0x00, 0x00, 0x00, 0x00, 0x00, 0x00, 0x00, 0x00, 0x00, 0x00, 0x00, 0x00, 0x00,
  0x00, 0x00, 0x00, 0x00, 0x00, 0x00, 0x00, 0x00, 0x00, 0x00, 0x00, 0x00, 0x00, 0x00, 0x00, 0x00,
  0x00, 0x00, 0x00, 0x00, 0x00, 0x00, 0x00, 0x00, 0x00, 0x00, 0x00, 0x00, 0x00, 0x00, 0x00, 0x00,
  0x00, 0x00, 0x00, 0x00, 0x00, 0x00, 0x00, 0x00, 0x00, 0x00, 0x00, 0x00, 0x00, 0x00, 0x00, 0x00,
  0x00, 0x00, 0x00, 0x00, 0x00, 0x00, 0x00, 0x00, 0x00, 0x00, 0x00, 0x00, 0x00, 0x00, 0x00, 0x00,
  0x00, 0x00, 0x00, 0x00, 0x00, 0x00, 0x00, 0x00, 0x00, 0x00, 0x00, 0x00, 0x00, 0x00, 0x00, 0x00,
  0x00, 0x00, 0x00, 0x00, 0x00, 0x00, 0x00, 0x00, 0x00, 0x00, 0x00, 0x00, 0x00, 0x00, 0x00, 0x00,
  0x00, 0x00, 0x00, 0x00, 0x00, 0x00, 0x00, 0x00, 0x00, 0x00, 0x00, 0x00, 0x00, 0x00, 0x00, 0x00,
  0x00, 0x00, 0x00, 0x00, 0x00, 0x00, 0x00, 0x00, 0x00, 0x00, 0x00, 0x00, 0x00, 0x00, 0x00, 0x00,
  0x00, 0x00, 0x00, 0x00, 0x00, 0x00, 0x00, 0x00, 0x00, 0x00, 0x00, 0x00, 0x00, 0x00, 0x00, 0x00,
  0x00, 0x00, 0x00, 0x00, 0x00, 0x00, 0x00, 0x00, 0x00, 0x00, 0x00, 0x00, 0x00, 0x00, 0x00, 0x00,
  0x00, 0x00, 0x00, 0x00, 0x00, 0x00, 0x00, 0x00, 0x00, 0x00, 0x00, 0x00, 0x00, 0x00, 0x00, 0x00,
  0x00, 0x00, 0x00, 0x00, 0x00, 0x00, 0x00, 0x00, 0x00, 0x00, 0x00, 0x00, 0x00, 0x00, 0x00, 0x00,
  0x00, 0x00, 0x00, 0x00, 0x00, 0x00, 0x00, 0x00, 0x00, 0x00, 0x00, 0x00, 0x00, 0x00, 0x00, 0x00,
  0x00, 0x00, 0x00, 0x00, 0x00, 0x00, 0x00, 0x00, 0x00, 0x00, 0x00, 0x00, 0x00, 0x00, 0x00, 0x00,
  0x00, 0x00, 0x00, 0x00, 0x00, 0x00, 0x00, 0x00, 0x00, 0x00, 0x00, 0x00, 0x00, 0x00, 0x00, 0x00,
  0x00, 0x00, 0x00, 0x00, 0x00, 0x00, 0x00, 0x00, 0x00, 0x00, 0x00, 0x00, 0x00, 0x00, 0x00, 0x00,
  0x00, 0x00, 0x00, 0x00, 0x00, 0x00, 0x00, 0x00, 0x00, 0x00, 0x00, 0x00, 0x00, 0x00, 0x00, 0x00,
  0x00, 0x00, 0x00, 0x00, 0x00, 0x00, 0x00, 0x00, 0x00, 0x00, 0x00, 0x00, 0x00, 0x00, 0x00, 0x00,
  0x00, 0x00, 0x00, 0x00, 0x00, 0x00, 0x00, 0x00, 0x00, 0x00, 0x00, 0x00, 0x00, 0x00, 0x00, 0x00,
  0x00, 0x00, 0x00, 0x00, 0x00, 0x00, 0x00, 0x00, 0x00, 0x00, 0x00, 0x00, 0x00, 0x00, 0x00, 0x00,
  0x00, 0x00, 0x00, 0x00, 0x00, 0x00, 0x00, 0x00, 0x00, 0x00, 0x00, 0x00, 0x00, 0x00, 0x00, 0x00,
  0x00, 0x00, 0x00, 0x00, 0x00, 0x00, 0x00, 0x00, 0x00, 0x00, 0x00, 0x00, 0x00, 0x00, 0x00, 0x00,
  0x00, 0x00, 0x00, 0x00, 0x00, 0x00, 0x00, 0x00, 0x00, 0x00, 0x00, 0x00, 0x00, 0x00, 0x00, 0x00,
  0x00, 0x00, 0x00, 0x00, 0x00, 0x00, 0x00, 0x00, 0x00, 0x00, 0x00, 0x00, 0x00, 0x00, 0x00, 0x00,
  0x00, 0x00, 0x00, 0x00, 0x00, 0x00, 0x00, 0x00, 0x00, 0x00, 0x00, 0x00, 0x00, 0x00, 0x00, 0x00,
  0x00, 0x00, 0x00, 0x00, 0x00, 0x00, 0x00, 0x00, 0x00, 0x00, 0x00, 0x00, 0x00, 0x00, 0x00, 0x00,
  0x00, 0x00, 0x00, 0x00, 0x00, 0x00, 0x00, 0x00, 0x00, 0x00, 0x00, 0x00, 0x00, 0x00, 0x00, 0x00,
  0x00, 0x00, 0x00, 0x00, 0x00, 0x00, 0x00, 0x00, 0x00, 0x00, 0x00, 0x00, 0x00, 0x00, 0x00, 0x00,
  0x00, 0x00, 0x00, 0x00, 0x00, 0x00, 0x00, 0x00, 0x00, 0x00, 0x00, 0x00, 0x00, 0x00, 0x00, 0x00,
  0x00, 0x00, 0x00, 0x00, 0x00, 0x00, 0x00, 0x00, 0x00, 0x00, 0x00, 0x00, 0x00, 0x00, 0x00, 0x00,
  0x00, 0x00, 0x00, 0x00, 0x00, 0x00, 0x00, 0x00, 0x00, 0x00, 0x00, 0x00, 0x00, 0x00, 0x00, 0x00,
  0x00, 0x00, 0x00, 0x00, 0x00, 0x00, 0x00, 0x00, 0x00, 0x00, 0x00, 0x00, 0x00, 0x00, 0x00, 0x00,
  0x00, 0x00, 0x00, 0x00, 0x00, 0x00, 0x00, 0x00, 0x00, 0x00, 0x00, 0x00, 0x00, 0x00, 0x00, 0x00,
  0x00, 0x00, 0x00, 0x00, 0x00, 0x00, 0x00, 0x00, 0x00, 0x00, 0x00, 0x00, 0x00, 0x00, 0x00, 0x00,
  0x00, 0x00, 0x00, 0x00, 0x00, 0x00, 0x00, 0x00, 0x00, 0x00, 0x00, 0x00, 0x00, 0x00, 0x00, 0x00,
  0x00, 0x00, 0x00, 0x00, 0x00, 0x00, 0x00, 0x00, 0x00, 0x00, 0x00, 0x00, 0x00, 0x00, 0x00, 0x00,
  0x00, 0x00, 0x00, 0x00, 0x00, 0x00, 0x00, 0x00, 0x00, 0x00, 0x00, 0x00, 0x00, 0x00, 0x00, 0x00,
  0x00, 0x00, 0x00, 0x00, 0x00, 0x00, 0x00, 0x00, 0x00, 0x00, 0x00, 0x00, 0x00, 0x00, 0x00, 0x00,
  0x00, 0x00, 0x00, 0x00, 0x00, 0x00, 0x00, 0x00, 0x00, 0x00, 0x00, 0x00, 0x00, 0x00, 0x00, 0x00,
  0x00, 0x00, 0x00, 0x00, 0x00, 0x00, 0x00, 0x00, 0x00, 0x00, 0x00, 0x00, 0x00, 0x00, 0x00, 0x00,
  0x00, 0x00, 0x00, 0x00, 0x00, 0x00, 0x00, 0x00, 0x00, 0x00, 0x00, 0x00, 0x00, 0x00, 0x00, 0x00,
  0x00, 0x00, 0x00, 0x00, 0x00, 0x00, 0x00, 0x00, 0x00, 0x00, 0x00, 0x00, 0x00, 0x00, 0x00, 0x00,
  0x00, 0x00, 0x00, 0x00, 0x00, 0x00, 0x00, 0x00, 0x00, 0x00, 0x00, 0x00, 0x00, 0x00, 0x00, 0x00,
  0x00, 0x00, 0x00, 0x00, 0x00, 0x00, 0x00, 0x00, 0x00, 0x00, 0x00, 0x00, 0x00, 0x00, 0x00, 0x00,
  0x00, 0x00, 0x00, 0x00, 0x00, 0x00, 0x00, 0x00, 0x00, 0x00, 0x00, 0x00, 0x00, 0x00, 0x00, 0x00,
  0x00, 0x00, 0x00, 0x00, 0x00, 0x00, 0x00, 0x00, 0x00, 0x00, 0x00, 0x00, 0x00, 0x00, 0x00, 0x00,
  0x00, 0x00, 0x00, 0x00, 0x00, 0x00, 0x00, 0x00, 0x00, 0x00, 0x00, 0x00, 0x00, 0x00, 0x00, 0x00,
  0x00, 0x00, 0x00, 0x00, 0x00, 0x00, 0x00, 0x00, 0x00, 0x00, 0x00, 0x00, 0x00, 0x00, 0x00, 0x00,
  0x00, 0x00, 0x00, 0x00, 0x00, 0x00, 0x00, 0x00, 0x00, 0x00, 0x00, 0x00, 0x00, 0x00, 0x00, 0x00,
  0x00, 0x00, 0x00, 0x00, 0x00, 0x00, 0x00, 0x00, 0x00, 0x00, 0x00, 0x00, 0x00, 0x00, 0x00, 0x00,
  0x00, 0x00, 0x00, 0x00, 0x00, 0x00, 0x00, 0x00, 0x00, 0x00, 0x00, 0x00, 0x00, 0x00, 0x00, 0x00,
  0x00, 0x00, 0x00, 0x00, 0x00, 0x00, 0x00, 0x00, 0x00, 0x00, 0x00, 0x00, 0x00, 0x00, 0x00, 0x00,
  0x00, 0x00, 0x00, 0x00, 0x00, 0x00, 0x00, 0x00, 0x00, 0x00, 0x00, 0x00, 0x00, 0x00, 0x00, 0x00,
  0x00, 0x00, 0x00, 0x00, 0x00, 0x00, 0x00, 0x00, 0x00, 0x00, 0x00, 0x00, 0x00, 0x00, 0x00, 0x00,
  0x00, 0x00, 0x00, 0x00, 0x00, 0x00, 0x00, 0x00, 0x00, 0x00, 0x00, 0x00, 0x00, 0x00, 0x00, 0x00,
  0x00, 0x00, 0x00, 0x00, 0x00, 0x00, 0x00, 0x00, 0x00, 0x00, 0x00, 0x00, 0x00, 0x00, 0x00, 0x00,
  0x00, 0x00, 0x00, 0x00, 0x00, 0x00, 0x00, 0x00, 0x00, 0x00, 0x00, 0x00, 0x00, 0x00, 0x00, 0x00,
  0x00, 0x00, 0x00, 0x00, 0x00, 0x00, 0x00, 0x00, 0x00, 0x00, 0x00, 0x00, 0x00, 0x00, 0x00, 0x00,
  0x00, 0x00, 0x00, 0x00, 0x00, 0x00, 0x00, 0x00, 0x00, 0x00, 0x00, 0x00, 0x00, 0x00, 0x00, 0x00,
  0x00, 0x00, 0x00, 0x00, 0x00, 0x00, 0x00, 0x00, 0x00, 0x00, 0x00, 0x00, 0x00, 0x00, 0x00, 0x00,
  0x00, 0x00, 0x00, 0x00, 0x00, 0x00, 0x00, 0x00, 0x00, 0x00, 0x00, 0x00, 0x00, 0x00, 0x00, 0x00,
  0x00, 0x00, 0x00, 0x00, 0x00, 0x00, 0x00, 0x00, 0x00, 0x00, 0x00, 0x00, 0x00, 0x00, 0x00, 0x00,
  0x00, 0x00, 0x00, 0x00, 0x00, 0x00, 0x00, 0x00, 0x00, 0x00, 0x00, 0x00, 0x00, 0x00, 0x00, 0x00,
  0x00, 0x00, 0x00, 0x00, 0x00, 0x00, 0x00, 0x00, 0x00, 0x00, 0x00, 0x00, 0x00, 0x00, 0x00, 0x00,
  0x00, 0x00, 0x00, 0x00, 0x00, 0x00, 0x00, 0x00, 0x00, 0x00, 0x00, 0x00, 0x00, 0x00, 0x00, 0x00,
  0x00, 0x00, 0x00, 0x00, 0x00, 0x00, 0x00, 0x00, 0x00, 0x00, 0x00, 0x00, 0x00, 0x00, 0x00, 0x00,
  0x00, 0x00, 0x00, 0x00, 0x00, 0x00, 0x00, 0x00, 0x00, 0x00, 0x00, 0x00, 0x00, 0x00, 0x00, 0x00,
  0x00, 0x00, 0x00, 0x00, 0x00, 0x00, 0x00, 0x00, 0x00, 0x00, 0x00, 0x00, 0x00, 0x00, 0x00, 0x00,
  0x00, 0x00, 0x00, 0x00, 0x00, 0x00, 0x00, 0x00, 0x00, 0x00, 0x00, 0x00, 0x00, 0x00, 0x00, 0x00,
  0x00, 0x00, 0x00, 0x00, 0x00, 0x00, 0x00, 0x00, 0x00, 0x00, 0x00, 0x00, 0x00, 0x00, 0x00, 0x00,
  0x00, 0x00, 0x00, 0x00, 0x00, 0x00, 0x00, 0x00, 0x00, 0x00, 0x00, 0x00, 0x00, 0x00, 0x00, 0x00,
  0x00, 0x00, 0x00, 0x00, 0x00, 0x00, 0x00, 0x00, 0x00, 0x00, 0x00, 0x00, 0x00, 0x00, 0x00, 0x00,
  0x00, 0x00, 0x00, 0x00, 0x00, 0x00, 0x00, 0x00, 0x00, 0x00, 0x00, 0x00, 0x00, 0x00, 0x00, 0x00,
  0x00, 0x00, 0x00, 0x00, 0x00, 0x00, 0x00, 0x00, 0x00, 0x00, 0x00, 0x00, 0x00, 0x00, 0x00, 0x00,
  0x00, 0x00, 0x00, 0x00, 0x00, 0x00, 0x00, 0x00, 0x00, 0x00, 0x00, 0x00, 0x00, 0x00, 0x00, 0x00,
  0x00, 0x00, 0x00, 0x00, 0x00, 0x00, 0x00, 0x00, 0x00, 0x00, 0x00, 0x00, 0x00, 0x00, 0x00, 0x00,
  0x00, 0x00, 0x00, 0x00, 0x00, 0x00, 0x00, 0x00, 0x00, 0x00, 0x00, 0x00, 0x00, 0x00, 0x00, 0x00,
  0x00, 0x00, 0x00, 0x00, 0x00, 0x00, 0x00, 0x00, 0x00, 0x00, 0x00, 0x00, 0x00, 0x00, 0x00, 0x00,
  0x00, 0x00, 0x00, 0x00, 0x00, 0x00, 0x00, 0x00, 0x00, 0x00, 0x00, 0x00, 0x00, 0x00, 0x00, 0x00,
  0x00, 0x00, 0x00, 0x00, 0x00, 0x00, 0x00, 0x00, 0x00, 0x00, 0x00, 0x00, 0x00, 0x00, 0x00, 0x00,
  0x00, 0x00, 0x00, 0x00, 0x00, 0x00, 0x00, 0x00, 0x00, 0x00, 0x00, 0x00, 0x00, 0x00, 0x00, 0x00,
  0x00, 0x00, 0x00, 0x00, 0x00, 0x00, 0x00, 0x00, 0x00, 0x00, 0x00, 0x00, 0x00, 0x00, 0x00, 0x00,
  0x00, 0x00, 0x00, 0x00, 0x00, 0x00, 0x00, 0x00, 0x00, 0x00, 0x00, 0x00, 0x00, 0x00, 0x00, 0x00,
  0x00, 0x00, 0x00, 0x00, 0x00, 0x00, 0x00, 0x00, 0x00, 0x00, 0x00, 0x00, 0x00, 0x00, 0x00, 0x00,
  0x00, 0x00, 0x00, 0x00, 0x00, 0x00, 0x00, 0x00, 0x00, 0x00, 0x00, 0x00, 0x00, 0x00, 0x00, 0x00,
  0x00, 0x00, 0x00, 0x00, 0x00, 0x00, 0x00, 0x00, 0x00, 0x00, 0x00, 0x00, 0x00, 0x00, 0x00, 0x00,
  0x00, 0x00, 0x00, 0x00, 0x00, 0x00, 0x00, 0x00, 0x00, 0x00, 0x00, 0x00, 0x00, 0x00, 0x00, 0x00,
  0x00, 0x00, 0x00, 0x00, 0x00, 0x00, 0x00, 0x00, 0x00, 0x00, 0x00, 0x00, 0x00, 0x00, 0x00, 0x00,
  0x00, 0x00, 0x00, 0x00, 0x00, 0x00, 0x00, 0x00, 0x00, 0x00, 0x00, 0x00, 0x00, 0x00, 0x00, 0x00,
  0x00, 0x00, 0x00, 0x00, 0x00, 0x00, 0x00, 0x00, 0x00, 0x00, 0x00, 0x00, 0x00, 0x00, 0x00, 0x00,
  0x00, 0x00, 0x00, 0x00, 0x00, 0x00, 0x00, 0x00, 0x00, 0x00, 0x00, 0x00, 0x00, 0x00, 0x00, 0x00,
  0x00, 0x00, 0x00, 0x00, 0x00, 0x00, 0x00, 0x00, 0x00, 0x00, 0x00, 0x00, 0x00, 0x00, 0x00, 0x00,
  0x00, 0x00, 0x00, 0x00, 0x00, 0x00, 0x00, 0x00, 0x00, 0x00, 0x00, 0x00, 0x00, 0x00, 0x00, 0x00,
  0x00, 0x00, 0x00, 0x00, 0x00, 0x00, 0x00, 0x00, 0x00, 0x00, 0x00, 0x00, 0x00, 0x00, 0x00, 0x00,
  0x00, 0x00, 0x00, 0x00, 0x00, 0x00, 0x00, 0x00, 0x00, 0x00, 0x00, 0x00, 0x00, 0x00, 0x00, 0x00,
  0x00, 0x00, 0x00, 0x00, 0x00, 0x00, 0x00, 0x00, 0x00, 0x00, 0x00, 0x00, 0x00, 0x00, 0x00, 0x00,
  0x00, 0x00, 0x00, 0x00, 0x00, 0x00, 0x00, 0x00, 0x00, 0x00, 0x00, 0x00, 0x00, 0x00, 0x00, 0x00,
  0x00, 0x00, 0x00, 0x00, 0x00, 0x00, 0x00, 0x00, 0x00, 0x00, 0x00, 0x00, 0x00, 0x00, 0x00, 0x00,
  0x00, 0x00, 0x00, 0x00, 0x00, 0x00, 0x00, 0x00, 0x00, 0x00, 0x00, 0x00, 0x00, 0x00, 0x00, 0x00,
  0x00, 0x00, 0x00, 0x00, 0x00, 0x00, 0x00, 0x00, 0x00, 0x00, 0x00, 0x00, 0x00, 0x00, 0x00, 0x00,
  0x00, 0x00, 0x00, 0x00, 0x00, 0x00, 0x00, 0x00, 0x00, 0x00, 0x00, 0x00, 0x00, 0x00, 0x00, 0x00,
  0x00, 0x00, 0x00, 0x00, 0x00, 0x00, 0x00, 0x00, 0x00, 0x00, 0x00, 0x00, 0x00, 0x00, 0x00, 0x00,
  0x00, 0x00, 0x00, 0x00, 0x00, 0x00, 0x00, 0x00, 0x00, 0x00, 0x00, 0x00, 0x00, 0x00, 0x00, 0x00,
  0x00, 0x00, 0x00, 0x00, 0x00, 0x00, 0x00, 0x00, 0x00, 0x00, 0x00, 0x00, 0x00, 0x00, 0x00, 0x00,
  0x00, 0x00, 0x00, 0x00, 0x00, 0x00, 0x00, 0x00, 0x00, 0x00, 0x00, 0x00, 0x00, 0x00, 0x00, 0x00,
  0x00, 0x00, 0x00, 0x00, 0x00, 0x00, 0x00, 0x00, 0x00, 0x00, 0x00, 0x00, 0x00, 0x00, 0x00, 0x00,
  0x00, 0x00, 0x00, 0x00, 0x00, 0x00, 0x00, 0x00, 0x00, 0x00, 0x00, 0x00, 0x00, 0x00, 0x00, 0x00,
  0x00, 0x00, 0x00, 0x00, 0x00, 0x00, 0x00, 0x00, 0x00, 0x00, 0x00, 0x00, 0x00, 0x00, 0x00, 0x00,
  0x00, 0x00, 0x00, 0x00, 0x00, 0x00, 0x00, 0x00, 0x00, 0x00, 0x00, 0x00, 0x00, 0x00, 0x00, 0x00,
  0x00, 0x00, 0x00, 0x00, 0x00, 0x00, 0x00, 0x00, 0x00, 0x00, 0x00, 0x00, 0x00, 0x00, 0x00, 0x00,
  0x00, 0x00, 0x00, 0x00, 0x00, 0x00, 0x00, 0x00, 0x00, 0x00, 0x00, 0x00, 0x00, 0x00, 0x00, 0x00,
  0x00, 0x00, 0x00, 0x00, 0x00, 0x00, 0x00, 0x00, 0x00, 0x00, 0x00, 0x00, 0x00, 0x00, 0x00, 0x00,
  0x00, 0x00, 0x00, 0x00, 0x00, 0x00, 0x00, 0x00, 0x00, 0x00, 0x00, 0x00, 0x00, 0x00, 0x00, 0x00,
  0x00, 0x00, 0x00, 0x00, 0x00, 0x00, 0x00, 0x00, 0x00, 0x00, 0x00, 0x00, 0x00, 0x00, 0x00, 0x00,
  0x00, 0x00, 0x00, 0x00, 0x00, 0x00, 0x00, 0x00, 0x00, 0x00, 0x00, 0x00, 0x00, 0x00, 0x00, 0x00,
  0x00, 0x00, 0x00, 0x00, 0x00, 0x00, 0x00, 0x00, 0x00, 0x00, 0x00, 0x00, 0x00, 0x00, 0x00, 0x00,
  0x00, 0x00, 0x00, 0x00, 0x00, 0x00, 0x00, 0x00, 0x00, 0x00, 0x00, 0x00, 0x00, 0x00, 0x00, 0x00,
  0x00, 0x00, 0x00, 0x00, 0x00, 0x00, 0x00, 0x00, 0x00, 0x00, 0x00, 0x00, 0x00, 0x00, 0x00, 0x00,
  0x00, 0x00, 0x00, 0x00, 0x00, 0x00, 0x00, 0x00, 0x00, 0x00, 0x00, 0x00, 0x00, 0x00, 0x00, 0x00,
  0x00, 0x00, 0x00, 0x00, 0x00, 0x00, 0x00, 0x00, 0x00, 0x00, 0x00, 0x00, 0x00, 0x00, 0x00, 0x00,
  0x00, 0x00, 0x00, 0x00, 0x00, 0x00, 0x00, 0x00, 0x00, 0x00, 0x00, 0x00, 0x00, 0x00, 0x00, 0x00,
  0x00, 0x00, 0x00, 0x00, 0x00, 0x00, 0x00, 0x00, 0x00, 0x00, 0x00, 0x00, 0x00, 0x00, 0x00, 0x00,
  0x00, 0x00, 0x00, 0x00, 0x00, 0x00, 0x00, 0x00, 0x00, 0x00, 0x00, 0x00, 0x00, 0x00, 0x00, 0x00,
  0x00, 0x00, 0x00, 0x00, 0x00, 0x00, 0x00, 0x00, 0x00, 0x00, 0x00, 0x00, 0x00, 0x00, 0x00, 0x00,
  0x00, 0x00, 0x00, 0x00, 0x00, 0x00, 0x00, 0x00, 0x00, 0x00, 0x00, 0x00, 0x00, 0x00, 0x00, 0x00,
  0x00, 0x00, 0x00, 0x00, 0x00, 0x00, 0x00, 0x00, 0x00, 0x00, 0x00, 0x00, 0x00, 0x00, 0x00, 0x00,
  0x00, 0x00, 0x00, 0x00, 0x00, 0x00, 0x00, 0x00, 0x00, 0x00, 0x00, 0x00, 0x00, 0x00, 0x00, 0x00,
  0x00, 0x00, 0x00, 0x00, 0x00, 0x00, 0x00, 0x00, 0x00, 0x00, 0x00, 0x00, 0x00, 0x00, 0x00, 0x00,
  0x00, 0x00, 0x00, 0x00, 0x00, 0x00, 0x00, 0x00, 0x00, 0x00, 0x00, 0x00, 0x00, 0x00, 0x00, 0x00,
  0x00, 0x00, 0x00, 0x00, 0x00, 0x00, 0x00, 0x00, 0x00, 0x00, 0x00, 0x00, 0x00, 0x00, 0x00, 0x00,
  0x00, 0x00, 0x00, 0x00, 0x00, 0x00, 0x00, 0x00, 0x00, 0x00, 0x00, 0x00, 0x00, 0x00, 0x00, 0x00,
  0x00, 0x00, 0x00, 0x00, 0x00, 0x00, 0x00, 0x00, 0x00, 0x00, 0x00, 0x00, 0x00, 0x00, 0x00, 0x00,
  0x00, 0x00, 0x00, 0x00, 0x00, 0x00, 0x00, 0x00, 0x00, 0x00, 0x00, 0x00, 0x00, 0x00, 0x00, 0x00,
  0x00, 0x00, 0x00, 0x00, 0x00, 0x00, 0x00, 0x00, 0x00, 0x00, 0x00, 0x00, 0x00, 0x00, 0x00, 0x00,
  0x00, 0x00, 0x00, 0x00, 0x00, 0x00, 0x00, 0x00, 0x00, 0x00, 0x00, 0x00, 0x00, 0x00, 0x00, 0x00,
  0x00, 0x00, 0x00, 0x00, 0x00, 0x00, 0x00, 0x00, 0x00, 0x00, 0x00, 0x00, 0x00, 0x00, 0x00, 0x00,
  0x00, 0x00, 0x00, 0x00, 0x00, 0x00, 0x00, 0x00, 0x00, 0x00, 0x00, 0x00, 0x00, 0x00, 0x00, 0x00,
  0x00, 0x00, 0x00, 0x00, 0x00, 0x00, 0x00, 0x00, 0x00, 0x00, 0x00, 0x00, 0x00, 0x00, 0x00, 0x00,
  0x00, 0x00, 0x00, 0x00, 0x00, 0x00, 0x00, 0x00, 0x00, 0x00, 0x00, 0x00, 0x00, 0x00, 0x00, 0x00,
  0x00, 0x00, 0x00, 0x00, 0x00, 0x00, 0x00, 0x00, 0x00, 0x00, 0x00, 0x00, 0x00, 0x00, 0x00, 0x00,
  0x00, 0x00, 0x00, 0x00, 0x00, 0x00, 0x00, 0x00, 0x00, 0x00, 0x00, 0x00, 0x00, 0x00, 0x00, 0x00,
  0x00, 0x00, 0x00, 0x00, 0x00, 0x00, 0x00, 0x00, 0x00, 0x00, 0x00, 0x00, 0x00, 0x00, 0x00, 0x00,
  0x00, 0x00, 0x00, 0x00, 0x00, 0x00, 0x00, 0x00, 0x00, 0x00, 0x00, 0x00, 0x00, 0x00, 0x00, 0x00,
  0x00, 0x00, 0x00, 0x00, 0x00, 0x00, 0x00, 0x00, 0x00, 0x00, 0x00, 0x00, 0x00, 0x00, 0x00, 0x00,
  0x00, 0x00, 0x00, 0x00, 0x00, 0x00, 0x00, 0x00, 0x00, 0x00, 0x00, 0x00, 0x00, 0x00, 0x00, 0x00,
  0x00, 0x00, 0x00, 0x00, 0x00, 0x00, 0x00, 0x00, 0x00, 0x00, 0x00, 0x00, 0x00, 0x00, 0x00, 0x00,
  0x00, 0x00, 0x00, 0x00, 0x00, 0x00, 0x00, 0x00, 0x00, 0x00, 0x00, 0x00, 0x00, 0x00, 0x00, 0x00,
  0x00, 0x00, 0x00, 0x00, 0x00, 0x00, 0x00, 0x00, 0x00, 0x00, 0x00, 0x00, 0x00, 0x00, 0x00, 0x00,
  0x00, 0x00, 0x00, 0x00, 0x00, 0x00, 0x00, 0x00, 0x00, 0x00, 0x00, 0x00, 0x00, 0x00, 0x00, 0x00,
  0x00, 0x00, 0x00, 0x00, 0x00, 0x00, 0x00, 0x00, 0x00, 0x00, 0x00, 0x00, 0x00, 0x00, 0x00, 0x00,
  0x00, 0x00, 0x00, 0x00, 0x00, 0x00, 0x00, 0x00, 0x00, 0x00, 0x00, 0x00, 0x00, 0x00, 0x00, 0x00,
  0x00, 0x00, 0x00, 0x00, 0x00, 0x00, 0x00, 0x00, 0x00, 0x00, 0x00, 0x00, 0x00, 0x00, 0x00, 0x00,
  0x00, 0x00, 0x00, 0x00, 0x00, 0x00, 0x00, 0x00, 0x00, 0x00, 0x00, 0x00, 0x00, 0x00, 0x00, 0x00,
  0x00, 0x00, 0x00, 0x00, 0x00, 0x00, 0x00, 0x00, 0x00, 0x00, 0x00, 0x00, 0x00, 0x00, 0x00, 0x00,
  0x00, 0x00, 0x00, 0x00, 0x00, 0x00, 0x00, 0x00, 0x00, 0x00, 0x00, 0x00, 0x00, 0x00, 0x00, 0x00,
  0x00, 0x00, 0x00, 0x00, 0x00, 0x00, 0x00, 0x00, 0x00, 0x00, 0x00, 0x00, 0x00, 0x00, 0x00, 0x00,
  0x00, 0x00, 0x00, 0x00, 0x00, 0x00, 0x00, 0x00, 0x00, 0x00, 0x00, 0x00, 0x00, 0x00, 0x00, 0x00,
  0x00, 0x00, 0x00, 0x00, 0x00, 0x00, 0x00, 0x00, 0x00, 0x00, 0x00, 0x00, 0x00, 0x00, 0x00, 0x00,
  0x00, 0x00, 0x00, 0x00, 0x00, 0x00, 0x00, 0x00, 0x00, 0x00, 0x00, 0x00, 0x00, 0x00, 0x00, 0x00,
  0x00, 0x00, 0x00, 0x00, 0x00, 0x00, 0x00, 0x00, 0x00, 0x00, 0x00, 0x00, 0x00, 0x00, 0x00, 0x00,
  0x00, 0x00, 0x00, 0x00, 0x00, 0x00, 0x00, 0x00, 0x00, 0x00, 0x00, 0x00, 0x00, 0x00, 0x00, 0x00,
  0x00, 0x00, 0x00, 0x00, 0x00, 0x00, 0x00, 0x00, 0x00, 0x00, 0x00, 0x00, 0x00, 0x00, 0x00, 0x00,
  0x00, 0x00, 0x00, 0x00, 0x00, 0x00, 0x00, 0x00, 0x00, 0x00, 0x00, 0x00, 0x00, 0x00, 0x00, 0x00,
  0x00, 0x00, 0x00, 0x00, 0x00, 0x00, 0x00, 0x00, 0x00, 0x00, 0x00, 0x00, 0x00, 0x00, 0x00, 0x00,
  0x00, 0x00, 0x00, 0x00, 0x00, 0x00, 0x00, 0x00, 0x00, 0x00, 0x00, 0x00, 0x00, 0x00, 0x00, 0x00,
  0x00, 0x00, 0x00, 0x00, 0x00, 0x00, 0x00, 0x00, 0x00, 0x00, 0x00, 0x00, 0x00, 0x00, 0x00, 0x00,
  0x00, 0x00, 0x00, 0x00, 0x00, 0x00, 0x00, 0x00, 0x00, 0x00, 0x00, 0x00, 0x00, 0x00, 0x00, 0x00,
  0x00, 0x00, 0x00, 0x00, 0x00, 0x00, 0x00, 0x00, 0x00, 0x00, 0x00, 0x00, 0x00, 0x00, 0x00, 0x00,
  0x00, 0x00, 0x00, 0x00, 0x00, 0x00, 0x00, 0x00, 0x00, 0x00, 0x00, 0x00, 0x00, 0x00, 0x00, 0x00,
  0x00, 0x00, 0x00, 0x00, 0x00, 0x00, 0x00, 0x00, 0x00, 0x00, 0x00, 0x00, 0x00, 0x00, 0x00, 0x00,
  0x00, 0x00, 0x00, 0x00, 0x00, 0x00, 0x00, 0x00, 0x00, 0x00, 0x00, 0x00, 0x00, 0x00, 0x00, 0x00,
  0x00, 0x00, 0x00, 0x00, 0x00, 0x00, 0x00, 0x00, 0x00, 0x00, 0x00, 0x00, 0x00, 0x00, 0x00, 0x00,
  0x00, 0x00, 0x00, 0x00, 0x00, 0x00, 0x00, 0x00, 0x00, 0x00, 0x00, 0x00, 0x00, 0x00, 0x00, 0x00,
  0x00, 0x00, 0x00, 0x00, 0x00, 0x00, 0x00, 0x00, 0x00, 0x00, 0x00, 0x00, 0x00, 0x00, 0x00, 0x00,
  0x00, 0x00, 0x00, 0x00, 0x00, 0x00, 0x00, 0x00, 0x00, 0x00, 0x00, 0x00, 0x00, 0x00, 0x00, 0x00,
  0x00, 0x00, 0x00, 0x00, 0x00, 0x00, 0x00, 0x00, 0x00, 0x00, 0x00, 0x00, 0x00, 0x00, 0x00, 0x00,
  0x00, 0x00, 0x00, 0x00, 0x00, 0x00, 0x00, 0x00, 0x00, 0x00, 0x00, 0x00, 0x00, 0x00, 0x00, 0x00,
  0x00, 0x00, 0x00, 0x00, 0x00, 0x00, 0x00, 0x00, 0x00, 0x00, 0x00, 0x00, 0x00, 0x00, 0x00, 0x00,
  0x00, 0x00, 0x00, 0x00, 0x00, 0x00, 0x00, 0x00, 0x00, 0x00, 0x00, 0x00, 0x00, 0x00, 0x00, 0x00,
  0x00, 0x00, 0x00, 0x00, 0x00, 0x00, 0x00, 0x00, 0x00, 0x00, 0x00, 0x00, 0x00, 0x00, 0x00, 0x00,
  0x00, 0x00, 0x00, 0x00, 0x00, 0x00, 0x00, 0x00, 0x00, 0x00, 0x00, 0x00, 0x00, 0x00, 0x00, 0x00,
  0x00, 0x00, 0x00, 0x00, 0x00, 0x00, 0x00, 0x00, 0x00, 0x00, 0x00, 0x00, 0x00, 0x00, 0x00, 0x00,
  0x00, 0x00, 0x00, 0x00, 0x00, 0x00, 0x00, 0x00, 0x00, 0x00, 0x00, 0x00, 0x00, 0x00, 0x00, 0x00,
  0x00, 0x00, 0x00, 0x00, 0x00, 0x00, 0x00, 0x00, 0x00, 0x00, 0x00, 0x00, 0x00, 0x00, 0x00, 0x00,
  0x00, 0x00, 0x00, 0x00, 0x00, 0x00, 0x00, 0x00, 0x00, 0x00, 0x00, 0x00, 0x00, 0x00, 0x00, 0x00,
  0x00, 0x00, 0x00, 0x00, 0x00, 0x00, 0x00, 0x00, 0x00, 0x00, 0x00, 0x00, 0x00, 0x00, 0x00, 0x00,
  0x00, 0x00, 0x00, 0x00, 0x00, 0x00, 0x00, 0x00, 0x00, 0x00, 0x00, 0x00, 0x00, 0x00, 0x00, 0x00,
  0x00, 0x00, 0x00, 0x00, 0x00, 0x00, 0x00, 0x00, 0x00, 0x00, 0x00, 0x00, 0x00, 0x00, 0x00, 0x00,
  0x00, 0x00, 0x00, 0x00, 0x00, 0x00, 0x00, 0x00, 0x00, 0x00, 0x00, 0x00, 0x00, 0x00, 0x00, 0x00,
  0x00, 0x00, 0x00, 0x00, 0x00, 0x00, 0x00, 0x00, 0x00, 0x00, 0x00, 0x00, 0x00, 0x00, 0x00, 0x00,
  0x00, 0x00, 0x00, 0x00, 0x00, 0x00, 0x00, 0x00, 0x00, 0x00, 0x00, 0x00, 0x00, 0x00, 0x00, 0x00,
  0x00, 0x00, 0x00, 0x00, 0x00, 0x00, 0x00, 0x00, 0x00, 0x00, 0x00, 0x00, 0x00, 0x00, 0x00, 0x00,
  0x00, 0x00, 0x00, 0x00, 0x00, 0x00, 0x00, 0x00, 0x00, 0x00, 0x00, 0x00, 0x00, 0x00, 0x00, 0x00,
  0x00, 0x00, 0x00, 0x00, 0x00, 0x00, 0x00, 0x00, 0x00, 0x00, 0x00, 0x00, 0x00, 0x00, 0x00, 0x00,
  0x00, 0x00, 0x00, 0x00, 0x00, 0x00, 0x00, 0x00, 0x00, 0x00, 0x00, 0x00, 0x00, 0x00, 0x00, 0x00,
  0x00, 0x00, 0x00, 0x00, 0x00, 0x00, 0x00, 0x00, 0x00, 0x00, 0x00, 0x00, 0x00, 0x00, 0x00, 0x00,
  0x00, 0x00, 0x00, 0x00, 0x00, 0x00, 0x00, 0x00, 0x00, 0x00, 0x00, 0x00, 0x00, 0x00, 0x00, 0x00,
  0x00, 0x00, 0x00, 0x00, 0x00, 0x00, 0x00, 0x00, 0x00, 0x00, 0x00, 0x00, 0x00, 0x00, 0x00, 0x00,
  0x00, 0x00, 0x00, 0x00, 0x00, 0x00, 0x00, 0x00, 0x00, 0x00, 0x00, 0x00, 0x00, 0x00, 0x00, 0x00,
  0x00, 0x00, 0x00, 0x00, 0x00, 0x00, 0x00, 0x00, 0x00, 0x00, 0x00, 0x00, 0x00, 0x00, 0x00, 0x00,
  0x00, 0x00, 0x00, 0x00, 0x00, 0x00, 0x00, 0x00, 0x00, 0x00, 0x00, 0x00, 0x00, 0x00, 0x00, 0x00,
  0x00, 0x00, 0x00, 0x00, 0x00, 0x00, 0x00, 0x00, 0x00, 0x00, 0x00, 0x00, 0x00, 0x00, 0x00, 0x00,
  0x00, 0x00, 0x00, 0x00, 0x00, 0x00, 0x00, 0x00, 0x00, 0x00, 0x00, 0x00, 0x00, 0x00, 0x00, 0x00,
  0x00, 0x00, 0x00, 0x00, 0x00, 0x00, 0x00, 0x00, 0x00, 0x00, 0x00, 0x00, 0x00, 0x00, 0x00, 0x00,
  0x00, 0x00, 0x00, 0x00, 0x00, 0x00, 0x00, 0x00, 0x00, 0x00, 0x00, 0x00, 0x00, 0x00, 0x00, 0x00,
  0x00, 0x00, 0x00, 0x00, 0x00, 0x00, 0x00, 0x00, 0x00, 0x00, 0x00, 0x00, 0x00, 0x00, 0x00, 0x00,
  0x00, 0x00, 0x00, 0x00, 0x00, 0x00, 0x00, 0x00, 0x00, 0x00, 0x00, 0x00, 0x00, 0x00, 0x00, 0x00,
  0x00, 0x00, 0x00, 0x00, 0x00, 0x00, 0x00, 0x00, 0x00, 0x00, 0x00, 0x00, 0x00, 0x00, 0x00, 0x00,
  0x00, 0x00, 0x00, 0x00, 0x00, 0x00, 0x00, 0x00, 0x00, 0x00, 0x00, 0x00, 0x00, 0x00, 0x00, 0x00,
  0x00, 0x00, 0x00, 0x00, 0x00, 0x00, 0x00, 0x00, 0x00, 0x00, 0x00, 0x00, 0x00, 0x00, 0x00, 0x00,
  0x00, 0x00, 0x00, 0x00, 0x00, 0x00, 0x00, 0x00, 0x00, 0x00, 0x00, 0x00, 0x00, 0x00, 0x00, 0x00,
  0x00, 0x00, 0x00, 0x00, 0x00, 0x00, 0x00, 0x00, 0x00, 0x00, 0x00, 0x00, 0x00, 0x00, 0x00, 0x00,
  0x00, 0x00, 0x00, 0x00, 0x00, 0x00, 0x00, 0x00, 0x00, 0x00, 0x00, 0x00, 0x00, 0x00, 0x00, 0x00,
  0x00, 0x00, 0x00, 0x00, 0x00, 0x00, 0x00, 0x00, 0x00, 0x00, 0x00, 0x00, 0x00, 0x00, 0x00, 0x00,
  0x00, 0x00, 0x00, 0x00, 0x00, 0x00, 0x00, 0x00, 0x00, 0x00, 0x00, 0x00, 0x00, 0x00, 0x00, 0x00,
  0x00, 0x00, 0x00, 0x00, 0x00, 0x00, 0x00, 0x00, 0x00, 0x00, 0x00, 0x00, 0x00, 0x00, 0x00, 0x00,
  0x00, 0x00, 0x00, 0x00, 0x00, 0x00, 0x00, 0x00, 0x00, 0x00, 0x00, 0x00, 0x00, 0x00, 0x00, 0x00,
  0x00, 0x00, 0x00, 0x00, 0x00, 0x00, 0x00, 0x00, 0x00, 0x00, 0x00, 0x00, 0x00, 0x00, 0x00, 0x00,
  0x00, 0x00, 0x00, 0x00, 0x00, 0x00, 0x00, 0x00, 0x00, 0x00, 0x00, 0x00, 0x00, 0x00, 0x00, 0x00,
  0x00, 0x00, 0x00, 0x00, 0x00, 0x00, 0x00, 0x00, 0x00, 0x00, 0x00, 0x00, 0x00, 0x00, 0x00, 0x00,
  0x00, 0x00, 0x00, 0x00, 0x00, 0x00, 0x00, 0x00, 0x00, 0x00, 0x00, 0x00, 0x00, 0x00, 0x00, 0x00,
  0x00, 0x00, 0x00, 0x00, 0x00, 0x00, 0x00, 0x00, 0x00, 0x00, 0x00, 0x00, 0x00, 0x00, 0x00, 0x00,
  0x00, 0x00, 0x00, 0x00, 0x00, 0x00, 0x00, 0x00, 0x00, 0x00, 0x00, 0x00, 0x00, 0x00, 0x00, 0x00,
  0x00, 0x00, 0x00, 0x00, 0x00, 0x00, 0x00, 0x00, 0x00, 0x00, 0x00, 0x00, 0x00, 0x00, 0x00, 0x00,
  0x00, 0x00, 0x00, 0x00, 0x00, 0x00, 0x00, 0x00, 0x00, 0x00, 0x00, 0x00, 0x00, 0x00, 0x00, 0x00,
  0x00, 0x00, 0x00, 0x00, 0x00, 0x00, 0x00, 0x00, 0x00, 0x00, 0x00, 0x00, 0x00, 0x00, 0x00, 0x00,
  0x00, 0x00, 0x00, 0x00, 0x00, 0x00, 0x00, 0x00, 0x00, 0x00, 0x00, 0x00, 0x00, 0x00, 0x00, 0x00,
  0x00, 0x00, 0x00, 0x00, 0x00, 0x00, 0x00, 0x00, 0x00, 0x00, 0x00, 0x00, 0x00, 0x00, 0x00, 0x00,
  0x00, 0x00, 0x00, 0x00, 0x00, 0x00, 0x00, 0x00, 0x00, 0x00, 0x00, 0x00, 0x00, 0x00, 0x00, 0x00,
  0x00, 0x00, 0x00, 0x00, 0x00, 0x00, 0x00, 0x00, 0x00, 0x00, 0x00, 0x00, 0x00, 0x00, 0x00, 0x00,
  0x00, 0x00, 0x00, 0x00, 0x00, 0x00, 0x00, 0x00, 0x00, 0x00, 0x00, 0x00, 0x00, 0x00, 0x00, 0x00,
  0x00, 0x00, 0x00, 0x00, 0x00, 0x00, 0x00, 0x00, 0x00, 0x00, 0x00, 0x00, 0x00, 0x00, 0x00, 0x00,
  0x00, 0x00, 0x00, 0x00, 0x00, 0x00, 0x00, 0x00, 0x00, 0x00, 0x00, 0x00, 0x00, 0x00, 0x00, 0x00,
  0x00, 0x00, 0x00, 0x00, 0x00, 0x00, 0x00, 0x00, 0x00, 0x00, 0x00, 0x00, 0x00, 0x00, 0x00, 0x00,
  0x00, 0x00, 0x00, 0x00, 0x00, 0x00, 0x00, 0x00, 0x00, 0x00, 0x00, 0x00, 0x00, 0x00, 0x00, 0x00,
  0x00, 0x00, 0x00, 0x00, 0x00, 0x00, 0x00, 0x00, 0x00, 0x00, 0x00, 0x00, 0x00, 0x00, 0x00, 0x00,
  0x00, 0x00, 0x00, 0x00, 0x00, 0x00, 0x00, 0x00, 0x00, 0x00, 0x00, 0x00, 0x00, 0x00, 0x00, 0x00,
  0x00, 0x00, 0x00, 0x00, 0x00, 0x00, 0x00, 0x00, 0x00, 0x00, 0x00, 0x00, 0x00, 0x00, 0x00, 0x00,
  0x00, 0x00, 0x00, 0x00, 0x00, 0x00, 0x00, 0x00, 0x00, 0x00, 0x00, 0x00, 0x00, 0x00, 0x00, 0x00,
  0x00, 0x00, 0x00, 0x00, 0x00, 0x00, 0x00, 0x00, 0x00, 0x00, 0x00, 0x00, 0x00, 0x00, 0x00, 0x00,
  0x00, 0x00, 0x00, 0x00, 0x00, 0x00, 0x00, 0x00, 0x00, 0x00, 0x00, 0x00, 0x00, 0x00, 0x00, 0x00,
  0x00, 0x00, 0x00, 0x00, 0x00, 0x00, 0x00, 0x00, 0x00, 0x00, 0x00, 0x00, 0x00, 0x00, 0x00, 0x00,
  0x00, 0x00, 0x00, 0x00, 0x00, 0x00, 0x00, 0x00, 0x00, 0x00, 0x00, 0x00, 0x00, 0x00, 0x00, 0x00,
  0x00, 0x00, 0x00, 0x00, 0x00, 0x00, 0x00, 0x00, 0x00, 0x00, 0x00, 0x00, 0x00, 0x00, 0x00, 0x00,
  0x00, 0x00, 0x00, 0x00, 0x00, 0x00, 0x00, 0x00, 0x00, 0x00, 0x00, 0x00, 0x00, 0x00, 0x00, 0x00,
  0x00, 0x00, 0x00, 0x00, 0x00, 0x00, 0x00, 0x00, 0x00, 0x00, 0x00, 0x00, 0x00, 0x00, 0x00, 0x00,
  0x00, 0x00, 0x00, 0x00, 0x00, 0x00, 0x00, 0x00, 0x00, 0x00, 0x00, 0x00, 0x00, 0x00, 0x00, 0x00,
  0x00, 0x00, 0x00, 0x00, 0x00, 0x00, 0x00, 0x00, 0x00, 0x00, 0x00, 0x00, 0x00, 0x00, 0x00, 0x00,
  0x00, 0x00, 0x00, 0x00, 0x00, 0x00, 0x00, 0x00, 0x00, 0x00, 0x00, 0x00, 0x00, 0x00, 0x00, 0x00,
  0x00, 0x00, 0x00, 0x00, 0x00, 0x00, 0x00, 0x00, 0x00, 0x00, 0x00, 0x00, 0x00, 0x00, 0x00, 0x00,
  0x00, 0x00, 0x00, 0x00, 0x00, 0x00, 0x00, 0x00, 0x00, 0x00, 0x00, 0x00, 0x00, 0x00, 0x00, 0x00,
  0x00, 0x00, 0x00, 0x00, 0x00, 0x00, 0x00, 0x00, 0x00, 0x00, 0x00, 0x00, 0x00, 0x00, 0x00, 0x00,
  0x00, 0x00, 0x00, 0x00, 0x00, 0x00, 0x00, 0x00, 0x00, 0x00, 0x00, 0x00, 0x00, 0x00, 0x00, 0x00,
  0x00, 0x00, 0x00, 0x00, 0x00, 0x00, 0x00, 0x00, 0x00, 0x00, 0x00, 0x00, 0x00, 0x00, 0x00, 0x00,
  0x00, 0x00, 0x00, 0x00, 0x00, 0x00, 0x00, 0x00, 0x00, 0x00, 0x00, 0x00, 0x00, 0x00, 0x00, 0x00,
  0x00, 0x00, 0x00, 0x00, 0x00, 0x00, 0x00, 0x00, 0x00, 0x00, 0x00, 0x00, 0x00, 0x00, 0x00, 0x00,
  0x00, 0x00, 0x00, 0x00, 0x00, 0x00, 0x00, 0x00, 0x00, 0x00, 0x00, 0x00, 0x00, 0x00, 0x00, 0x00,
  0x00, 0x00, 0x00, 0x00, 0x00, 0x00, 0x00, 0x00, 0x00, 0x00, 0x00, 0x00, 0x00, 0x00, 0x00, 0x00,
  0x00, 0x00, 0x00, 0x00, 0x00, 0x00, 0x00, 0x00, 0x00, 0x00, 0x00, 0x00, 0x00, 0x00, 0x00, 0x00,
  0x00, 0x00, 0x00, 0x00, 0x00, 0x00, 0x00, 0x00, 0x00, 0x00, 0x00, 0x00, 0x00, 0x00, 0x00, 0x00,
  0x00, 0x00, 0x00, 0x00, 0x00, 0x00, 0x00, 0x00, 0x00, 0x00, 0x00, 0x00, 0x00, 0x00, 0x00, 0x00,
  0x00, 0x00, 0x00, 0x00, 0x00, 0x00, 0x00, 0x00, 0x00, 0x00, 0x00, 0x00, 0x00, 0x00, 0x00, 0x00,
  0x00, 0x00, 0x00, 0x00, 0x00, 0x00, 0x00, 0x00, 0x00, 0x00, 0x00, 0x00, 0x00, 0x00, 0x00, 0x00,
  0x00, 0x00, 0x00, 0x00, 0x00, 0x00, 0x00, 0x00, 0x00, 0x00, 0x00, 0x00, 0x00, 0x00, 0x00, 0x00,
  0x00, 0x00, 0x00, 0x00, 0x00, 0x00, 0x00, 0x00, 0x00, 0x00, 0x00, 0x00, 0x00, 0x00, 0x00, 0x00,
  0x00, 0x00, 0x00, 0x00, 0x00, 0x00, 0x00, 0x00, 0x00, 0x00, 0x00, 0x00, 0x00, 0x00, 0x00, 0x00,
  0x00, 0x00, 0x00, 0x00, 0x00, 0x00, 0x00, 0x00, 0x00, 0x00, 0x00, 0x00, 0x00, 0x00, 0x00, 0x00,
  0x00, 0x00, 0x00, 0x00, 0x00, 0x00, 0x00, 0x00, 0x00, 0x00, 0x00, 0x00, 0x00, 0x00, 0x00, 0x00,
  0x00, 0x00, 0x00, 0x00, 0x00, 0x00, 0x00, 0x00, 0x00, 0x00, 0x00, 0x00, 0x00, 0x00, 0x00, 0x00,
  0x00, 0x00, 0x00, 0x00, 0x00, 0x00, 0x00, 0x00, 0x00, 0x00, 0x00, 0x00, 0x00, 0x00, 0x00, 0x00,
  0x00, 0x00, 0x00, 0x00, 0x00, 0x00, 0x00, 0x00, 0x00, 0x00, 0x00, 0x00, 0x00, 0x00, 0x00, 0x00,
  0x00, 0x00, 0x00, 0x00, 0x00, 0x00, 0x00, 0x00, 0x00, 0x00, 0x00, 0x00, 0x00, 0x00, 0x00, 0x00,
  0x00, 0x00, 0x00, 0x00, 0x00, 0x00, 0x00, 0x00, 0x00, 0x00, 0x00, 0x00, 0x00, 0x00, 0x00, 0x00,
  0x00, 0x00, 0x00, 0x00, 0x00, 0x00, 0x00, 0x00, 0x00, 0x00, 0x00, 0x00, 0x00, 0x00, 0x00, 0x00,
  0x00, 0x00, 0x00, 0x00, 0x00, 0x00, 0x00, 0x00, 0x00, 0x00, 0x00, 0x00, 0x00, 0x00, 0x00, 0x00,
  0x00, 0x00, 0x00, 0x00, 0x00, 0x00, 0x00, 0x00, 0x00, 0x00, 0x00, 0x00, 0x00, 0x00, 0x00, 0x00,
  0x00, 0x00, 0x00, 0x00, 0x00, 0x00, 0x00, 0x00, 0x00, 0x00, 0x00, 0x00, 0x00, 0x00, 0x00, 0x00,
  0x00, 0x00, 0x00, 0x00, 0x00, 0x00, 0x00, 0x00, 0x00, 0x00, 0x00, 0x00, 0x00, 0x00, 0x00, 0x00,
  0x00, 0x00, 0x00, 0x00, 0x00, 0x00, 0x00, 0x00, 0x00, 0x00, 0x00, 0x00, 0x00, 0x00, 0x00, 0x00,
  0x00, 0x00, 0x00, 0x00, 0x00, 0x00, 0x00, 0x00, 0x00, 0x00, 0x00, 0x00, 0x00, 0x00, 0x00, 0x00,
  0x00, 0x00, 0x00, 0x00, 0x00, 0x00, 0x00, 0x00, 0x00, 0x00, 0x00, 0x00, 0x00, 0x00, 0x00, 0x00,
  0x00, 0x00, 0x00, 0x00, 0x00, 0x00, 0x00, 0x00, 0x00, 0x00, 0x00, 0x00, 0x00, 0x00, 0x00, 0x00,
  0x00, 0x00, 0x00, 0x00, 0x00, 0x00, 0x00, 0x00, 0x00, 0x00, 0x00, 0x00, 0x00, 0x00, 0x00, 0x00,
  0x00, 0x00, 0x00, 0x00, 0x00, 0x00, 0x00, 0x00, 0x00, 0x00, 0x00, 0x00, 0x00, 0x00, 0x00, 0x00,
  0x00, 0x00, 0x00, 0x00, 0x00, 0x00, 0x00, 0x00, 0x00, 0x00, 0x00, 0x00, 0x00, 0x00, 0x00, 0x00,
  0x00, 0x00, 0x00, 0x00, 0x00, 0x00, 0x00, 0x00, 0x00, 0x00, 0x00, 0x00, 0x00, 0x00, 0x00, 0x00,
  0x00, 0x00, 0x00, 0x00, 0x00, 0x00, 0x00, 0x00, 0x00, 0x00, 0x00, 0x00, 0x00, 0x00, 0x00, 0x00,
  0x00, 0x00, 0x00, 0x00, 0x00, 0x00, 0x00, 0x00, 0x00, 0x00, 0x00, 0x00, 0x00, 0x00, 0x00, 0x00,
  0x00, 0x00, 0x00, 0x00, 0x00, 0x00, 0x00, 0x00, 0x00, 0x00, 0x00, 0x00, 0x00, 0x00, 0x00, 0x00,
  0x00, 0x00, 0x00, 0x00, 0x00, 0x00, 0x00, 0x00, 0x00, 0x00, 0x00, 0x00, 0x00, 0x00, 0x00, 0x00,
  0x00, 0x00, 0x00, 0x00, 0x00, 0x00, 0x00, 0x00, 0x00, 0x00, 0x00, 0x00, 0x00, 0x00, 0x00, 0x00,
  0x00, 0x00, 0x00, 0x00, 0x00, 0x00, 0x00, 0x00, 0x00, 0x00, 0x00, 0x00, 0x00, 0x00, 0x00, 0x00,
  0x00, 0x00, 0x00, 0x00, 0x00, 0x00, 0x00, 0x00, 0x00, 0x00, 0x00, 0x00, 0x00, 0x00, 0x00, 0x00,
  0x00, 0x00, 0x00, 0x00, 0x00, 0x00, 0x00, 0x00, 0x00, 0x00, 0x00, 0x00, 0x00, 0x00, 0x00, 0x00,
  0x00, 0x00, 0x00, 0x00, 0x00, 0x00, 0x00, 0x00, 0x00, 0x00, 0x00, 0x00, 0x00, 0x00, 0x00, 0x00,
  0x00, 0x00, 0x00, 0x00, 0x00, 0x00, 0x00, 0x00, 0x00, 0x00, 0x00, 0x00, 0x00, 0x00, 0x00, 0x00,
  0x00, 0x00, 0x00, 0x00, 0x00, 0x00, 0x00, 0x00, 0x00, 0x00, 0x00, 0x00, 0x00, 0x00, 0x00, 0x00,
  0x00, 0x00, 0x00, 0x00, 0x00, 0x00, 0x00, 0x00, 0x00, 0x00, 0x00, 0x00, 0x00, 0x00, 0x00, 0x00,
  0x00, 0x00, 0x00, 0x00, 0x00, 0x00, 0x00, 0x00, 0x00, 0x00, 0x00, 0x00, 0x00, 0x00, 0x00, 0x00,
  0x00, 0x00, 0x00, 0x00, 0x00, 0x00, 0x00, 0x00, 0x00, 0x00, 0x00, 0x00, 0x00, 0x00, 0x00, 0x00,
  0x00, 0x00, 0x00, 0x00, 0x00, 0x00, 0x00, 0x00, 0x00, 0x00, 0x00, 0x00, 0x00, 0x00, 0x00, 0x00,
  0x00, 0x00, 0x00, 0x00, 0x00, 0x00, 0x00, 0x00, 0x00, 0x00, 0x00, 0x00, 0x00, 0x00, 0x00, 0x00,
  0x00, 0x00, 0x00, 0x00, 0x00, 0x00, 0x00, 0x00, 0x00, 0x00, 0x00, 0x00, 0x00, 0x00, 0x00, 0x00,
  0x00, 0x00, 0x00, 0x00, 0x00, 0x00, 0x00, 0x00, 0x00, 0x00, 0x00, 0x00, 0x00, 0x00, 0x00, 0x00,
  0x00, 0x00, 0x00, 0x00, 0x00, 0x00, 0x00, 0x00, 0x00, 0x00, 0x00, 0x00, 0x00, 0x00, 0x00, 0x00,
  0x00, 0x00, 0x00, 0x00, 0x00, 0x00, 0x00, 0x00, 0x00, 0x00, 0x00, 0x00, 0x00, 0x00, 0x00, 0x00,
  0x00, 0x00, 0x00, 0x00, 0x00, 0x00, 0x00, 0x00, 0x00, 0x00, 0x00, 0x00, 0x00, 0x00, 0x00, 0x00,
  0x00, 0x00, 0x00, 0x00, 0x00, 0x00, 0x00, 0x00, 0x00, 0x00, 0x00, 0x00, 0x00, 0x00, 0x00, 0x00,
  0x00, 0x00, 0x00, 0x00, 0x00, 0x00, 0x00, 0x00, 0x00, 0x00, 0x00, 0x00, 0x00, 0x00, 0x00, 0x00,
  0x00, 0x00, 0x00, 0x00, 0x00, 0x00, 0x00, 0x00, 0x00, 0x00, 0x00, 0x00, 0x00, 0x00, 0x00, 0x00,
  0x00, 0x00, 0x00, 0x00, 0x00, 0x00, 0x00, 0x00, 0x00, 0x00, 0x00, 0x00, 0x00, 0x00, 0x00, 0x00,
  0x00, 0x00, 0x00, 0x00, 0x00, 0x00, 0x00, 0x00, 0x00, 0x00, 0x00, 0x00, 0x00, 0x00, 0x00, 0x00,
  0x00, 0x00, 0x00, 0x00, 0x00, 0x00, 0x00, 0x00, 0x00, 0x00, 0x00, 0x00, 0x00, 0x00, 0x00, 0x00,
  0x00, 0x00, 0x00, 0x00, 0x00, 0x00, 0x00, 0x00, 0x00, 0x00, 0x00, 0x00, 0x00, 0x00, 0x00, 0x00,
  0x00, 0x00, 0x00, 0x00, 0x00, 0x00, 0x00, 0x00, 0x00, 0x00, 0x00, 0x00, 0x00, 0x00, 0x00, 0x00,
  0x00, 0x00, 0x00, 0x00, 0x00, 0x00, 0x00, 0x00, 0x00, 0x00, 0x00, 0x00, 0x00, 0x00, 0x00, 0x00,
  0x00, 0x00, 0x00, 0x00, 0x00, 0x00, 0x00, 0x00, 0x00, 0x00, 0x00, 0x00, 0x00, 0x00, 0x00, 0x00,
  0x00, 0x00, 0x00, 0x00, 0x00, 0x00, 0x00, 0x00, 0x00, 0x00, 0x00, 0x00, 0x00, 0x00, 0x00, 0x00,
  0x00, 0x00, 0x00, 0x00, 0x00, 0x00, 0x00, 0x00, 0x00, 0x00, 0x00, 0x00, 0x00, 0x00, 0x00, 0x00,
  0x00, 0x00, 0x00, 0x00, 0x00, 0x00, 0x00, 0x00, 0x00, 0x00, 0x00, 0x00, 0x00, 0x00, 0x00, 0x00,
  0x00, 0x00, 0x00, 0x00, 0x00, 0x00, 0x00, 0x00, 0x00, 0x00, 0x00, 0x00, 0x00, 0x00, 0x00, 0x00,
  0x00, 0x00, 0x00, 0x00, 0x00, 0x00, 0x00, 0x00, 0x00, 0x00, 0x00, 0x00, 0x00, 0x00, 0x00, 0x00,
  0x00, 0x00, 0x00, 0x00, 0x00, 0x00, 0x00, 0x00, 0x00, 0x00, 0x00, 0x00, 0x00, 0x00, 0x00, 0x00,
  0x00, 0x00, 0x00, 0x00, 0x00, 0x00, 0x00, 0x00, 0x00, 0x00, 0x00, 0x00, 0x00, 0x00, 0x00, 0x00,
  0x00, 0x00, 0x00, 0x00, 0x00, 0x00, 0x00, 0x00, 0x00, 0x00, 0x00, 0x00, 0x00, 0x00, 0x00, 0x00,
  0x00, 0x00, 0x00, 0x00, 0x00, 0x00, 0x00, 0x00, 0x00, 0x00, 0x00, 0x00, 0x00, 0x00, 0x00, 0x00,
  0x00, 0x00, 0x00, 0x00, 0x00, 0x00, 0x00, 0x00, 0x00, 0x00, 0x00, 0x00, 0x00, 0x00, 0x00, 0x00,
  0x00, 0x00, 0x00, 0x00, 0x00, 0x00, 0x00, 0x00, 0x00, 0x00, 0x00, 0x00, 0x00, 0x00, 0x00, 0x00,
  0x00, 0x00, 0x00, 0x00, 0x00, 0x00, 0x00, 0x00, 0x00, 0x00, 0x00, 0x00, 0x00, 0x00, 0x00, 0x00,
  0x00, 0x00, 0x00, 0x00, 0x00, 0x00, 0x00, 0x00, 0x00, 0x00, 0x00, 0x00, 0x00, 0x00, 0x00, 0x00,
  0x00, 0x00, 0x00, 0x00, 0x00, 0x00, 0x00, 0x00, 0x00, 0x00, 0x00, 0x00, 0x00, 0x00, 0x00, 0x00,
  0x00, 0x00, 0x00, 0x00, 0x00, 0x00, 0x00, 0x00, 0x00, 0x00, 0x00, 0x00, 0x00, 0x00, 0x00, 0x00,
  0x00, 0x00, 0x00, 0x00, 0x00, 0x00, 0x00, 0x00, 0x00, 0x00, 0x00, 0x00, 0x00, 0x00, 0x00, 0x00,
  0x00, 0x00, 0x00, 0x00, 0x00, 0x00, 0x00, 0x00, 0x00, 0x00, 0x00, 0x00, 0x00, 0x00, 0x00, 0x00,
  0x00, 0x00, 0x00, 0x00, 0x00, 0x00, 0x00, 0x00, 0x00, 0x00, 0x00, 0x00, 0x00, 0x00, 0x00, 0x00,
  0x00, 0x00, 0x00, 0x00, 0x00, 0x00, 0x00, 0x00, 0x00, 0x00, 0x00, 0x00, 0x00, 0x00, 0x00, 0x00,
  0x00, 0x00, 0x00, 0x00, 0x00, 0x00, 0x00, 0x00, 0x00, 0x00, 0x00, 0x00, 0x00, 0x00, 0x00, 0x00,
  0x00, 0x00, 0x00, 0x00, 0x00, 0x00, 0x00, 0x00, 0x00, 0x00, 0x00, 0x00, 0x00, 0x00, 0x00, 0x00,
  0x00, 0x00, 0x00, 0x00, 0x00, 0x00, 0x00, 0x00, 0x00, 0x00, 0x00, 0x00, 0x00, 0x00, 0x00, 0x00,
  0x00, 0x00, 0x00, 0x00, 0x00, 0x00, 0x00, 0x00, 0x00, 0x00, 0x00, 0x00, 0x00, 0x00, 0x00, 0x00,
  0x00, 0x00, 0x00, 0x00, 0x00, 0x00, 0x00, 0x00, 0x00, 0x00, 0x00, 0x00, 0x00, 0x00, 0x00, 0x00,
  0x00, 0x00, 0x00, 0x00, 0x00, 0x00, 0x00, 0x00, 0x00, 0x00, 0x00, 0x00, 0x00, 0x00, 0x00, 0x00,
  0x00, 0x00, 0x00, 0x00, 0x00, 0x00, 0x00, 0x00, 0x00, 0x00, 0x00, 0x00, 0x00, 0x00, 0x00, 0x00,
  0x00, 0x00, 0x00, 0x00, 0x00, 0x00, 0x00, 0x00, 0x00, 0x00, 0x00, 0x00, 0x00, 0x00, 0x00, 0x00,
  0x00, 0x00, 0x00, 0x00, 0x00, 0x00, 0x00, 0x00, 0x00, 0x00, 0x00, 0x00, 0x00, 0x00, 0x00, 0x00,
  0x00, 0x00, 0x00, 0x00, 0x00, 0x00, 0x00, 0x00, 0x00, 0x00, 0x00, 0x00, 0x00, 0x00, 0x00, 0x00,
  0x00, 0x00, 0x00, 0x00, 0x00, 0x00, 0x00, 0x00, 0x00, 0x00, 0x00, 0x00, 0x00, 0x00, 0x00, 0x00,
  0x00, 0x00, 0x00, 0x00, 0x00, 0x00, 0x00, 0x00, 0x00, 0x00, 0x00, 0x00, 0x00, 0x00, 0x00, 0x00,
  0x00, 0x00, 0x00, 0x00, 0x00, 0x00, 0x00, 0x00, 0x00, 0x00, 0x00, 0x00, 0x00, 0x00, 0x00, 0x00,
  0x00, 0x00, 0x00, 0x00, 0x00, 0x00, 0x00, 0x00, 0x00, 0x00, 0x00, 0x00, 0x00, 0x00, 0x00, 0x00,
  0x00, 0x00, 0x00, 0x00, 0x00, 0x00, 0x00, 0x00, 0x00, 0x00, 0x00, 0x00, 0x00, 0x00, 0x00, 0x00,
  0x00, 0x00, 0x00, 0x00, 0x00, 0x00, 0x00, 0x00, 0x00, 0x00, 0x00, 0x00, 0x00, 0x00, 0x00, 0x00,
  0x00, 0x00, 0x00, 0x00, 0x00, 0x00, 0x00, 0x00, 0x00, 0x00, 0x00, 0x00, 0x00, 0x00, 0x00, 0x00,
  0x00, 0x00, 0x00, 0x00, 0x00, 0x00, 0x00, 0x00, 0x00, 0x00, 0x00, 0x00, 0x00, 0x00, 0x00, 0x00,
  0x00, 0x00, 0x00, 0x00, 0x00, 0x00, 0x00, 0x00, 0x00, 0x00, 0x00, 0x00, 0x00, 0x00, 0x00, 0x00,
  0x00, 0x00, 0x00, 0x00, 0x00, 0x00, 0x00, 0x00, 0x00, 0x00, 0x00, 0x00, 0x00, 0x00, 0x00, 0x00,
  0x00, 0x00, 0x00, 0x00, 0x00, 0x00, 0x00, 0x00, 0x00, 0x00, 0x00, 0x00, 0x00, 0x00, 0x00, 0x00,
  0x00, 0x00, 0x00, 0x00, 0x00, 0x00, 0x00, 0x00, 0x00, 0x00, 0x00, 0x00, 0x00, 0x00, 0x00, 0x00,
  0x00, 0x00, 0x00, 0x00, 0x00, 0x00, 0x00, 0x00, 0x00, 0x00, 0x00, 0x00, 0x00, 0x00, 0x00, 0x00,
  0x00, 0x00, 0x00, 0x00, 0x00, 0x00, 0x00, 0x00, 0x00, 0x00, 0x00, 0x00, 0x00, 0x00, 0x00, 0x00,
  0x00, 0x00, 0x00, 0x00, 0x00, 0x00, 0x00, 0x00, 0x00, 0x00, 0x00, 0x00, 0x00, 0x00, 0x00, 0x00,
  0x00, 0x00, 0x00, 0x00, 0x00, 0x00, 0x00, 0x00, 0x00, 0x00, 0x00, 0x00, 0x00, 0x00, 0x00, 0x00,
  0x00, 0x00, 0x00, 0x00, 0x00, 0x00, 0x00, 0x00, 0x00, 0x00, 0x00, 0x00, 0x00, 0x00, 0x00, 0x00,
  0x00, 0x00, 0x00, 0x00, 0x00, 0x00, 0x00, 0x00, 0x00, 0x00, 0x00, 0x00, 0x00, 0x00, 0x00, 0x00,
  0x00, 0x00, 0x00, 0x00, 0x00, 0x00, 0x00, 0x00, 0x00, 0x00, 0x00, 0x00, 0x00, 0x00, 0x00, 0x00,
  0x00, 0x00, 0x00, 0x00, 0x00, 0x00, 0x00, 0x00, 0x00, 0x00, 0x00, 0x00, 0x00, 0x00, 0x00, 0x00,
  0x00, 0x00, 0x00, 0x00, 0x00, 0x00, 0x00, 0x00, 0x00, 0x00, 0x00, 0x00, 0x00, 0x00, 0x00, 0x00,
  0x00, 0x00, 0x00, 0x00, 0x00, 0x00, 0x00, 0x00, 0x00, 0x00, 0x00, 0x00, 0x00, 0x00, 0x00, 0x00,
  0x00, 0x00, 0x00, 0x00, 0x00, 0x00, 0x00, 0x00, 0x00, 0x00, 0x00, 0x00, 0x00, 0x00, 0x00, 0x00,
  0x00, 0x00, 0x00, 0x00, 0x00, 0x00, 0x00, 0x00, 0x00, 0x00, 0x00, 0x00, 0x00, 0x00, 0x00, 0x00,
  0x00, 0x00, 0x00, 0x00, 0x00, 0x00, 0x00, 0x00, 0x00, 0x00, 0x00, 0x00, 0x00, 0x00, 0x00, 0x00,
  0x00, 0x00, 0x00, 0x00, 0x00, 0x00, 0x00, 0x00, 0x00, 0x00, 0x00, 0x00, 0x00, 0x00, 0x00, 0x00,
  0x00, 0x00, 0x00, 0x00, 0x00, 0x00, 0x00, 0x00, 0x00, 0x00, 0x00, 0x00, 0x00, 0x00, 0x00, 0x00,
  0x00, 0x00, 0x00, 0x00, 0x00, 0x00, 0x00, 0x00, 0x00, 0x00, 0x00, 0x00, 0x00, 0x00, 0x00, 0x00,
  0x00, 0x00, 0x00, 0x00, 0x00, 0x00, 0x00, 0x00, 0x00, 0x00, 0x00, 0x00, 0x00, 0x00, 0x00, 0x00,
  0x00, 0x00, 0x00, 0x00, 0x00, 0x00, 0x00, 0x00, 0x00, 0x00, 0x00, 0x00, 0x00, 0x00, 0x00, 0x00,
  0x00, 0x00, 0x00, 0x00, 0x00, 0x00, 0x00, 0x00, 0x00, 0x00, 0x00, 0x00, 0x00, 0x00, 0x00, 0x00,
  0x00, 0x00, 0x00, 0x00, 0x00, 0x00, 0x00, 0x00, 0x00, 0x00, 0x00, 0x00, 0x00, 0x00, 0x00, 0x00,
  0x00, 0x00, 0x00, 0x00, 0x00, 0x00, 0x00, 0x00, 0x00, 0x00, 0x00, 0x00, 0x00, 0x00, 0x00, 0x00,
  0x00, 0x00, 0x00, 0x00, 0x00, 0x00, 0x00, 0x00, 0x00, 0x00, 0x00, 0x00, 0x00, 0x00, 0x00, 0x00,
  0x00, 0x00, 0x00, 0x00, 0x00, 0x00, 0x00, 0x00, 0x00, 0x00, 0x00, 0x00, 0x00, 0x00, 0x00, 0x00,
  0x00, 0x00, 0x00, 0x00, 0x00, 0x00, 0x00, 0x00, 0x00, 0x00, 0x00, 0x00, 0x00, 0x00, 0x00, 0x00,
  0x00, 0x00, 0x00, 0x00, 0x00, 0x00, 0x00, 0x00, 0x00, 0x00, 0x00, 0x00, 0x00, 0x00, 0x00, 0x00,
  0x00, 0x00, 0x00, 0x00, 0x00, 0x00, 0x00, 0x00, 0x00, 0x00, 0x00, 0x00, 0x00, 0x00, 0x00, 0x00,
  0x00, 0x00, 0x00, 0x00, 0x00, 0x00, 0x00, 0x00, 0x00, 0x00, 0x00, 0x00, 0x00, 0x00, 0x00, 0x00,
  0x00, 0x00, 0x00, 0x00, 0x00, 0x00, 0x00, 0x00, 0x00, 0x00, 0x00, 0x00, 0x00, 0x00, 0x00, 0x00,
  0x00, 0x00, 0x00, 0x00, 0x00, 0x00, 0x00, 0x00, 0x00, 0x00, 0x00, 0x00, 0x00, 0x00, 0x00, 0x00,
  0x00, 0x00, 0x00, 0x00, 0x00, 0x00, 0x00, 0x00, 0x00, 0x00, 0x00, 0x00, 0x00, 0x00, 0x00, 0x00,
  0x00, 0x00, 0x00, 0x00, 0x00, 0x00, 0x00, 0x00, 0x00, 0x00, 0x00, 0x00, 0x00, 0x00, 0x00, 0x00,
  0x00, 0x00, 0x00, 0x00, 0x00, 0x00, 0x00, 0x00, 0x00, 0x00, 0x00, 0x00, 0x00, 0x00, 0x00, 0x00,
  0x00, 0x00, 0x00, 0x00, 0x00, 0x00, 0x00, 0x00, 0x00, 0x00, 0x00, 0x00, 0x00, 0x00, 0x00, 0x00,
  0x00, 0x00, 0x00, 0x00, 0x00, 0x00, 0x00, 0x00, 0x00, 0x00, 0x00, 0x00, 0x00, 0x00, 0x00, 0x00,
  0x00, 0x00, 0x00, 0x00, 0x00, 0x00, 0x00, 0x00, 0x00, 0x00, 0x00, 0x00, 0x00, 0x00, 0x00, 0x00,
  0x00, 0x00, 0x00, 0x00, 0x00, 0x00, 0x00, 0x00, 0x00, 0x00, 0x00, 0x00, 0x00, 0x00, 0x00, 0x00,
  0x00, 0x00, 0x00, 0x00, 0x00, 0x00, 0x00, 0x00, 0x00, 0x00, 0x00, 0x00, 0x00, 0x00, 0x00, 0x00,
  0x00, 0x00, 0x00, 0x00, 0x00, 0x00, 0x00, 0x00, 0x00, 0x00, 0x00, 0x00, 0x00, 0x00, 0x00, 0x00,
  0x00, 0x00, 0x00, 0x00, 0x00, 0x00, 0x00, 0x00, 0x00, 0x00, 0x00, 0x00, 0x00, 0x00, 0x00, 0x00,
  0x00, 0x00, 0x00, 0x00, 0x00, 0x00, 0x00, 0x00, 0x00, 0x00, 0x00, 0x00, 0x00, 0x00, 0x00, 0x00,
  0x00, 0x00, 0x00, 0x00, 0x00, 0x00, 0x00, 0x00, 0x00, 0x00, 0x00, 0x00, 0x00, 0x00, 0x00, 0x00,
  0x00, 0x00, 0x00, 0x00, 0x00, 0x00, 0x00, 0x00, 0x00, 0x00, 0x00, 0x00, 0x00, 0x00, 0x00, 0x00,
  0x00, 0x00, 0x00, 0x00, 0x00, 0x00, 0x00, 0x00, 0x00, 0x00, 0x00, 0x00, 0x00, 0x00, 0x00, 0x00,
  0x00, 0x00, 0x00, 0x00, 0x00, 0x00, 0x00, 0x00, 0x00, 0x00, 0x00, 0x00, 0x00, 0x00, 0x00, 0x00,
  0x00, 0x00, 0x00, 0x00, 0x00, 0x00, 0x00, 0x00, 0x00, 0x00, 0x00, 0x00, 0x00, 0x00, 0x00, 0x00,
  0x00, 0x00, 0x00, 0x00, 0x00, 0x00, 0x00, 0x00, 0x00, 0x00, 0x00, 0x00, 0x00, 0x00, 0x00, 0x00,
  0x00, 0x00, 0x00, 0x00, 0x00, 0x00, 0x00, 0x00, 0x00, 0x00, 0x00, 0x00, 0x00, 0x00, 0x00, 0x00,
  0x00, 0x00, 0x00, 0x00, 0x00, 0x00, 0x00, 0x00, 0x00, 0x00, 0x00, 0x00, 0x00, 0x00, 0x00, 0x00,
  0x00, 0x00, 0x00, 0x00, 0x00, 0x00, 0x00, 0x00, 0x00, 0x00, 0x00, 0x00, 0x00, 0x00, 0x00, 0x00,
  0x00, 0x00, 0x00, 0x00, 0x00, 0x00, 0x00, 0x00, 0x00, 0x00, 0x00, 0x00, 0x00, 0x00, 0x00, 0x00,
  0x00, 0x00, 0x00, 0x00, 0x00, 0x00, 0x00, 0x00, 0x00, 0x00, 0x00, 0x00, 0x00, 0x00, 0x00, 0x00,
  0x00, 0x00, 0x00, 0x00, 0x00, 0x00, 0x00, 0x00, 0x00, 0x00, 0x00, 0x00, 0x00, 0x00, 0x00, 0x00,
  0x00, 0x00, 0x00, 0x00, 0x00, 0x00, 0x00, 0x00, 0x00, 0x00, 0x00, 0x00, 0x00, 0x00, 0x00, 0x00,
  0x00, 0x00, 0x00, 0x00, 0x00, 0x00, 0x00, 0x00, 0x00, 0x00, 0x00, 0x00, 0x00, 0x00, 0x00, 0x00,
  0x00, 0x00, 0x00, 0x00, 0x00, 0x00, 0x00, 0x00, 0x00, 0x00, 0x00, 0x00, 0x00, 0x00, 0x00, 0x00,
  0x00, 0x00, 0x00, 0x00, 0x00, 0x00, 0x00, 0x00, 0x00, 0x00, 0x00, 0x00, 0x00, 0x00, 0x00, 0x00,
  0x00, 0x00, 0x00, 0x00, 0x00, 0x00, 0x00, 0x00, 0x00, 0x00, 0x00, 0x00, 0x00, 0x00, 0x00, 0x00,
  0x00, 0x00, 0x00, 0x00, 0x00, 0x00, 0x00, 0x00, 0x00, 0x00, 0x00, 0x00, 0x00, 0x00, 0x00, 0x00,
  0x00, 0x00, 0x00, 0x00, 0x00, 0x00, 0x00, 0x00, 0x00, 0x00, 0x00, 0x00, 0x00, 0x00, 0x00, 0x00,
  0x00, 0x00, 0x00, 0x00, 0x00, 0x00, 0x00, 0x00, 0x00, 0x00, 0x00, 0x00, 0x00, 0x00, 0x00, 0x00,
  0x00, 0x00, 0x00, 0x00, 0x00, 0x00, 0x00, 0x00, 0x00, 0x00, 0x00, 0x00, 0x00, 0x00, 0x00, 0x00,
  0x00, 0x00, 0x00, 0x00, 0x00, 0x00, 0x00, 0x00, 0x00, 0x00, 0x00, 0x00, 0x00, 0x00, 0x00, 0x00,
  0x00, 0x00, 0x00, 0x00, 0x00, 0x00, 0x00, 0x00, 0x00, 0x00, 0x00, 0x00, 0x00, 0x00, 0x00, 0x00,
  0x00, 0x00, 0x00, 0x00, 0x00, 0x00, 0x00, 0x00, 0x00, 0x00, 0x00, 0x00, 0x00, 0x00, 0x00, 0x00,
  0x00, 0x00, 0x00, 0x00, 0x00, 0x00, 0x00, 0x00, 0x00, 0x00, 0x00, 0x00, 0x00, 0x00, 0x00, 0x00,
  0x00, 0x00, 0x00, 0x00, 0x00, 0x00, 0x00, 0x00, 0x00, 0x00, 0x00, 0x00, 0x00, 0x00, 0x00, 0x00,
  0x00, 0x00, 0x00, 0x00, 0x00, 0x00, 0x00, 0x00, 0x00, 0x00, 0x00, 0x00, 0x00, 0x00, 0x00, 0x00,
  0x00, 0x00, 0x00, 0x00, 0x00, 0x00, 0x00, 0x00, 0x00, 0x00, 0x00, 0x00, 0x00, 0x00, 0x00, 0x00,
  0x00, 0x00, 0x00, 0x00, 0x00, 0x00, 0x00, 0x00, 0x00, 0x00, 0x00, 0x00, 0x00, 0x00, 0x00, 0x00,
  0x00, 0x00, 0x00, 0x00, 0x00, 0x00, 0x00, 0x00, 0x00, 0x00, 0x00, 0x00, 0x00, 0x00, 0x00, 0x00,
  0x00, 0x00, 0x00, 0x00, 0x00, 0x00, 0x00, 0x00, 0x00, 0x00, 0x00, 0x00, 0x00, 0x00, 0x00, 0x00,
  0x00, 0x00, 0x00, 0x00, 0x00, 0x00, 0x00, 0x00, 0x00, 0x00, 0x00, 0x00, 0x00, 0x00, 0x00, 0x00,
  0x00, 0x00, 0x00, 0x00, 0x00, 0x00, 0x00, 0x00, 0x00, 0x00, 0x00, 0x00, 0x00, 0x00, 0x00, 0x00,
  0x00, 0x00, 0x00, 0x00, 0x00, 0x00, 0x00, 0x00, 0x00, 0x00, 0x00, 0x00, 0x00, 0x00, 0x00, 0x00,
  0x00, 0x00, 0x00, 0x00, 0x00, 0x00, 0x00, 0x00, 0x00, 0x00, 0x00, 0x00, 0x00, 0x00, 0x00, 0x00,
  0x00, 0x00, 0x00, 0x00, 0x00, 0x00, 0x00, 0x00, 0x00, 0x00, 0x00, 0x00, 0x00, 0x00, 0x00, 0x00,
  0x00, 0x00, 0x00, 0x00, 0x00, 0x00, 0x00, 0x00, 0x00, 0x00, 0x00, 0x00, 0x00, 0x00, 0x00, 0x00,
  0x00, 0x00, 0x00, 0x00, 0x00, 0x00, 0x00, 0x00, 0x00, 0x00, 0x00, 0x00, 0x00, 0x00, 0x00, 0x00,
  0x00, 0x00, 0x00, 0x00, 0x00, 0x00, 0x00, 0x00, 0x00, 0x00, 0x00, 0x00, 0x00, 0x00, 0x00, 0x00,
  0x00, 0x00, 0x00, 0x00, 0x00, 0x00, 0x00, 0x00, 0x00, 0x00, 0x00, 0x00, 0x00, 0x00, 0x00, 0x00,
  0x00, 0x00, 0x00, 0x00, 0x00, 0x00, 0x00, 0x00, 0x00, 0x00, 0x00, 0x00, 0x00, 0x00, 0x00, 0x00,
  0x00, 0x00, 0x00, 0x00, 0x00, 0x00, 0x00, 0x00, 0x00, 0x00, 0x00, 0x00, 0x00, 0x00, 0x00, 0x00,
  0x00, 0x00, 0x00, 0x00, 0x00, 0x00, 0x00, 0x00, 0x00, 0x00, 0x00, 0x00, 0x00, 0x00, 0x00, 0x00,
  0x00, 0x00, 0x00, 0x00, 0x00, 0x00, 0x00, 0x00, 0x00, 0x00, 0x00, 0x00, 0x00, 0x00, 0x00, 0x00,
  0x00, 0x00, 0x00, 0x00, 0x00, 0x00, 0x00, 0x00, 0x00, 0x00, 0x00, 0x00, 0x00, 0x00, 0x00, 0x00,
  0x00, 0x00, 0x00, 0x00, 0x00, 0x00, 0x00, 0x00, 0x00, 0x00, 0x00, 0x00, 0x00, 0x00, 0x00, 0x00,
  0x00, 0x00, 0x00, 0x00, 0x00, 0x00, 0x00, 0x00, 0x00, 0x00, 0x00, 0x00, 0x00, 0x00, 0x00, 0x00,
  0x00, 0x00, 0x00, 0x00, 0x00, 0x00, 0x00, 0x00, 0x00, 0x00, 0x00, 0x00, 0x00, 0x00, 0x00, 0x00,
  0x00, 0x00, 0x00, 0x00, 0x00, 0x00, 0x00, 0x00, 0x00, 0x00, 0x00, 0x00, 0x00, 0x00, 0x00, 0x00,
  0x00, 0x00, 0x00, 0x00, 0x00, 0x00, 0x00, 0x00, 0x00, 0x00, 0x00, 0x00, 0x00, 0x00, 0x00, 0x00,
  0x00, 0x00, 0x00, 0x00, 0x00, 0x00, 0x00, 0x00, 0x00, 0x00, 0x00, 0x00, 0x00, 0x00, 0x00, 0x00,
  0x00, 0x00, 0x00, 0x00, 0x00, 0x00, 0x00, 0x00, 0x00, 0x00, 0x00, 0x00, 0x00, 0x00, 0x00, 0x00,
  0x00, 0x00, 0x00, 0x00, 0x00, 0x00, 0x00, 0x00, 0x00, 0x00, 0x00, 0x00, 0x00, 0x00, 0x00, 0x00,
  0x00, 0x00, 0x00, 0x00, 0x00, 0x00, 0x00, 0x00, 0x00, 0x00, 0x00, 0x00, 0x00, 0x00, 0x00, 0x00,
  0x00, 0x00, 0x00, 0x00, 0x00, 0x00, 0x00, 0x00, 0x00, 0x00, 0x00, 0x00, 0x00, 0x00, 0x00, 0x00,
  0x00, 0x00, 0x00, 0x00, 0x00, 0x00, 0x00, 0x00, 0x00, 0x00, 0x00, 0x00, 0x00, 0x00, 0x00, 0x00,
  0x00, 0x00, 0x00, 0x00, 0x00, 0x00, 0x00, 0x00, 0x00, 0x00, 0x00, 0x00, 0x00, 0x00, 0x00, 0x00,
  0x00, 0x00, 0x00, 0x00, 0x00, 0x00, 0x00, 0x00, 0x00, 0x00, 0x00, 0x00, 0x00, 0x00, 0x00, 0x00,
  0x00, 0x00, 0x00, 0x00, 0x00, 0x00, 0x00, 0x00, 0x00, 0x00, 0x00, 0x00, 0x00, 0x00, 0x00, 0x00,
  0x00, 0x00, 0x00, 0x00, 0x00, 0x00, 0x00, 0x00, 0x00, 0x00, 0x00, 0x00, 0x00, 0x00, 0x00, 0x00,
  0x00, 0x00, 0x00, 0x00, 0x00, 0x00, 0x00, 0x00, 0x00, 0x00, 0x00, 0x00, 0x00, 0x00, 0x00, 0x00,
  0x00, 0x00, 0x00, 0x00, 0x00, 0x00, 0x00, 0x00, 0x00, 0x00, 0x00, 0x00, 0x00, 0x00, 0x00, 0x00,
  0x00, 0x00, 0x00, 0x00, 0x00, 0x00, 0x00, 0x00, 0x00, 0x00, 0x00, 0x00, 0x00, 0x00, 0x00, 0x00,
  0x00, 0x00, 0x00, 0x00, 0x00, 0x00, 0x00, 0x00, 0x00, 0x00, 0x00, 0x00, 0x00, 0x00, 0x00, 0x00,
  0x00, 0x00, 0x00, 0x00, 0x00, 0x00, 0x00, 0x00, 0x00, 0x00, 0x00, 0x00, 0x00, 0x00, 0x00, 0x00,
  0x00, 0x00, 0x00, 0x00, 0x00, 0x00, 0x00, 0x00, 0x00, 0x00, 0x00, 0x00, 0x00, 0x00, 0x00, 0x00,
  0x00, 0x00, 0x00, 0x00, 0x00, 0x00, 0x00, 0x00, 0x00, 0x00, 0x00, 0x00, 0x00, 0x00, 0x00, 0x00,
  0x00, 0x00, 0x00, 0x00, 0x00, 0x00, 0x00, 0x00, 0x00, 0x00, 0x00, 0x00, 0x00, 0x00, 0x00, 0x00,
  0x00, 0x00, 0x00, 0x00, 0x00, 0x00, 0x00, 0x00, 0x00, 0x00, 0x00, 0x00, 0x00, 0x00, 0x00, 0x00,
  0x00, 0x00, 0x00, 0x00, 0x00, 0x00, 0x00, 0x00, 0x00, 0x00, 0x00, 0x00, 0x00, 0x00, 0x00, 0x00,
  0x00, 0x00, 0x00, 0x00, 0x00, 0x00, 0x00, 0x00, 0x00, 0x00, 0x00, 0x00, 0x00, 0x00, 0x00, 0x00,
  0x00, 0x00, 0x00, 0x00, 0x00, 0x00, 0x00, 0x00, 0x00, 0x00, 0x00, 0x00, 0x00, 0x00, 0x00, 0x00,
  0x00, 0x00, 0x00, 0x00, 0x00, 0x00, 0x00, 0x00, 0x00, 0x00, 0x00, 0x00, 0x00, 0x00, 0x00, 0x00,
  0x00, 0x00, 0x00, 0x00, 0x00, 0x00, 0x00, 0x00, 0x00, 0x00, 0x00, 0x00, 0x00, 0x00, 0x00, 0x00,
  0x00, 0x00, 0x00, 0x00, 0x00, 0x00, 0x00, 0x00, 0x00, 0x00, 0x00, 0x00, 0x00, 0x00, 0x00, 0x00,
  0x00, 0x00, 0x00, 0x00, 0x00, 0x00, 0x00, 0x00, 0x00, 0x00, 0x00, 0x00, 0x00, 0x00, 0x00, 0x00,
  0x00, 0x00, 0x00, 0x00, 0x00, 0x00, 0x00, 0x00, 0x00, 0x00, 0x00, 0x00, 0x00, 0x00, 0x00, 0x00,
  0x00, 0x00, 0x00, 0x00, 0x00, 0x00, 0x00, 0x00, 0x00, 0x00, 0x00, 0x00, 0x00, 0x00, 0x00, 0x00,
  0x00, 0x00, 0x00, 0x00, 0x00, 0x00, 0x00, 0x00, 0x00, 0x00, 0x00, 0x00, 0x00, 0x00, 0x00, 0x00,
  0x00, 0x00, 0x00, 0x00, 0x00, 0x00, 0x00, 0x00, 0x00, 0x00, 0x00, 0x00, 0x00, 0x00, 0x00, 0x00,
  0x00, 0x00, 0x00, 0x00, 0x00, 0x00, 0x00, 0x00, 0x00, 0x00, 0x00, 0x00, 0x00, 0x00, 0x00, 0x00,
  0x00, 0x00, 0x00, 0x00, 0x00, 0x00, 0x00, 0x00, 0x00, 0x00, 0x00, 0x00, 0x00, 0x00, 0x00, 0x00,
  0x00, 0x00, 0x00, 0x00, 0x00, 0x00, 0x00, 0x00, 0x00, 0x00, 0x00, 0x00, 0x00, 0x00, 0x00, 0x00,
  0x00, 0x00, 0x00, 0x00, 0x00, 0x00, 0x00, 0x00, 0x00, 0x00, 0x00, 0x00, 0x00, 0x00, 0x00, 0x00,
  0x00, 0x00, 0x00, 0x00, 0x00, 0x00, 0x00, 0x00, 0x00, 0x00, 0x00, 0x00, 0x00, 0x00, 0x00, 0x00,
  0x00, 0x00, 0x00, 0x00, 0x00, 0x00, 0x00, 0x00, 0x00, 0x00, 0x00, 0x00, 0x00, 0x00, 0x00, 0x00,
  0x00, 0x00, 0x00, 0x00, 0x00, 0x00, 0x00, 0x00, 0x00, 0x00, 0x00, 0x00, 0x00, 0x00, 0x00, 0x00,
  0x00, 0x00, 0x00, 0x00, 0x00, 0x00, 0x00, 0x00, 0x00, 0x00, 0x00, 0x00, 0x00, 0x00, 0x00, 0x00,
  0x00, 0x00, 0x00, 0x00, 0x00, 0x00, 0x00, 0x00, 0x00, 0x00, 0x00, 0x00, 0x00, 0x00, 0x00, 0x00,
  0x00, 0x00, 0x00, 0x00, 0x00, 0x00, 0x00, 0x00, 0x00, 0x00, 0x00, 0x00, 0x00, 0x00, 0x00, 0x00,
  0x00, 0x00, 0x00, 0x00, 0x00, 0x00, 0x00, 0x00, 0x00, 0x00, 0x00, 0x00, 0x00, 0x00, 0x00, 0x00,
  0x00, 0x00, 0x00, 0x00, 0x00, 0x00, 0x00, 0x00, 0x00, 0x00, 0x00, 0x00, 0x00, 0x00, 0x00, 0x00,
  0x00, 0x00, 0x00, 0x00, 0x00, 0x00, 0x00, 0x00, 0x00, 0x00, 0x00, 0x00, 0x00, 0x00, 0x00, 0x00,
  0x00, 0x00, 0x00, 0x00, 0x00, 0x00, 0x00, 0x00, 0x00, 0x00, 0x00, 0x00, 0x00, 0x00, 0x00, 0x00,
  0x00, 0x00, 0x00, 0x00, 0x00, 0x00, 0x00, 0x00, 0x00, 0x00, 0x00, 0x00, 0x00, 0x00, 0x00, 0x00,
  0x00, 0x00, 0x00, 0x00, 0x00, 0x00, 0x00, 0x00, 0x00, 0x00, 0x00, 0x00, 0x00, 0x00, 0x00, 0x00,
  0x00, 0x00, 0x00, 0x00, 0x00, 0x00, 0x00, 0x00, 0x00, 0x00, 0x00, 0x00, 0x00, 0x00, 0x00, 0x00,
  0x00, 0x00, 0x00, 0x00, 0x00, 0x00, 0x00, 0x00, 0x00, 0x00, 0x00, 0x00, 0x00, 0x00, 0x00, 0x00,
  0x00, 0x00, 0x00, 0x00, 0x00, 0x00, 0x00, 0x00, 0x00, 0x00, 0x00, 0x00, 0x00, 0x00, 0x00, 0x00,
  0x00, 0x00, 0x00, 0x00, 0x00, 0x00, 0x00, 0x00, 0x00, 0x00, 0x00, 0x00, 0x00, 0x00, 0x00, 0x00,
  0x00, 0x00, 0x00, 0x00, 0x00, 0x00, 0x00, 0x00, 0x00, 0x00, 0x00, 0x00, 0x00, 0x00, 0x00, 0x00,
  0x00, 0x00, 0x00, 0x00, 0x00, 0x00, 0x00, 0x00, 0x00, 0x00, 0x00, 0x00, 0x00, 0x00, 0x00, 0x00,
  0x00, 0x00, 0x00, 0x00, 0x00, 0x00, 0x00, 0x00, 0x00, 0x00, 0x00, 0x00, 0x00, 0x00, 0x00, 0x00,
  0x00, 0x00, 0x00, 0x00, 0x00, 0x00, 0x00, 0x00, 0x00, 0x00, 0x00, 0x00, 0x00, 0x00, 0x00, 0x00,
  0x00, 0x00, 0x00, 0x00, 0x00, 0x00, 0x00, 0x00, 0x00, 0x00, 0x00, 0x00, 0x00, 0x00, 0x00, 0x00,
  0x00, 0x00, 0x00, 0x00, 0x00, 0x00, 0x00, 0x00, 0x00, 0x00, 0x00, 0x00, 0x00, 0x00, 0x00, 0x00,
  0x00, 0x00, 0x00, 0x00, 0x00, 0x00, 0x00, 0x00, 0x00, 0x00, 0x00, 0x00, 0x00, 0x00, 0x00, 0x00,
  0x00, 0x00, 0x00, 0x00, 0x00, 0x00, 0x00, 0x00, 0x00, 0x00, 0x00, 0x00, 0x00, 0x00, 0x00, 0x00,
  0x00, 0x00, 0x00, 0x00, 0x00, 0x00, 0x00, 0x00, 0x00, 0x00, 0x00, 0x00, 0x00, 0x00, 0x00, 0x00,
  0x00, 0x00, 0x00, 0x00, 0x00, 0x00, 0x00, 0x00, 0x00, 0x00, 0x00, 0x00, 0x00, 0x00, 0x00, 0x00,
  0x00, 0x00, 0x00, 0x00, 0x00, 0x00, 0x00, 0x00, 0x00, 0x00, 0x00, 0x00, 0x00, 0x00, 0x00, 0x00,
  0x00, 0x00, 0x00, 0x00, 0x00, 0x00, 0x00, 0x00, 0x00, 0x00, 0x00, 0x00, 0x00, 0x00, 0x00, 0x00,
  0x00, 0x00, 0x00, 0x00, 0x00, 0x00, 0x00, 0x00, 0x00, 0x00, 0x00, 0x00, 0x00, 0x00, 0x00, 0x00,
  0x00, 0x00, 0x00, 0x00, 0x00, 0x00, 0x00, 0x00, 0x00, 0x00, 0x00, 0x00, 0x00, 0x00, 0x00, 0x00,
  0x00, 0x00, 0x00, 0x00, 0x00, 0x00, 0x00, 0x00, 0x00, 0x00, 0x00, 0x00, 0x00, 0x00, 0x00, 0x00,
  0x00, 0x00, 0x00, 0x00, 0x00, 0x00, 0x00, 0x00, 0x00, 0x00, 0x00, 0x00, 0x00, 0x00, 0x00, 0x00,
  0x00, 0x00, 0x00, 0x00, 0x00, 0x00, 0x00, 0x00, 0x00, 0x00, 0x00, 0x00, 0x00, 0x00, 0x00, 0x00,
  0x00, 0x00, 0x00, 0x00, 0x00, 0x00, 0x00, 0x00, 0x00, 0x00, 0x00, 0x00, 0x00, 0x00, 0x00, 0x00,
  0x00, 0x00, 0x00, 0x00, 0x00, 0x00, 0x00, 0x00, 0x00, 0x00, 0x00, 0x00, 0x00, 0x00, 0x00, 0x00,
  0x00, 0x00, 0x00, 0x00, 0x00, 0x00, 0x00, 0x00, 0x00, 0x00, 0x00, 0x00, 0x00, 0x00, 0x00, 0x00,
  0x00, 0x00, 0x00, 0x00, 0x00, 0x00, 0x00, 0x00, 0x00, 0x00, 0x00, 0x00, 0x00, 0x00, 0x00, 0x00,
  0x00, 0x00, 0x00, 0x00, 0x00, 0x00, 0x00, 0x00, 0x00, 0x00, 0x00, 0x00, 0x00, 0x00, 0x00, 0x00,
  0x00, 0x00, 0x00, 0x00, 0x00, 0x00, 0x00, 0x00, 0x00, 0x00, 0x00, 0x00, 0x00, 0x00, 0x00, 0x00,
  0x00, 0x00, 0x00, 0x00, 0x00, 0x00, 0x00, 0x00, 0x00, 0x00, 0x00, 0x00, 0x00, 0x00, 0x00, 0x00,
  0x00, 0x00, 0x00, 0x00, 0x00, 0x00, 0x00, 0x00, 0x00, 0x00, 0x00, 0x00, 0x00, 0x00, 0x00, 0x00,
  0x00, 0x00, 0x00, 0x00, 0x00, 0x00, 0x00, 0x00, 0x00, 0x00, 0x00, 0x00, 0x00, 0x00, 0x00, 0x00,
  0x00, 0x00, 0x00, 0x00, 0x00, 0x00, 0x00, 0x00, 0x00, 0x00, 0x00, 0x00, 0x00, 0x00, 0x00, 0x00,
  0x00, 0x00, 0x00, 0x00, 0x00, 0x00, 0x00, 0x00, 0x00, 0x00, 0x00, 0x00, 0x00, 0x00, 0x00, 0x00,
  0x00, 0x00, 0x00, 0x00, 0x00, 0x00, 0x00, 0x00, 0x00, 0x00, 0x00, 0x00, 0x00, 0x00, 0x00, 0x00,
  0x00, 0x00, 0x00, 0x00, 0x00, 0x00, 0x00, 0x00, 0x00, 0x00, 0x00, 0x00, 0x00, 0x00, 0x00, 0x00,
  0x00, 0x00, 0x00, 0x00, 0x00, 0x00, 0x00, 0x00, 0x00, 0x00, 0x00, 0x00, 0x00, 0x00, 0x00, 0x00,
  0x00, 0x00, 0x00, 0x00, 0x00, 0x00, 0x00, 0x00, 0x00, 0x00, 0x00, 0x00, 0x00, 0x00, 0x00, 0x00,
  0x00, 0x00, 0x00, 0x00, 0x00, 0x00, 0x00, 0x00, 0x00, 0x00, 0x00, 0x00, 0x00, 0x00, 0x00, 0x00,
  0x00, 0x00, 0x00, 0x00, 0x00, 0x00, 0x00, 0x00, 0x00, 0x00, 0x00, 0x00, 0x00, 0x00, 0x00, 0x00,
  0x00, 0x00, 0x00, 0x00, 0x00, 0x00, 0x00, 0x00, 0x00, 0x00, 0x00, 0x00, 0x00, 0x00, 0x00, 0x00,
  0x00, 0x00, 0x00, 0x00, 0x00, 0x00, 0x00, 0x00, 0x00, 0x00, 0x00, 0x00, 0x00, 0x00, 0x00, 0x00,
  0x00, 0x00, 0x00, 0x00, 0x00, 0x00, 0x00, 0x00, 0x00, 0x00, 0x00, 0x00, 0x00, 0x00, 0x00, 0x00,
  0x00, 0x00, 0x00, 0x00, 0x00, 0x00, 0x00, 0x00, 0x00, 0x00, 0x00, 0x00, 0x00, 0x00, 0x00, 0x00,
  0x00, 0x00, 0x00, 0x00, 0x00, 0x00, 0x00, 0x00, 0x00, 0x00, 0x00, 0x00, 0x00, 0x00, 0x00, 0x00,
  0x00, 0x00, 0x00, 0x00, 0x00, 0x00, 0x00, 0x00, 0x00, 0x00, 0x00, 0x00, 0x00, 0x00, 0x00, 0x00,
  0x00, 0x00, 0x00, 0x00, 0x00, 0x00, 0x00, 0x00, 0x00, 0x00, 0x00, 0x00, 0x00, 0x00, 0x00, 0x00,
  0x00, 0x00, 0x00, 0x00, 0x00, 0x00, 0x00, 0x00, 0x00, 0x00, 0x00, 0x00, 0x00, 0x00, 0x00, 0x00,
  0x00, 0x00, 0x00, 0x00, 0x00, 0x00, 0x00, 0x00, 0x00, 0x00, 0x00, 0x00, 0x00, 0x00, 0x00, 0x00,
  0x00, 0x00, 0x00, 0x00, 0x00, 0x00, 0x00, 0x00, 0x00, 0x00, 0x00, 0x00, 0x00, 0x00, 0x00, 0x00,
  0x00, 0x00, 0x00, 0x00, 0x00, 0x00, 0x00, 0x00, 0x00, 0x00, 0x00, 0x00, 0x00, 0x00, 0x00, 0x00,
  0x00, 0x00, 0x00, 0x00, 0x00, 0x00, 0x00, 0x00, 0x00, 0x00, 0x00, 0x00, 0x00, 0x00, 0x00, 0x00,
  0x00, 0x00, 0x00, 0x00, 0x00, 0x00, 0x00, 0x00, 0x00, 0x00, 0x00, 0x00, 0x00, 0x00, 0x00, 0x00,
  0x00, 0x00, 0x00, 0x00, 0x00, 0x00, 0x00, 0x00, 0x00, 0x00, 0x00, 0x00, 0x00, 0x00, 0x00, 0x00,
  0x00, 0x00, 0x00, 0x00, 0x00, 0x00, 0x00, 0x00, 0x00, 0x00, 0x00, 0x00, 0x00, 0x00, 0x00, 0x00,
  0x00, 0x00, 0x00, 0x00, 0x00, 0x00, 0x00, 0x00, 0x00, 0x00, 0x00, 0x00, 0x00, 0x00, 0x00, 0x00,
  0x00, 0x00, 0x00, 0x00, 0x00, 0x00, 0x00, 0x00, 0x00, 0x00, 0x00, 0x00, 0x00, 0x00, 0x00, 0x00,
  0x00, 0x00, 0x00, 0x00, 0x00, 0x00, 0x00, 0x00, 0x00, 0x00, 0x00, 0x00, 0x00, 0x00, 0x00, 0x00,
  0x00, 0x00, 0x00, 0x00, 0x00, 0x00, 0x00, 0x00, 0x00, 0x00, 0x00, 0x00, 0x00, 0x00, 0x00, 0x00,
  0x00, 0x00, 0x00, 0x00, 0x00, 0x00, 0x00, 0x00, 0x00, 0x00, 0x00, 0x00, 0x00, 0x00, 0x00, 0x00,
  0x00, 0x00, 0x00, 0x00, 0x00, 0x00, 0x00, 0x00, 0x00, 0x00, 0x00, 0x00, 0x00, 0x00, 0x00, 0x00,
  0x00, 0x00, 0x00, 0x00, 0x00, 0x00, 0x00, 0x00, 0x00, 0x00, 0x00, 0x00, 0x00, 0x00, 0x00, 0x00,
  0x00, 0x00, 0x00, 0x00, 0x00, 0x00, 0x00, 0x00, 0x00, 0x00, 0x00, 0x00, 0x00, 0x00, 0x00, 0x00,
  0x00, 0x00, 0x00, 0x00, 0x00, 0x00, 0x00, 0x00, 0x00, 0x00, 0x00, 0x00, 0x00, 0x00, 0x00, 0x00,
  0x00, 0x00, 0x00, 0x00, 0x00, 0x00, 0x00, 0x00, 0x00, 0x00, 0x00, 0x00, 0x00, 0x00, 0x00, 0x00,
  0x00, 0x00, 0x00, 0x00, 0x00, 0x00, 0x00, 0x00, 0x00, 0x00, 0x00, 0x00, 0x00, 0x00, 0x00, 0x00,
  0x00, 0x00, 0x00, 0x00, 0x00, 0x00, 0x00, 0x00, 0x00, 0x00, 0x00, 0x00, 0x00, 0x00, 0x00, 0x00,
  0x00, 0x00, 0x00, 0x00, 0x00, 0x00, 0x00, 0x00, 0x00, 0x00, 0x00, 0x00, 0x00, 0x00, 0x00, 0x00,
  0x00, 0x00, 0x00, 0x00, 0x00, 0x00, 0x00, 0x00, 0x00, 0x00, 0x00, 0x00, 0x00, 0x00, 0x00, 0x00,
  0x00, 0x00, 0x00, 0x00, 0x00, 0x00, 0x00, 0x00, 0x00, 0x00, 0x00, 0x00, 0x00, 0x00, 0x00, 0x00,
  0x00, 0x00, 0x00, 0x00, 0x00, 0x00, 0x00, 0x00, 0x00, 0x00, 0x00, 0x00, 0x00, 0x00, 0x00, 0x00,
  0x00, 0x00, 0x00, 0x00, 0x00, 0x00, 0x00, 0x00, 0x00, 0x00, 0x00, 0x00, 0x00, 0x00, 0x00, 0x00,
  0x00, 0x00, 0x00, 0x00, 0x00, 0x00, 0x00, 0x00, 0x00, 0x00, 0x00, 0x00, 0x00, 0x00, 0x00, 0x00,
  0x00, 0x00, 0x00, 0x00, 0x00, 0x00, 0x00, 0x00, 0x00, 0x00, 0x00, 0x00, 0x00, 0x00, 0x00, 0x00,
  0x00, 0x00, 0x00, 0x00, 0x00, 0x00, 0x00, 0x00, 0x00, 0x00, 0x00, 0x00, 0x00, 0x00, 0x00, 0x00,
  0x00, 0x00, 0x00, 0x00, 0x00, 0x00, 0x00, 0x00, 0x00, 0x00, 0x00, 0x00, 0x00, 0x00, 0x00, 0x00,
  0x00, 0x00, 0x00, 0x00, 0x00, 0x00, 0x00, 0x00, 0x00, 0x00, 0x00, 0x00, 0x00, 0x00, 0x00, 0x00,
  0x00, 0x00, 0x00, 0x00, 0x00, 0x00, 0x00, 0x00, 0x00, 0x00, 0x00, 0x00, 0x00, 0x00, 0x00, 0x00,
  0x00, 0x00, 0x00, 0x00, 0x00, 0x00, 0x00, 0x00, 0x00, 0x00, 0x00, 0x00, 0x00, 0x00, 0x00, 0x00,
  0x00, 0x00, 0x00, 0x00, 0x00, 0x00, 0x00, 0x00, 0x00, 0x00, 0x00, 0x00, 0x00, 0x00, 0x00, 0x00,
  0x00, 0x00, 0x00, 0x00, 0x00, 0x00, 0x00, 0x00, 0x00, 0x00, 0x00, 0x00, 0x00, 0x00, 0x00, 0x00,
  0x00, 0x00, 0x00, 0x00, 0x00, 0x00, 0x00, 0x00, 0x00, 0x00, 0x00, 0x00, 0x00, 0x00, 0x00, 0x00,
  0x00, 0x00, 0x00, 0x00, 0x00, 0x00, 0x00, 0x00, 0x00, 0x00, 0x00, 0x00, 0x00, 0x00, 0x00, 0x00,
  0x00, 0x00, 0x00, 0x00, 0x00, 0x00, 0x00, 0x00, 0x00, 0x00, 0x00, 0x00, 0x00, 0x00, 0x00, 0x00,
  0x00, 0x00, 0x00, 0x00, 0x00, 0x00, 0x00, 0x00, 0x00, 0x00, 0x00, 0x00, 0x00, 0x00, 0x00, 0x00,
  0x00, 0x00, 0x00, 0x00, 0x00, 0x00, 0x00, 0x00, 0x00, 0x00, 0x00, 0x00, 0x00, 0x00, 0x00, 0x00,
  0x00, 0x00, 0x00, 0x00, 0x00, 0x00, 0x00, 0x00, 0x00, 0x00, 0x00, 0x00, 0x00, 0x00, 0x00, 0x00,
  0x00, 0x00, 0x00, 0x00, 0x00, 0x00, 0x00, 0x00, 0x00, 0x00, 0x00, 0x00, 0x00, 0x00, 0x00, 0x00,
  0x00, 0x00, 0x00, 0x00, 0x00, 0x00, 0x00, 0x00, 0x00, 0x00, 0x00, 0x00, 0x00, 0x00, 0x00, 0x00,
  0x00, 0x00, 0x00, 0x00, 0x00, 0x00, 0x00, 0x00, 0x00, 0x00, 0x00, 0x00, 0x00, 0x00, 0x00, 0x00,
  0x00, 0x00, 0x00, 0x00, 0x00, 0x00, 0x00, 0x00, 0x00, 0x00, 0x00, 0x00, 0x00, 0x00, 0x00, 0x00,
  0x00, 0x00, 0x00, 0x00, 0x00, 0x00, 0x00, 0x00, 0x00, 0x00, 0x00, 0x00, 0x00, 0x00, 0x00, 0x00,
  0x00, 0x00, 0x00, 0x00, 0x00, 0x00, 0x00, 0x00, 0x00, 0x00, 0x00, 0x00, 0x00, 0x00, 0x00, 0x00,
  0x00, 0x00, 0x00, 0x00, 0x00, 0x00, 0x00, 0x00, 0x00, 0x00, 0x00, 0x00, 0x00, 0x00, 0x00, 0x00,
  0x00, 0x00, 0x00, 0x00, 0x00, 0x00, 0x00, 0x00, 0x00, 0x00, 0x00, 0x00, 0x00, 0x00, 0x00, 0x00,
  0x00, 0x00, 0x00, 0x00, 0x00, 0x00, 0x00, 0x00, 0x00, 0x00, 0x00, 0x00, 0x00, 0x00, 0x00, 0x00,
  0x00, 0x00, 0x00, 0x00, 0x00, 0x00, 0x00, 0x00, 0x00, 0x00, 0x00, 0x00, 0x00, 0x00, 0x00, 0x00,
  0x00, 0x00, 0x00, 0x00, 0x00, 0x00, 0x00, 0x00, 0x00, 0x00, 0x00, 0x00, 0x00, 0x00, 0x00, 0x00,
  0x00, 0x00, 0x00, 0x00, 0x00, 0x00, 0x00, 0x00, 0x00, 0x00, 0x00, 0x00, 0x00, 0x00, 0x00, 0x00,
  0x00, 0x00, 0x00, 0x00, 0x00, 0x00, 0x00, 0x00, 0x00, 0x00, 0x00, 0x00, 0x00, 0x00, 0x00, 0x00,
  0x00, 0x00, 0x00, 0x00, 0x00, 0x00, 0x00, 0x00, 0x00, 0x00, 0x00, 0x00, 0x00, 0x00, 0x00, 0x00,
  0x00, 0x00, 0x00, 0x00, 0x00, 0x00, 0x00, 0x00, 0x00, 0x00, 0x00, 0x00, 0x00, 0x00, 0x00, 0x00,
  0x00, 0x00, 0x00, 0x00, 0x00, 0x00, 0x00, 0x00, 0x00, 0x00, 0x00, 0x00, 0x00, 0x00, 0x00, 0x00,
  0x00, 0x00, 0x00, 0x00, 0x00, 0x00, 0x00, 0x00, 0x00, 0x00, 0x00, 0x00, 0x00, 0x00, 0x00, 0x00,
  0x00, 0x00, 0x00, 0x00, 0x00, 0x00, 0x00, 0x00, 0x00, 0x00, 0x00, 0x00, 0x00, 0x00, 0x00, 0x00,
  0x00, 0x00, 0x00, 0x00, 0x00, 0x00, 0x00, 0x00, 0x00, 0x00, 0x00, 0x00, 0x00, 0x00, 0x00, 0x00,
  0x00, 0x00, 0x00, 0x00, 0x00, 0x00, 0x00, 0x00, 0x00, 0x00, 0x00, 0x00, 0x00, 0x00, 0x00, 0x00,
  0x00, 0x00, 0x00, 0x00, 0x00, 0x00, 0x00, 0x00, 0x00, 0x00, 0x00, 0x00, 0x00, 0x00, 0x00, 0x00,
  0x00, 0x00, 0x00, 0x00, 0x00, 0x00, 0x00, 0x00, 0x00, 0x00, 0x00, 0x00, 0x00, 0x00, 0x00, 0x00,
  0x00, 0x00, 0x00, 0x00, 0x00, 0x00, 0x00, 0x00, 0x00, 0x00, 0x00, 0x00, 0x00, 0x00, 0x00, 0x00,
  0x00, 0x00, 0x00, 0x00, 0x00, 0x00, 0x00, 0x00, 0x00, 0x00, 0x00, 0x00, 0x00, 0x00, 0x00, 0x00,
  0x00, 0x00, 0x00, 0x00, 0x00, 0x00, 0x00, 0x00, 0x00, 0x00, 0x00, 0x00, 0x00, 0x00, 0x00, 0x00,
  0x00, 0x00, 0x00, 0x00, 0x00, 0x00, 0x00, 0x00, 0x00, 0x00, 0x00, 0x00, 0x00, 0x00, 0x00, 0x00,
  0x00, 0x00, 0x00, 0x00, 0x00, 0x00, 0x00, 0x00, 0x00, 0x00, 0x00, 0x00, 0x00, 0x00, 0x00, 0x00,
  0x00, 0x00, 0x00, 0x00, 0x00, 0x00, 0x00, 0x00, 0x00, 0x00, 0x00, 0x00, 0x00, 0x00, 0x00, 0x00,
  0x00, 0x00, 0x00, 0x00, 0x00, 0x00, 0x00, 0x00, 0x00, 0x00, 0x00, 0x00, 0x00, 0x00, 0x00, 0x00,
  0x00, 0x00, 0x00, 0x00, 0x00, 0x00, 0x00, 0x00, 0x00, 0x00, 0x00, 0x00, 0x00, 0x00, 0x00, 0x00,
  0x00, 0x00, 0x00, 0x00, 0x00, 0x00, 0x00, 0x00, 0x00, 0x00, 0x00, 0x00, 0x00, 0x00, 0x00, 0x00,
  0x00, 0x00, 0x00, 0x00, 0x00, 0x00, 0x00, 0x00, 0x00, 0x00, 0x00, 0x00, 0x00, 0x00, 0x00, 0x00,
  0x00, 0x00, 0x00, 0x00, 0x00, 0x00, 0x00, 0x00, 0x00, 0x00, 0x00, 0x00, 0x00, 0x00, 0x00, 0x00,
  0x00, 0x00, 0x00, 0x00, 0x00, 0x00, 0x00, 0x00, 0x00, 0x00, 0x00, 0x00, 0x00, 0x00, 0x00, 0x00,
  0x00, 0x00, 0x00, 0x00, 0x00, 0x00, 0x00, 0x00, 0x00, 0x00, 0x00, 0x00, 0x00, 0x00, 0x00, 0x00,
  0x00, 0x00, 0x00, 0x00, 0x00, 0x00, 0x00, 0x00, 0x00, 0x00, 0x00, 0x00, 0x00, 0x00, 0x00, 0x00,
  0x00, 0x00, 0x00, 0x00, 0x00, 0x00, 0x00, 0x00, 0x00, 0x00, 0x00, 0x00, 0x00, 0x00, 0x00, 0x00,
  0x00, 0x00, 0x00, 0x00, 0x00, 0x00, 0x00, 0x00, 0x00, 0x00, 0x00, 0x00, 0x00, 0x00, 0x00, 0x00,
  0x00, 0x00, 0x00, 0x00, 0x00, 0x00, 0x00, 0x00, 0x00, 0x00, 0x00, 0x00, 0x00, 0x00, 0x00, 0x00,
  0x00, 0x00, 0x00, 0x00, 0x00, 0x00, 0x00, 0x00, 0x00, 0x00, 0x00, 0x00, 0x00, 0x00, 0x00, 0x00,
  0x00, 0x00, 0x00, 0x00, 0x00, 0x00, 0x00, 0x00, 0x00, 0x00, 0x00, 0x00, 0x00, 0x00, 0x00, 0x00,
  0x00, 0x00, 0x00, 0x00, 0x00, 0x00, 0x00, 0x00, 0x00, 0x00, 0x00, 0x00, 0x00, 0x00, 0x00, 0x00,
  0x00, 0x00, 0x00, 0x00, 0x00, 0x00, 0x00, 0x00, 0x00, 0x00, 0x00, 0x00, 0x00, 0x00, 0x00, 0x00,
  0x00, 0x00, 0x00, 0x00, 0x00, 0x00, 0x00, 0x00, 0x00, 0x00, 0x00, 0x00, 0x00, 0x00, 0x00, 0x00,
  0x00, 0x00, 0x00, 0x00, 0x00, 0x00, 0x00, 0x00, 0x00, 0x00, 0x00, 0x00, 0x00, 0x00, 0x00, 0x00,
  0x00, 0x00, 0x00, 0x00, 0x00, 0x00, 0x00, 0x00, 0x00, 0x00, 0x00, 0x00, 0x00, 0x00, 0x00, 0x00,
  0x00, 0x00, 0x00, 0x00, 0x00, 0x00, 0x00, 0x00, 0x00, 0x00, 0x00, 0x00, 0x00, 0x00, 0x00, 0x00,
  0x00, 0x00, 0x00, 0x00, 0x00, 0x00, 0x00, 0x00, 0x00, 0x00, 0x00, 0x00, 0x00, 0x00, 0x00, 0x00,
  0x00, 0x00, 0x00, 0x00, 0x00, 0x00, 0x00, 0x00, 0x00, 0x00, 0x00, 0x00, 0x00, 0x00, 0x00, 0x00,
  0x00, 0x00, 0x00, 0x00, 0x00, 0x00, 0x00, 0x00, 0x00, 0x00, 0x00, 0x00, 0x00, 0x00, 0x00, 0x00,
  0x00, 0x00, 0x00, 0x00, 0x00, 0x00, 0x00, 0x00, 0x00, 0x00, 0x00, 0x00, 0x00, 0x00, 0x00, 0x00,
  0x00, 0x00, 0x00, 0x00, 0x00, 0x00, 0x00, 0x00, 0x00, 0x00, 0x00, 0x00, 0x00, 0x00, 0x00, 0x00,
  0x00, 0x00, 0x00, 0x00, 0x00, 0x00, 0x00, 0x00, 0x00, 0x00, 0x00, 0x00, 0x00, 0x00, 0x00, 0x00,
  0x00, 0x00, 0x00, 0x00, 0x00, 0x00, 0x00, 0x00, 0x00, 0x00, 0x00, 0x00, 0x00, 0x00, 0x00, 0x00,
  0x00, 0x00, 0x00, 0x00, 0x00, 0x00, 0x00, 0x00, 0x00, 0x00, 0x00, 0x00, 0x00, 0x00, 0x00, 0x00,
  0x00, 0x00, 0x00, 0x00, 0x00, 0x00, 0x00, 0x00, 0x00, 0x00, 0x00, 0x00, 0x00, 0x00, 0x00, 0x00,
  0x00, 0x00, 0x00, 0x00, 0x00, 0x00, 0x00, 0x00, 0x00, 0x00, 0x00, 0x00, 0x00, 0x00, 0x00, 0x00,
  0x00, 0x00, 0x00, 0x00, 0x00, 0x00, 0x00, 0x00, 0x00, 0x00, 0x00, 0x00, 0x00, 0x00, 0x00, 0x00,
  0x00, 0x00, 0x00, 0x00, 0x00, 0x00, 0x00, 0x00, 0x00, 0x00, 0x00, 0x00, 0x00, 0x00, 0x00, 0x00,
  0x00, 0x00, 0x00, 0x00, 0x00, 0x00, 0x00, 0x00, 0x00, 0x00, 0x00, 0x00, 0x00, 0x00, 0x00, 0x00,
  0x00, 0x00, 0x00, 0x00, 0x00, 0x00, 0x00, 0x00, 0x00, 0x00, 0x00, 0x00, 0x00, 0x00, 0x00, 0x00,
  0x00, 0x00, 0x00, 0x00, 0x00, 0x00, 0x00, 0x00, 0x00, 0x00, 0x00, 0x00, 0x00, 0x00, 0x00, 0x00,
  0x00, 0x00, 0x00, 0x00, 0x00, 0x00, 0x00, 0x00, 0x00, 0x00, 0x00, 0x00, 0x00, 0x00, 0x00, 0x00,
  0x00, 0x00, 0x00, 0x00, 0x00, 0x00, 0x00, 0x00, 0x00, 0x00, 0x00, 0x00, 0x00, 0x00, 0x00, 0x00,
  0x00, 0x00, 0x00, 0x00, 0x00, 0x00, 0x00, 0x00, 0x00, 0x00, 0x00, 0x00, 0x00, 0x00, 0x00, 0x00,
  0x00, 0x00, 0x00, 0x00, 0x00, 0x00, 0x00, 0x00, 0x00, 0x00, 0x00, 0x00, 0x00, 0x00, 0x00, 0x00,
  0x00, 0x00, 0x00, 0x00, 0x00, 0x00, 0x00, 0x00, 0x00, 0x00, 0x00, 0x00, 0x00, 0x00, 0x00, 0x00,
  0x00, 0x00, 0x00, 0x00, 0x00, 0x00, 0x00, 0x00, 0x00, 0x00, 0x00, 0x00, 0x00, 0x00, 0x00, 0x00,
  0x00, 0x00, 0x00, 0x00, 0x00, 0x00, 0x00, 0x00, 0x00, 0x00, 0x00, 0x00, 0x00, 0x00, 0x00, 0x00,
  0x00, 0x00, 0x00, 0x00, 0x00, 0x00, 0x00, 0x00, 0x00, 0x00, 0x00, 0x00, 0x00, 0x00, 0x00, 0x00,
  0x00, 0x00, 0x00, 0x00, 0x00, 0x00, 0x00, 0x00, 0x00, 0x00, 0x00, 0x00, 0x00, 0x00, 0x00, 0x00,
  0x00, 0x00, 0x00, 0x00, 0x00, 0x00, 0x00, 0x00, 0x00, 0x00, 0x00, 0x00, 0x00, 0x00, 0x00, 0x00,
  0x00, 0x00, 0x00, 0x00, 0x00, 0x00, 0x00, 0x00, 0x00, 0x00, 0x00, 0x00, 0x00, 0x00, 0x00, 0x00,
  0x00, 0x00, 0x00, 0x00, 0x00, 0x00, 0x00, 0x00, 0x00, 0x00, 0x00, 0x00, 0x00, 0x00, 0x00, 0x00,
  0x00, 0x00, 0x00, 0x00, 0x00, 0x00, 0x00, 0x00, 0x00, 0x00, 0x00, 0x00, 0x00, 0x00, 0x00, 0x00,
  0x00, 0x00, 0x00, 0x00, 0x00, 0x00, 0x00, 0x00, 0x00, 0x00, 0x00, 0x00, 0x00, 0x00, 0x00, 0x00,
  0x00, 0x00, 0x00, 0x00, 0x00, 0x00, 0x00, 0x00, 0x00, 0x00, 0x00, 0x00, 0x00, 0x00, 0x00, 0x00,
  0x00, 0x00, 0x00, 0x00, 0x00, 0x00, 0x00, 0x00, 0x00, 0x00, 0x00, 0x00, 0x00, 0x00, 0x00, 0x00,
  0x00, 0x00, 0x00, 0x00, 0x00, 0x00, 0x00, 0x00, 0x00, 0x00, 0x00, 0x00, 0x00, 0x00, 0x00, 0x00,
  0x00, 0x00, 0x00, 0x00, 0x00, 0x00, 0x00, 0x00, 0x00, 0x00, 0x00, 0x00, 0x00, 0x00, 0x00, 0x00,
  0x00, 0x00, 0x00, 0x00, 0x00, 0x00, 0x00, 0x00, 0x00, 0x00, 0x00, 0x00, 0x00, 0x00, 0x00, 0x00,
  0x00, 0x00, 0x00, 0x00, 0x00, 0x00, 0x00, 0x00, 0x00, 0x00, 0x00, 0x00, 0x00, 0x00, 0x00, 0x00,
  0x00, 0x00, 0x00, 0x00, 0x00, 0x00, 0x00, 0x00, 0x00, 0x00, 0x00, 0x00, 0x00, 0x00, 0x00, 0x00,
  0x00, 0x00, 0x00, 0x00, 0x00, 0x00, 0x00, 0x00, 0x00, 0x00, 0x00, 0x00, 0x00, 0x00, 0x00, 0x00,
  0x00, 0x00, 0x00, 0x00, 0x00, 0x00, 0x00, 0x00, 0x00, 0x00, 0x00, 0x00, 0x00, 0x00, 0x00, 0x00,
  0x00, 0x00, 0x00, 0x00, 0x00, 0x00, 0x00, 0x00, 0x00, 0x00, 0x00, 0x00, 0x00, 0x00, 0x00, 0x00,
  0x00, 0x00, 0x00, 0x00, 0x00, 0x00, 0x00, 0x00, 0x00, 0x00, 0x00, 0x00, 0x00, 0x00, 0x00, 0x00,
  0x00, 0x00, 0x00, 0x00, 0x00, 0x00, 0x00, 0x00, 0x00, 0x00, 0x00, 0x00, 0x00, 0x00, 0x00, 0x00,
  0x00, 0x00, 0x00, 0x00, 0x00, 0x00, 0x00, 0x00, 0x00, 0x00, 0x00, 0x00, 0x00, 0x00, 0x00, 0x00,
  0x00, 0x00, 0x00, 0x00, 0x00, 0x00, 0x00, 0x00, 0x00, 0x00, 0x00, 0x00, 0x00, 0x00, 0x00, 0x00,
  0x00, 0x00, 0x00, 0x00, 0x00, 0x00, 0x00, 0x00, 0x00, 0x00, 0x00, 0x00, 0x00, 0x00, 0x00, 0x00,
  0x00, 0x00, 0x00, 0x00, 0x00, 0x00, 0x00, 0x00, 0x00, 0x00, 0x00, 0x00, 0x00, 0x00, 0x00, 0x00,
  0x00, 0x00, 0x00, 0x00, 0x00, 0x00, 0x00, 0x00, 0x00, 0x00, 0x00, 0x00, 0x00, 0x00, 0x00, 0x00,
  0x00, 0x00, 0x00, 0x00, 0x00, 0x00, 0x00, 0x00, 0x00, 0x00, 0x00, 0x00, 0x00, 0x00, 0x00, 0x00,
  0x00, 0x00, 0x00, 0x00, 0x00, 0x00, 0x00, 0x00, 0x00, 0x00, 0x00, 0x00, 0x00, 0x00, 0x00, 0x00,
  0x00, 0x00, 0x00, 0x00, 0x00, 0x00, 0x00, 0x00, 0x00, 0x00, 0x00, 0x00, 0x00, 0x00, 0x00, 0x00,
  0x00, 0x00, 0x00, 0x00, 0x00, 0x00, 0x00, 0x00, 0x00, 0x00, 0x00, 0x00, 0x00, 0x00, 0x00, 0x00,
  0x00, 0x00, 0x00, 0x00, 0x00, 0x00, 0x00, 0x00, 0x00, 0x00, 0x00, 0x00, 0x00, 0x00, 0x00, 0x00,
  0x00, 0x00, 0x00, 0x00, 0x00, 0x00, 0x00, 0x00, 0x00, 0x00, 0x00, 0x00, 0x00, 0x00, 0x00, 0x00,
  0x00, 0x00, 0x00, 0x00, 0x00, 0x00, 0x00, 0x00, 0x00, 0x00, 0x00, 0x00, 0x00, 0x00, 0x00, 0x00,
  0x00, 0x00, 0x00, 0x00, 0x00, 0x00, 0x00, 0x00, 0x00, 0x00, 0x00, 0x00, 0x00, 0x00, 0x00, 0x00,
  0x00, 0x00, 0x00, 0x00, 0x00, 0x00, 0x00, 0x00, 0x00, 0x00, 0x00, 0x00, 0x00, 0x00, 0x00, 0x00,
  0x00, 0x00, 0x00, 0x00, 0x00, 0x00, 0x00, 0x00, 0x00, 0x00, 0x00, 0x00, 0x00, 0x00, 0x00, 0x00,
  0x00, 0x00, 0x00, 0x00, 0x00, 0x00, 0x00, 0x00, 0x00, 0x00, 0x00, 0x00, 0x00, 0x00, 0x00, 0x00,
  0x00, 0x00, 0x00, 0x00, 0x00, 0x00, 0x00, 0x00, 0x00, 0x00, 0x00, 0x00, 0x00, 0x00, 0x00, 0x00,
  0x00, 0x00, 0x00, 0x00, 0x00, 0x00, 0x00, 0x00, 0x00, 0x00, 0x00, 0x00, 0x00, 0x00, 0x00, 0x00,
  0x00, 0x00, 0x00, 0x00, 0x00, 0x00, 0x00, 0x00, 0x00, 0x00, 0x00, 0x00, 0x00, 0x00, 0x00, 0x00,
  0x00, 0x00, 0x00, 0x00, 0x00, 0x00, 0x00, 0x00, 0x00, 0x00, 0x00, 0x00, 0x00, 0x00, 0x00, 0x00,
  0x00, 0x00, 0x00, 0x00, 0x00, 0x00, 0x00, 0x00, 0x00, 0x00, 0x00, 0x00, 0x00, 0x00, 0x00, 0x00,
  0x00, 0x00, 0x00, 0x00, 0x00, 0x00, 0x00, 0x00, 0x00, 0x00, 0x00, 0x00, 0x00, 0x00, 0x00, 0x00,
  0x00, 0x00, 0x00, 0x00, 0x00, 0x00, 0x00, 0x00, 0x00, 0x00, 0x00, 0x00, 0x00, 0x00, 0x00, 0x00,
  0x00, 0x00, 0x00, 0x00, 0x00, 0x00, 0x00, 0x00, 0x00, 0x00, 0x00, 0x00, 0x00, 0x00, 0x00, 0x00,
  0x00, 0x00, 0x00, 0x00, 0x00, 0x00, 0x00, 0x00, 0x00, 0x00, 0x00, 0x00, 0x00, 0x00, 0x00, 0x00,
  0x00, 0x00, 0x00, 0x00, 0x00, 0x00, 0x00, 0x00, 0x00, 0x00, 0x00, 0x00, 0x00, 0x00, 0x00, 0x00,
  0x00, 0x00, 0x00, 0x00, 0x00, 0x00, 0x00, 0x00, 0x00, 0x00, 0x00, 0x00, 0x00, 0x00, 0x00, 0x00,
  0x00, 0x00, 0x00, 0x00, 0x00, 0x00, 0x00, 0x00, 0x00, 0x00, 0x00, 0x00, 0x00, 0x00, 0x00, 0x00,
  0x00, 0x00, 0x00, 0x00, 0x00, 0x00, 0x00, 0x00, 0x00, 0x00, 0x00, 0x00, 0x00, 0x00, 0x00, 0x00,
  0x00, 0x00, 0x00, 0x00, 0x00, 0x00, 0x00, 0x00, 0x00, 0x00, 0x00, 0x00, 0x00, 0x00, 0x00, 0x00,
  0x00, 0x00, 0x00, 0x00, 0x00, 0x00, 0x00, 0x00, 0x00, 0x00, 0x00, 0x00, 0x00, 0x00, 0x00, 0x00,
  0x00, 0x00, 0x00, 0x00, 0x00, 0x00, 0x00, 0x00, 0x00, 0x00, 0x00, 0x00, 0x00, 0x00, 0x00, 0x00,
  0x00, 0x00, 0x00, 0x00, 0x00, 0x00, 0x00, 0x00, 0x00, 0x00, 0x00, 0x00, 0x00, 0x00, 0x00, 0x00,
  0x00, 0x00, 0x00, 0x00, 0x00, 0x00, 0x00, 0x00, 0x00, 0x00, 0x00, 0x00, 0x00, 0x00, 0x00, 0x00,
  0x00, 0x00, 0x00, 0x00, 0x00, 0x00, 0x00, 0x00, 0x00, 0x00, 0x00, 0x00, 0x00, 0x00, 0x00, 0x00,
  0x00, 0x00, 0x00, 0x00, 0x00, 0x00, 0x00, 0x00, 0x00, 0x00, 0x00, 0x00, 0x00, 0x00, 0x00, 0x00,
  0x00, 0x00, 0x00, 0x00, 0x00, 0x00, 0x00, 0x00, 0x00, 0x00, 0x00, 0x00, 0x00, 0x00, 0x00, 0x00,
  0x00, 0x00, 0x00, 0x00, 0x00, 0x00, 0x00, 0x00, 0x00, 0x00, 0x00, 0x00, 0x00, 0x00, 0x00, 0x00,
  0x00, 0x00, 0x00, 0x00, 0x00, 0x00, 0x00, 0x00, 0x00, 0x00, 0x00, 0x00, 0x00, 0x00, 0x00, 0x00,
  0x00, 0x00, 0x00, 0x00, 0x00, 0x00, 0x00, 0x00, 0x00, 0x00, 0x00, 0x00, 0x00, 0x00, 0x00, 0x00,
  0x00, 0x00, 0x00, 0x00, 0x00, 0x00, 0x00, 0x00, 0x00, 0x00, 0x00, 0x00, 0x00, 0x00, 0x00, 0x00,
  0x00, 0x00, 0x00, 0x00, 0x00, 0x00, 0x00, 0x00, 0x00, 0x00, 0x00, 0x00, 0x00, 0x00, 0x00, 0x00,
  0x00, 0x00, 0x00, 0x00, 0x00, 0x00, 0x00, 0x00, 0x00, 0x00, 0x00, 0x00, 0x00, 0x00, 0x00, 0x00,
  0x00, 0x00, 0x00, 0x00, 0x00, 0x00, 0x00, 0x00, 0x00, 0x00, 0x00, 0x00, 0x00, 0x00, 0x00, 0x00,
  0x00, 0x00, 0x00, 0x00, 0x00, 0x00, 0x00, 0x00, 0x00, 0x00, 0x00, 0x00, 0x00, 0x00, 0x00, 0x00,
  0x00, 0x00, 0x00, 0x00, 0x00, 0x00, 0x00, 0x00, 0x00, 0x00, 0x00, 0x00, 0x00, 0x00, 0x00, 0x00,
  0x00, 0x00, 0x00, 0x00, 0x00, 0x00, 0x00, 0x00, 0x00, 0x00, 0x00, 0x00, 0x00, 0x00, 0x00, 0x00,
  0x00, 0x00, 0x00, 0x00, 0x00, 0x00, 0x00, 0x00, 0x00, 0x00, 0x00, 0x00, 0x00, 0x00, 0x00, 0x00,
  0x00, 0x00, 0x00, 0x00, 0x00, 0x00, 0x00, 0x00, 0x00, 0x00, 0x00, 0x00, 0x00, 0x00, 0x00, 0x00,
  0x00, 0x00, 0x00, 0x00, 0x00, 0x00, 0x00, 0x00, 0x00, 0x00, 0x00, 0x00, 0x00, 0x00, 0x00, 0x00,
  0x00, 0x00, 0x00, 0x00, 0x00, 0x00, 0x00, 0x00, 0x00, 0x00, 0x00, 0x00, 0x00, 0x00, 0x00, 0x00,
  0x00, 0x00, 0x00, 0x00, 0x00, 0x00, 0x00, 0x00, 0x00, 0x00, 0x00, 0x00, 0x00, 0x00, 0x00, 0x00,
  0x00, 0x00, 0x00, 0x00, 0x00, 0x00, 0x00, 0x00, 0x00, 0x00, 0x00, 0x00, 0x00, 0x00, 0x00, 0x00,
  0x00, 0x00, 0x00, 0x00, 0x00, 0x00, 0x00, 0x00, 0x00, 0x00, 0x00, 0x00, 0x00, 0x00, 0x00, 0x00,
  0x00, 0x00, 0x00, 0x00, 0x00, 0x00, 0x00, 0x00, 0x00, 0x00, 0x00, 0x00, 0x00, 0x00, 0x00, 0x00,
  0x00, 0x00, 0x00, 0x00, 0x00, 0x00, 0x00, 0x00, 0x00, 0x00, 0x00, 0x00, 0x00, 0x00, 0x00, 0x00,
  0x00, 0x00, 0x00, 0x00, 0x00, 0x00, 0x00, 0x00, 0x00, 0x00, 0x00, 0x00, 0x00, 0x00, 0x00, 0x00,
  0x00, 0x00, 0x00, 0x00, 0x00, 0x00, 0x00, 0x00, 0x00, 0x00, 0x00, 0x00, 0x00, 0x00, 0x00, 0x00,
  0x00, 0x00, 0x00, 0x00, 0x00, 0x00, 0x00, 0x00, 0x00, 0x00, 0x00, 0x00, 0x00, 0x00, 0x00, 0x00,
  0x00, 0x00, 0x00, 0x00, 0x00, 0x00, 0x00, 0x00, 0x00, 0x00, 0x00, 0x00, 0x00, 0x00, 0x00, 0x00,
  0x00, 0x00, 0x00, 0x00, 0x00, 0x00, 0x00, 0x00, 0x00, 0x00, 0x00, 0x00, 0x00, 0x00, 0x00, 0x00,
  0x00, 0x00, 0x00, 0x00, 0x00, 0x00, 0x00, 0x00, 0x00, 0x00, 0x00, 0x00, 0x00, 0x00, 0x00, 0x00,
  0x00, 0x00, 0x00, 0x00, 0x00, 0x00, 0x00, 0x00, 0x00, 0x00, 0x00, 0x00, 0x00, 0x00, 0x00, 0x00,
  0x00, 0x00, 0x00, 0x00, 0x00, 0x00, 0x00, 0x00, 0x00, 0x00, 0x00, 0x00, 0x00, 0x00, 0x00, 0x00,
  0x00, 0x00, 0x00, 0x00, 0x00, 0x00, 0x00, 0x00, 0x00, 0x00, 0x00, 0x00, 0x00, 0x00, 0x00, 0x00,
  0x00, 0x00, 0x00, 0x00, 0x00, 0x00, 0x00, 0x00, 0x00, 0x00, 0x00, 0x00, 0x00, 0x00, 0x00, 0x00,
  0x00, 0x00, 0x00, 0x00, 0x00, 0x00, 0x00, 0x00, 0x00, 0x00, 0x00, 0x00, 0x00, 0x00, 0x00, 0x00,
  0x00, 0x00, 0x00, 0x00, 0x00, 0x00, 0x00, 0x00, 0x00, 0x00, 0x00, 0x00, 0x00, 0x00, 0x00, 0x00,
  0x00, 0x00, 0x00, 0x00, 0x00, 0x00, 0x00, 0x00, 0x00, 0x00, 0x00, 0x00, 0x00, 0x00, 0x00, 0x00,
  0x00, 0x00, 0x00, 0x00, 0x00, 0x00, 0x00, 0x00, 0x00, 0x00, 0x00, 0x00, 0x00, 0x00, 0x00, 0x00,
  0x00, 0x00, 0x00, 0x00, 0x00, 0x00, 0x00, 0x00, 0x00, 0x00, 0x00, 0x00, 0x00, 0x00, 0x00, 0x00,
  0x00, 0x00, 0x00, 0x00, 0x00, 0x00, 0x00, 0x00, 0x00, 0x00, 0x00, 0x00, 0x00, 0x00, 0x00, 0x00,
  0x00, 0x00, 0x00, 0x00, 0x00, 0x00, 0x00, 0x00, 0x00, 0x00, 0x00, 0x00, 0x00, 0x00, 0x00, 0x00,
  0x00, 0x00, 0x00, 0x00, 0x00, 0x00, 0x00, 0x00, 0x00, 0x00, 0x00, 0x00, 0x00, 0x00, 0x00, 0x00,
  0x00, 0x00, 0x00, 0x00, 0x00, 0x00, 0x00, 0x00, 0x00, 0x00, 0x00, 0x00, 0x00, 0x00, 0x00, 0x00,
  0x00, 0x00, 0x00, 0x00, 0x00, 0x00, 0x00, 0x00, 0x00, 0x00, 0x00, 0x00, 0x00, 0x00, 0x00, 0x00,
  0x00, 0x00, 0x00, 0x00, 0x00, 0x00, 0x00, 0x00, 0x00, 0x00, 0x00, 0x00, 0x00, 0x00, 0x00, 0x00,
  0x00, 0x00, 0x00, 0x00, 0x00, 0x00, 0x00, 0x00, 0x00, 0x00, 0x00, 0x00, 0x00, 0x00, 0x00, 0x00,
  0x00, 0x00, 0x00, 0x00, 0x00, 0x00, 0x00, 0x00, 0x00, 0x00, 0x00, 0x00, 0x00, 0x00, 0x00, 0x00,
  0x00, 0x00, 0x00, 0x00, 0x00, 0x00, 0x00, 0x00, 0x00, 0x00, 0x00, 0x00, 0x00, 0x00, 0x00, 0x00,
  0x00, 0x00, 0x00, 0x00, 0x00, 0x00, 0x00, 0x00, 0x00, 0x00, 0x00, 0x00, 0x00, 0x00, 0x00, 0x00,
  0x00, 0x00, 0x00, 0x00, 0x00, 0x00, 0x00, 0x00, 0x00, 0x00, 0x00, 0x00, 0x00, 0x00, 0x00, 0x00,
  0x00, 0x00, 0x00, 0x00, 0x00, 0x00, 0x00, 0x00, 0x00, 0x00, 0x00, 0x00, 0x00, 0x00, 0x00, 0x00,
  0x00, 0x00, 0x00, 0x00, 0x00, 0x00, 0x00, 0x00, 0x00, 0x00, 0x00, 0x00, 0x00, 0x00, 0x00, 0x00,
  0x00, 0x00, 0x00, 0x00, 0x00, 0x00, 0x00, 0x00, 0x00, 0x00, 0x00, 0x00, 0x00, 0x00, 0x00, 0x00,
  0x00, 0x00, 0x00, 0x00, 0x00, 0x00, 0x00, 0x00, 0x00, 0x00, 0x00, 0x00, 0x00, 0x00, 0x00, 0x00,
  0x00, 0x00, 0x00, 0x00, 0x00, 0x00, 0x00, 0x00, 0x00, 0x00, 0x00, 0x00, 0x00, 0x00, 0x00, 0x00,
  0x00, 0x00, 0x00, 0x00, 0x00, 0x00, 0x00, 0x00, 0x00, 0x00, 0x00, 0x00, 0x00, 0x00, 0x00, 0x00,
  0x00, 0x00, 0x00, 0x00, 0x00, 0x00, 0x00, 0x00, 0x00, 0x00, 0x00, 0x00, 0x00, 0x00, 0x00, 0x00,
  0x00, 0x00, 0x00, 0x00, 0x00, 0x00, 0x00, 0x00, 0x00, 0x00, 0x00, 0x00, 0x00, 0x00, 0x00, 0x00,
  0x00, 0x00, 0x00, 0x00, 0x00, 0x00, 0x00, 0x00, 0x00, 0x00, 0x00, 0x00, 0x00, 0x00, 0x00, 0x00,
  0x00, 0x00, 0x00, 0x00, 0x00, 0x00, 0x00, 0x00, 0x00, 0x00, 0x00, 0x00, 0x00, 0x00, 0x00, 0x00,
  0x00, 0x00, 0x00, 0x00, 0x00, 0x00, 0x00, 0x00, 0x00, 0x00, 0x00, 0x00, 0x00, 0x00, 0x00, 0x00,
  0x00, 0x00, 0x00, 0x00, 0x00, 0x00, 0x00, 0x00, 0x00, 0x00, 0x00, 0x00, 0x00, 0x00, 0x00, 0x00,
  0x00, 0x00, 0x00, 0x00, 0x00, 0x00, 0x00, 0x00, 0x00, 0x00, 0x00, 0x00, 0x00, 0x00, 0x00, 0x00,
  0x00, 0x00, 0x00, 0x00, 0x00, 0x00, 0x00, 0x00, 0x00, 0x00, 0x00, 0x00, 0x00, 0x00, 0x00, 0x00,
  0x00, 0x00, 0x00, 0x00, 0x00, 0x00, 0x00, 0x00, 0x00, 0x00, 0x00, 0x00, 0x00, 0x00, 0x00, 0x00,
  0x00, 0x00, 0x00, 0x00, 0x00, 0x00, 0x00, 0x00, 0x00, 0x00, 0x00, 0x00, 0x00, 0x00, 0x00, 0x00,
  0x00, 0x00, 0x00, 0x00, 0x00, 0x00, 0x00, 0x00, 0x00, 0x00, 0x00, 0x00, 0x00, 0x00, 0x00, 0x00,
  0x00, 0x00, 0x00, 0x00, 0x00, 0x00, 0x00, 0x00, 0x00, 0x00, 0x00, 0x00, 0x00, 0x00, 0x00, 0x00,
  0x00, 0x00, 0x00, 0x00, 0x00, 0x00, 0x00, 0x00, 0x00, 0x00, 0x00, 0x00, 0x00, 0x00, 0x00, 0x00,
  0x00, 0x00, 0x00, 0x00, 0x00, 0x00, 0x00, 0x00, 0x00, 0x00, 0x00, 0x00, 0x00, 0x00, 0x00, 0x00,
  0x00, 0x00, 0x00, 0x00, 0x00, 0x00, 0x00, 0x00, 0x00, 0x00, 0x00, 0x00, 0x00, 0x00, 0x00, 0x00,
  0x00, 0x00, 0x00, 0x00, 0x00, 0x00, 0x00, 0x00, 0x00, 0x00, 0x00, 0x00, 0x00, 0x00, 0x00, 0x00,
  0x00, 0x00, 0x00, 0x00, 0x00, 0x00, 0x00, 0x00, 0x00, 0x00, 0x00, 0x00, 0x00, 0x00, 0x00, 0x00,
  0x00, 0x00, 0x00, 0x00, 0x00, 0x00, 0x00, 0x00, 0x00, 0x00, 0x00, 0x00, 0x00, 0x00, 0x00, 0x00,
  0x00, 0x00, 0x00, 0x00, 0x00, 0x00, 0x00, 0x00, 0x00, 0x00, 0x00, 0x00, 0x00, 0x00, 0x00, 0x00,
  0x00, 0x00, 0x00, 0x00, 0x00, 0x00, 0x00, 0x00, 0x00, 0x00, 0x00, 0x00, 0x00, 0x00, 0x00, 0x00,
  0x00, 0x00, 0x00, 0x00, 0x00, 0x00, 0x00, 0x00, 0x00, 0x00, 0x00, 0x00, 0x00, 0x00, 0x00, 0x00,
  0x00, 0x00, 0x00, 0x00, 0x00, 0x00, 0x00, 0x00, 0x00, 0x00, 0x00, 0x00, 0x00, 0x00, 0x00, 0x00,
  0x00, 0x00, 0x00, 0x00, 0x00, 0x00, 0x00, 0x00, 0x00, 0x00, 0x00, 0x00, 0x00, 0x00, 0x00, 0x00,
  0x00, 0x00, 0x00, 0x00, 0x00, 0x00, 0x00, 0x00, 0x00, 0x00, 0x00, 0x00, 0x00, 0x00, 0x00, 0x00,
  0x00, 0x00, 0x00, 0x00, 0x00, 0x00, 0x00, 0x00, 0x00, 0x00, 0x00, 0x00, 0x00, 0x00, 0x00, 0x00,
  0x00, 0x00, 0x00, 0x00, 0x00, 0x00, 0x00, 0x00, 0x00, 0x00, 0x00, 0x00, 0x00, 0x00, 0x00, 0x00,
  0x00, 0x00, 0x00, 0x00, 0x00, 0x00, 0x00, 0x00, 0x00, 0x00, 0x00, 0x00, 0x00, 0x00, 0x00, 0x00,
  0x00, 0x00, 0x00, 0x00, 0x00, 0x00, 0x00, 0x00, 0x00, 0x00, 0x00, 0x00, 0x00, 0x00, 0x00, 0x00,
  0x00, 0x00, 0x00, 0x00, 0x00, 0x00, 0x00, 0x00, 0x00, 0x00, 0x00, 0x00, 0x00, 0x00, 0x00, 0x00,
  0x00, 0x00, 0x00, 0x00, 0x00, 0x00, 0x00, 0x00, 0x00, 0x00, 0x00, 0x00, 0x00, 0x00, 0x00, 0x00,
  0x00, 0x00, 0x00, 0x00, 0x00, 0x00, 0x00, 0x00, 0x00, 0x00, 0x00, 0x00, 0x00, 0x00, 0x00, 0x00,
  0x00, 0x00, 0x00, 0x00, 0x00, 0x00, 0x00, 0x00, 0x00, 0x00, 0x00, 0x00, 0x00, 0x00, 0x00, 0x00,
  0x00, 0x00, 0x00, 0x00, 0x00, 0x00, 0x00, 0x00, 0x00, 0x00, 0x00, 0x00, 0x00, 0x00, 0x00, 0x00,
  0x00, 0x00, 0x00, 0x00, 0x00, 0x00, 0x00, 0x00, 0x00, 0x00, 0x00, 0x00, 0x00, 0x00, 0x00, 0x00,
  0x00, 0x00, 0x00, 0x00, 0x00, 0x00, 0x00, 0x00, 0x00, 0x00, 0x00, 0x00, 0x00, 0x00, 0x00, 0x00,
  0x00, 0x00, 0x00, 0x00, 0x00, 0x00, 0x00, 0x00, 0x00, 0x00, 0x00, 0x00, 0x00, 0x00, 0x00, 0x00,
  0x00, 0x00, 0x00, 0x00, 0x00, 0x00, 0x00, 0x00, 0x00, 0x00, 0x00, 0x00, 0x00, 0x00, 0x00, 0x00,
  0x00, 0x00, 0x00, 0x00, 0x00, 0x00, 0x00, 0x00, 0x00, 0x00, 0x00, 0x00, 0x00, 0x00, 0x00, 0x00,
  0x00, 0x00, 0x00, 0x00, 0x00, 0x00, 0x00, 0x00, 0x00, 0x00, 0x00, 0x00, 0x00, 0x00, 0x00, 0x00,
  0x00, 0x00, 0x00, 0x00, 0x00, 0x00, 0x00, 0x00, 0x00, 0x00, 0x00, 0x00, 0x00, 0x00, 0x00, 0x00,
  0x00, 0x00, 0x00, 0x00, 0x00, 0x00, 0x00, 0x00, 0x00, 0x00, 0x00, 0x00, 0x00, 0x00, 0x00, 0x00,
  0x00, 0x00, 0x00, 0x00, 0x00, 0x00, 0x00, 0x00, 0x00, 0x00, 0x00, 0x00, 0x00, 0x00, 0x00, 0x00,
  0x00, 0x00, 0x00, 0x00, 0x00, 0x00, 0x00, 0x00, 0x00, 0x00, 0x00, 0x00, 0x00, 0x00, 0x00, 0x00,
  0x00, 0x00, 0x00, 0x00, 0x00, 0x00, 0x00, 0x00, 0x00, 0x00, 0x00, 0x00, 0x00, 0x00, 0x00, 0x00,
  0x00, 0x00, 0x00, 0x00, 0x00, 0x00, 0x00, 0x00, 0x00, 0x00, 0x00, 0x00, 0x00, 0x00, 0x00, 0x00,
  0x00, 0x00, 0x00, 0x00, 0x00, 0x00, 0x00, 0x00, 0x00, 0x00, 0x00, 0x00, 0x00, 0x00, 0x00, 0x00,
  0x00, 0x00, 0x00, 0x00, 0x00, 0x00, 0x00, 0x00, 0x00, 0x00, 0x00, 0x00, 0x00, 0x00, 0x00, 0x00,
  0x00, 0x00, 0x00, 0x00, 0x00, 0x00, 0x00, 0x00, 0x00, 0x00, 0x00, 0x00, 0x00, 0x00, 0x00, 0x00,
  0x00, 0x00, 0x00, 0x00, 0x00, 0x00, 0x00, 0x00, 0x00, 0x00, 0x00, 0x00, 0x00, 0x00, 0x00, 0x00,
  0x00, 0x00, 0x00, 0x00, 0x00, 0x00, 0x00, 0x00, 0x00, 0x00, 0x00, 0x00, 0x00, 0x00, 0x00, 0x00,
  0x00, 0x00, 0x00, 0x00, 0x00, 0x00, 0x00, 0x00, 0x00, 0x00, 0x00, 0x00, 0x00, 0x00, 0x00, 0x00,
  0x00, 0x00, 0x00, 0x00, 0x00, 0x00, 0x00, 0x00, 0x00, 0x00, 0x00, 0x00, 0x00, 0x00, 0x00, 0x00,
  0x00, 0x00, 0x00, 0x00, 0x00, 0x00, 0x00, 0x00, 0x00, 0x00, 0x00, 0x00, 0x00, 0x00, 0x00, 0x00,
  0x00, 0x00, 0x00, 0x00, 0x00, 0x00, 0x00, 0x00, 0x00, 0x00, 0x00, 0x00, 0x00, 0x00, 0x00, 0x00,
  0x00, 0x00, 0x00, 0x00, 0x00, 0x00, 0x00, 0x00, 0x00, 0x00, 0x00, 0x00, 0x00, 0x00, 0x00, 0x00,
  0x00, 0x00, 0x00, 0x00, 0x00, 0x00, 0x00, 0x00, 0x00, 0x00, 0x00, 0x00, 0x00, 0x00, 0x00, 0x00,
  0x00, 0x00, 0x00, 0x00, 0x00, 0x00, 0x00, 0x00, 0x00, 0x00, 0x00, 0x00, 0x00, 0x00, 0x00, 0x00,
  0x00, 0x00, 0x00, 0x00, 0x00, 0x00, 0x00, 0x00, 0x00, 0x00, 0x00, 0x00, 0x00, 0x00, 0x00, 0x00,
  0x00, 0x00, 0x00, 0x00, 0x00, 0x00, 0x00, 0x00, 0x00, 0x00, 0x00, 0x00, 0x00, 0x00, 0x00, 0x00,
  0x00, 0x00, 0x00, 0x00, 0x00, 0x00, 0x00, 0x00, 0x00, 0x00, 0x00, 0x00, 0x00, 0x00, 0x00, 0x00,
  0x00, 0x00, 0x00, 0x00, 0x00, 0x00, 0x00, 0x00, 0x00, 0x00, 0x00, 0x00, 0x00, 0x00, 0x00, 0x00,
  0x00, 0x00, 0x00, 0x00, 0x00, 0x00, 0x00, 0x00, 0x00, 0x00, 0x00, 0x00, 0x00, 0x00, 0x00, 0x00,
  0x00, 0x00, 0x00, 0x00, 0x00, 0x00, 0x00, 0x00, 0x00, 0x00, 0x00, 0x00, 0x00, 0x00, 0x00, 0x00,
  0x00, 0x00, 0x00, 0x00, 0x00, 0x00, 0x00, 0x00, 0x00, 0x00, 0x00, 0x00, 0x00, 0x00, 0x00, 0x00,
  0x00, 0x00, 0x00, 0x00, 0x00, 0x00, 0x00, 0x00, 0x00, 0x00, 0x00, 0x00, 0x00, 0x00, 0x00, 0x00,
  0x00, 0x00, 0x00, 0x00, 0x00, 0x00, 0x00, 0x00, 0x00, 0x00, 0x00, 0x00, 0x00, 0x00, 0x00, 0x00,
  0x00, 0x00, 0x00, 0x00, 0x00, 0x00, 0x00, 0x00, 0x00, 0x00, 0x00, 0x00, 0x00, 0x00, 0x00, 0x00,
  0x00, 0x00, 0x00, 0x00, 0x00, 0x00, 0x00, 0x00, 0x00, 0x00, 0x00, 0x00, 0x00, 0x00, 0x00, 0x00,
  0x00, 0x00, 0x00, 0x00, 0x00, 0x00, 0x00, 0x00, 0x00, 0x00, 0x00, 0x00, 0x00, 0x00, 0x00, 0x00,
  0x00, 0x00, 0x00, 0x00, 0x00, 0x00, 0x00, 0x00, 0x00, 0x00, 0x00, 0x00, 0x00, 0x00, 0x00, 0x00,
  0x00, 0x00, 0x00, 0x00, 0x00, 0x00, 0x00, 0x00, 0x00, 0x00, 0x00, 0x00, 0x00, 0x00, 0x00, 0x00,
  0x00, 0x00, 0x00, 0x00, 0x00, 0x00, 0x00, 0x00, 0x00, 0x00, 0x00, 0x00, 0x00, 0x00, 0x00, 0x00,
  0x00, 0x00, 0x00, 0x00, 0x00, 0x00, 0x00, 0x00, 0x00, 0x00, 0x00, 0x00, 0x00, 0x00, 0x00, 0x00,
  0x00, 0x00, 0x00, 0x00, 0x00, 0x00, 0x00, 0x00, 0x00, 0x00, 0x00, 0x00, 0x00, 0x00, 0x00, 0x00,
  0x00, 0x00, 0x00, 0x00, 0x00, 0x00, 0x00, 0x00, 0x00, 0x00, 0x00, 0x00, 0x00, 0x00, 0x00, 0x00,
  0x00, 0x00, 0x00, 0x00, 0x00, 0x00, 0x00, 0x00, 0x00, 0x00, 0x00, 0x00, 0x00, 0x00, 0x00, 0x00,
  0x00, 0x00, 0x00, 0x00, 0x00, 0x00, 0x00, 0x00, 0x00, 0x00, 0x00, 0x00, 0x00, 0x00, 0x00, 0x00,
  0x00, 0x00, 0x00, 0x00, 0x00, 0x00, 0x00, 0x00, 0x00, 0x00, 0x00, 0x00, 0x00, 0x00, 0x00, 0x00,
  0x00, 0x00, 0x00, 0x00, 0x00, 0x00, 0x00, 0x00, 0x00, 0x00, 0x00, 0x00, 0x00, 0x00, 0x00, 0x00,
  0x00, 0x00, 0x00, 0x00, 0x00, 0x00, 0x00, 0x00, 0x00, 0x00, 0x00, 0x00, 0x00, 0x00, 0x00, 0x00,
  0x00, 0x00, 0x00, 0x00, 0x00, 0x00, 0x00, 0x00, 0x00, 0x00, 0x00, 0x00, 0x00, 0x00, 0x00, 0x00,
  0x00, 0x00, 0x00, 0x00, 0x00, 0x00, 0x00, 0x00, 0x00, 0x00, 0x00, 0x00, 0x00, 0x00, 0x00, 0x00,
  0x00, 0x00, 0x00, 0x00, 0x00, 0x00, 0x00, 0x00, 0x00, 0x00, 0x00, 0x00, 0x00, 0x00, 0x00, 0x00,
  0x00, 0x00, 0x00, 0x00, 0x00, 0x00, 0x00, 0x00, 0x00, 0x00, 0x00, 0x00, 0x00, 0x00, 0x00, 0x00,
  0x00, 0x00, 0x00, 0x00, 0x00, 0x00, 0x00, 0x00, 0x00, 0x00, 0x00, 0x00, 0x00, 0x00, 0x00, 0x00,
  0x00, 0x00, 0x00, 0x00, 0x00, 0x00, 0x00, 0x00, 0x00, 0x00, 0x00, 0x00, 0x00, 0x00, 0x00, 0x00,
  0x00, 0x00, 0x00, 0x00, 0x00, 0x00, 0x00, 0x00, 0x00, 0x00, 0x00, 0x00, 0x00, 0x00, 0x00, 0x00,
  0x00, 0x00, 0x00, 0x00, 0x00, 0x00, 0x00, 0x00, 0x00, 0x00, 0x00, 0x00, 0x00, 0x00, 0x00, 0x00,
  0x00, 0x00, 0x00, 0x00, 0x00, 0x00, 0x00, 0x00, 0x00, 0x00, 0x00, 0x00, 0x00, 0x00, 0x00, 0x00,
  0x00, 0x00, 0x00, 0x00, 0x00, 0x00, 0x00, 0x00, 0x00, 0x00, 0x00, 0x00, 0x00, 0x00, 0x00, 0x00,
  0x00, 0x00, 0x00, 0x00, 0x00, 0x00, 0x00, 0x00, 0x00, 0x00, 0x00, 0x00, 0x00, 0x00, 0x00, 0x00,
  0x00, 0x00, 0x00, 0x00, 0x00, 0x00, 0x00, 0x00, 0x00, 0x00, 0x00, 0x00, 0x00, 0x00, 0x00, 0x00,
  0x00, 0x00, 0x00, 0x00, 0x00, 0x00, 0x00, 0x00, 0x00, 0x00, 0x00, 0x00, 0x00, 0x00, 0x00, 0x00,
  0x00, 0x00, 0x00, 0x00, 0x00, 0x00, 0x00, 0x00, 0x00, 0x00, 0x00, 0x00, 0x00, 0x00, 0x00, 0x00,
  0x00, 0x00, 0x00, 0x00, 0x00, 0x00, 0x00, 0x00, 0x00, 0x00, 0x00, 0x00, 0x00, 0x00, 0x00, 0x00,
  0x00, 0x00, 0x00, 0x00, 0x00, 0x00, 0x00, 0x00, 0x00, 0x00, 0x00, 0x00, 0x00, 0x00, 0x00, 0x00,
  0x00, 0x00, 0x00, 0x00, 0x00, 0x00, 0x00, 0x00, 0x00, 0x00, 0x00, 0x00, 0x00, 0x00, 0x00, 0x00,
  0x00, 0x00, 0x00, 0x00, 0x00, 0x00, 0x00, 0x00, 0x00, 0x00, 0x00, 0x00, 0x00, 0x00, 0x00, 0x00,
  0x00, 0x00, 0x00, 0x00, 0x00, 0x00, 0x00, 0x00, 0x00, 0x00, 0x00, 0x00, 0x00, 0x00, 0x00, 0x00,
  0x00, 0x00, 0x00, 0x00, 0x00, 0x00, 0x00, 0x00, 0x00, 0x00, 0x00, 0x00, 0x00, 0x00, 0x00, 0x00,
  0x00, 0x00, 0x00, 0x00, 0x00, 0x00, 0x00, 0x00, 0x00, 0x00, 0x00, 0x00, 0x00, 0x00, 0x00, 0x00,
  0x00, 0x00, 0x00, 0x00, 0x00, 0x00, 0x00, 0x00, 0x00, 0x00, 0x00, 0x00, 0x00, 0x00, 0x00, 0x00,
  0x00, 0x00, 0x00, 0x00, 0x00, 0x00, 0x00, 0x00, 0x00, 0x00, 0x00, 0x00, 0x00, 0x00, 0x00, 0x00,
  0x00, 0x00, 0x00, 0x00, 0x00, 0x00, 0x00, 0x00, 0x00, 0x00, 0x00, 0x00, 0x00, 0x00, 0x00, 0x00,
  0x00, 0x00, 0x00, 0x00, 0x00, 0x00, 0x00, 0x00, 0x00, 0x00, 0x00, 0x00, 0x00, 0x00, 0x00, 0x00,
  0x00, 0x00, 0x00, 0x00, 0x00, 0x00, 0x00, 0x00, 0x00, 0x00, 0x00, 0x00, 0x00, 0x00, 0x00, 0x00,
  0x00, 0x00, 0x00, 0x00, 0x00, 0x00, 0x00, 0x00, 0x00, 0x00, 0x00, 0x00, 0x00, 0x00, 0x00, 0x00,
  0x00, 0x00, 0x00, 0x00, 0x00, 0x00, 0x00, 0x00, 0x00, 0x00, 0x00, 0x00, 0x00, 0x00, 0x00, 0x00,
  0x00, 0x00, 0x00, 0x00, 0x00, 0x00, 0x00, 0x00, 0x00, 0x00, 0x00, 0x00, 0x00, 0x00, 0x00, 0x00,
  0x00, 0x00, 0x00, 0x00, 0x00, 0x00, 0x00, 0x00, 0x00, 0x00, 0x00, 0x00, 0x00, 0x00, 0x00, 0x00,
  0x00, 0x00, 0x00, 0x00, 0x00, 0x00, 0x00, 0x00, 0x00, 0x00, 0x00, 0x00, 0x00, 0x00, 0x00, 0x00,
  0x00, 0x00, 0x00, 0x00, 0x00, 0x00, 0x00, 0x00, 0x00, 0x00, 0x00, 0x00, 0x00, 0x00, 0x00, 0x00,
  0x00, 0x00, 0x00, 0x00, 0x00, 0x00, 0x00, 0x00, 0x00, 0x00, 0x00, 0x00, 0x00, 0x00, 0x00, 0x00,
  0x00, 0x00, 0x00, 0x00, 0x00, 0x00, 0x00, 0x00, 0x00, 0x00, 0x00, 0x00, 0x00, 0x00, 0x00, 0x00,
  0x00, 0x00, 0x00, 0x00, 0x00, 0x00, 0x00, 0x00, 0x00, 0x00, 0x00, 0x00, 0x00, 0x00, 0x00, 0x00,
  0x00, 0x00, 0x00, 0x00, 0x00, 0x00, 0x00, 0x00, 0x00, 0x00, 0x00, 0x00, 0x00, 0x00, 0x00, 0x00,
  0x00, 0x00, 0x00, 0x00, 0x00, 0x00, 0x00, 0x00, 0x00, 0x00, 0x00, 0x00, 0x00, 0x00, 0x00, 0x00,
  0x00, 0x00, 0x00, 0x00, 0x00, 0x00, 0x00, 0x00, 0x00, 0x00, 0x00, 0x00, 0x00, 0x00, 0x00, 0x00,
  0x00, 0x00, 0x00, 0x00, 0x00, 0x00, 0x00, 0x00, 0x00, 0x00, 0x00, 0x00, 0x00, 0x00, 0x00, 0x00,
  0x00, 0x00, 0x00, 0x00, 0x00, 0x00, 0x00, 0x00, 0x00, 0x00, 0x00, 0x00, 0x00, 0x00, 0x00, 0x00,
  0x00, 0x00, 0x00, 0x00, 0x00, 0x00, 0x00, 0x00, 0x00, 0x00, 0x00, 0x00, 0x00, 0x00, 0x00, 0x00,
  0x00, 0x00, 0x00, 0x00, 0x00, 0x00, 0x00, 0x00, 0x00, 0x00, 0x00, 0x00, 0x00, 0x00, 0x00, 0x00,
  0x00, 0x00, 0x00, 0x00, 0x00, 0x00, 0x00, 0x00, 0x00, 0x00, 0x00, 0x00, 0x00, 0x00, 0x00, 0x00,
  0x00, 0x00, 0x00, 0x00, 0x00, 0x00, 0x00, 0x00, 0x00, 0x00, 0x00, 0x00, 0x00, 0x00, 0x00, 0x00,
  0x00, 0x00, 0x00, 0x00, 0x00, 0x00, 0x00, 0x00, 0x00, 0x00, 0x00, 0x00, 0x00, 0x00, 0x00, 0x00,
  0x00, 0x00, 0x00, 0x00, 0x00, 0x00, 0x00, 0x00, 0x00, 0x00, 0x00, 0x00, 0x00, 0x00, 0x00, 0x00,
  0x00, 0x00, 0x00, 0x00, 0x00, 0x00, 0x00, 0x00, 0x00, 0x00, 0x00, 0x00, 0x00, 0x00, 0x00, 0x00,
  0x00, 0x00, 0x00, 0x00, 0x00, 0x00, 0x00, 0x00, 0x00, 0x00, 0x00, 0x00, 0x00, 0x00, 0x00, 0x00,
  0x00, 0x00, 0x00, 0x00, 0x00, 0x00, 0x00, 0x00, 0x00, 0x00, 0x00, 0x00, 0x00, 0x00, 0x00, 0x00,
  0x00, 0x00, 0x00, 0x00, 0x00, 0x00, 0x00, 0x00, 0x00, 0x00, 0x00, 0x00, 0x00, 0x00, 0x00, 0x00,
  0x00, 0x00, 0x00, 0x00, 0x00, 0x00, 0x00, 0x00, 0x00, 0x00, 0x00, 0x00, 0x00, 0x00, 0x00, 0x00,
  0x00, 0x00, 0x00, 0x00, 0x00, 0x00, 0x00, 0x00, 0x00, 0x00, 0x00, 0x00, 0x00, 0x00, 0x00, 0x00,
  0x00, 0x00, 0x00, 0x00, 0x00, 0x00, 0x00, 0x00, 0x00, 0x00, 0x00, 0x00, 0x00, 0x00, 0x00, 0x00,
  0x00, 0x00, 0x00, 0x00, 0x00, 0x00, 0x00, 0x00, 0x00, 0x00, 0x00, 0x00, 0x00, 0x00, 0x00, 0x00,
  0x00, 0x00, 0x00, 0x00, 0x00, 0x00, 0x00, 0x00, 0x00, 0x00, 0x00, 0x00, 0x00, 0x00, 0x00, 0x00,
  0x00, 0x00, 0x00, 0x00, 0x00, 0x00, 0x00, 0x00, 0x00, 0x00, 0x00, 0x00, 0x00, 0x00, 0x00, 0x00,
  0x00, 0x00, 0x00, 0x00, 0x00, 0x00, 0x00, 0x00, 0x00, 0x00, 0x00, 0x00, 0x00, 0x00, 0x00, 0x00,
  0x00, 0x00, 0x00, 0x00, 0x00, 0x00, 0x00, 0x00, 0x00, 0x00, 0x00, 0x00, 0x00, 0x00, 0x00, 0x00,
  0x00, 0x00, 0x00, 0x00, 0x00, 0x00, 0x00, 0x00, 0x00, 0x00, 0x00, 0x00, 0x00, 0x00, 0x00, 0x00,
  0x00, 0x00, 0x00, 0x00, 0x00, 0x00, 0x00, 0x00, 0x00, 0x00, 0x00, 0x00, 0x00, 0x00, 0x00, 0x00,
  0x00, 0x00, 0x00, 0x00, 0x00, 0x00, 0x00, 0x00, 0x00, 0x00, 0x00, 0x00, 0x00, 0x00, 0x00, 0x00,
  0x00, 0x00, 0x00, 0x00, 0x00, 0x00, 0x00, 0x00, 0x00, 0x00, 0x00, 0x00, 0x00, 0x00, 0x00, 0x00,
  0x00, 0x00, 0x00, 0x00, 0x00, 0x00, 0x00, 0x00, 0x00, 0x00, 0x00, 0x00, 0x00, 0x00, 0x00, 0x00,
  0x00, 0x00, 0x00, 0x00, 0x00, 0x00, 0x00, 0x00, 0x00, 0x00, 0x00, 0x00, 0x00, 0x00, 0x00, 0x00,
  0x00, 0x00, 0x00, 0x00, 0x00, 0x00, 0x00, 0x00, 0x00, 0x00, 0x00, 0x00, 0x00, 0x00, 0x00, 0x00,
  0x00, 0x00, 0x00, 0x00, 0x00, 0x00, 0x00, 0x00, 0x00, 0x00, 0x00, 0x00, 0x00, 0x00, 0x00, 0x00,
  0x00, 0x00, 0x00, 0x00, 0x00, 0x00, 0x00, 0x00, 0x00, 0x00, 0x00, 0x00, 0x00, 0x00, 0x00, 0x00,
  0x00, 0x00, 0x00, 0x00, 0x00, 0x00, 0x00, 0x00, 0x00, 0x00, 0x00, 0x00, 0x00, 0x00, 0x00, 0x00,
  0x00, 0x00, 0x00, 0x00, 0x00, 0x00, 0x00, 0x00, 0x00, 0x00, 0x00, 0x00, 0x00, 0x00, 0x00, 0x00,
  0x00, 0x00, 0x00, 0x00, 0x00, 0x00, 0x00, 0x00, 0x00, 0x00, 0x00, 0x00, 0x00, 0x00, 0x00, 0x00,
  0x00, 0x00, 0x00, 0x00, 0x00, 0x00, 0x00, 0x00, 0x00, 0x00, 0x00, 0x00, 0x00, 0x00, 0x00, 0x00,
  0x00, 0x00, 0x00, 0x00, 0x00, 0x00, 0x00, 0x00, 0x00, 0x00, 0x00, 0x00, 0x00, 0x00, 0x00, 0x00,
  0x00, 0x00, 0x00, 0x00, 0x00, 0x00, 0x00, 0x00, 0x00, 0x00, 0x00, 0x00, 0x00, 0x00, 0x00, 0x00,
  0x00, 0x00, 0x00, 0x00, 0x00, 0x00, 0x00, 0x00, 0x00, 0x00, 0x00, 0x00, 0x00, 0x00, 0x00, 0x00,
  0x00, 0x00, 0x00, 0x00, 0x00, 0x00, 0x00, 0x00, 0x00, 0x00, 0x00, 0x00, 0x00, 0x00, 0x00, 0x00,
  0x00, 0x00, 0x00, 0x00, 0x00, 0x00, 0x00, 0x00, 0x00, 0x00, 0x00, 0x00, 0x00, 0x00, 0x00, 0x00,
  0x00, 0x00, 0x00, 0x00, 0x00, 0x00, 0x00, 0x00, 0x00, 0x00, 0x00, 0x00, 0x00, 0x00, 0x00, 0x00,
  0x00, 0x00, 0x00, 0x00, 0x00, 0x00, 0x00, 0x00, 0x00, 0x00, 0x00, 0x00, 0x00, 0x00, 0x00, 0x00,
  0x00, 0x00, 0x00, 0x00, 0x00, 0x00, 0x00, 0x00, 0x00, 0x00, 0x00, 0x00, 0x00, 0x00, 0x00, 0x00,
  0x00, 0x00, 0x00, 0x00, 0x00, 0x00, 0x00, 0x00, 0x00, 0x00, 0x00, 0x00, 0x00, 0x00, 0x00, 0x00,
  0x00, 0x00, 0x00, 0x00, 0x00, 0x00, 0x00, 0x00, 0x00, 0x00, 0x00, 0x00, 0x00, 0x00, 0x00, 0x00,
  0x00, 0x00, 0x00, 0x00, 0x00, 0x00, 0x00, 0x00, 0x00, 0x00, 0x00, 0x00, 0x00, 0x00, 0x00, 0x00,
  0x00, 0x00, 0x00, 0x00, 0x00, 0x00, 0x00, 0x00, 0x00, 0x00, 0x00, 0x00, 0x00, 0x00, 0x00, 0x00,
  0x00, 0x00, 0x00, 0x00, 0x00, 0x00, 0x00, 0x00, 0x00, 0x00, 0x00, 0x00, 0x00, 0x00, 0x00, 0x00,
  0x00, 0x00, 0x00, 0x00, 0x00, 0x00, 0x00, 0x00, 0x00, 0x00, 0x00, 0x00, 0x00, 0x00, 0x00, 0x00,
  0x00, 0x00, 0x00, 0x00, 0x00, 0x00, 0x00, 0x00, 0x00, 0x00, 0x00, 0x00, 0x00, 0x00, 0x00, 0x00,
  0x00, 0x00, 0x00, 0x00, 0x00, 0x00, 0x00, 0x00, 0x00, 0x00, 0x00, 0x00, 0x00, 0x00, 0x00, 0x00,
  0x00, 0x00, 0x00, 0x00, 0x00, 0x00, 0x00, 0x00, 0x00, 0x00, 0x00, 0x00, 0x00, 0x00, 0x00, 0x00,
  0x00, 0x00, 0x00, 0x00, 0x00, 0x00, 0x00, 0x00, 0x00, 0x00, 0x00, 0x00, 0x00, 0x00, 0x00, 0x00,
  0x00, 0x00, 0x00, 0x00, 0x00, 0x00, 0x00, 0x00, 0x00, 0x00, 0x00, 0x00, 0x00, 0x00, 0x00, 0x00,
  0x00, 0x00, 0x00, 0x00, 0x00, 0x00, 0x00, 0x00, 0x00, 0x00, 0x00, 0x00, 0x00, 0x00, 0x00, 0x00,
  0x00, 0x00, 0x00, 0x00, 0x00, 0x00, 0x00, 0x00, 0x00, 0x00, 0x00, 0x00, 0x00, 0x00, 0x00, 0x00,
  0x00, 0x00, 0x00, 0x00, 0x00, 0x00, 0x00, 0x00, 0x00, 0x00, 0x00, 0x00, 0x00, 0x00, 0x00, 0x00,
  0x00, 0x00, 0x00, 0x00, 0x00, 0x00, 0x00, 0x00, 0x00, 0x00, 0x00, 0x00, 0x00, 0x00, 0x00, 0x00,
  0x00, 0x00, 0x00, 0x00, 0x00, 0x00, 0x00, 0x00, 0x00, 0x00, 0x00, 0x00, 0x00, 0x00, 0x00, 0x00,
  0x00, 0x00, 0x00, 0x00, 0x00, 0x00, 0x00, 0x00, 0x00, 0x00, 0x00, 0x00, 0x00, 0x00, 0x00, 0x00,
  0x00, 0x00, 0x00, 0x00, 0x00, 0x00, 0x00, 0x00, 0x00, 0x00, 0x00, 0x00, 0x00, 0x00, 0x00, 0x00,
  0x00, 0x00, 0x00, 0x00, 0x00, 0x00, 0x00, 0x00, 0x00, 0x00, 0x00, 0x00, 0x00, 0x00, 0x00, 0x00,
  0x00, 0x00, 0x00, 0x00, 0x00, 0x00, 0x00, 0x00, 0x00, 0x00, 0x00, 0x00, 0x00, 0x00, 0x00, 0x00,
  0x00, 0x00, 0x00, 0x00, 0x00, 0x00, 0x00, 0x00, 0x00, 0x00, 0x00, 0x00, 0x00, 0x00, 0x00, 0x00,
  0x00, 0x00, 0x00, 0x00, 0x00, 0x00, 0x00, 0x00, 0x00, 0x00, 0x00, 0x00, 0x00, 0x00, 0x00, 0x00,
  0x00, 0x00, 0x00, 0x00, 0x00, 0x00, 0x00, 0x00, 0x00, 0x00, 0x00, 0x00, 0x00, 0x00, 0x00, 0x00,
  0x00, 0x00, 0x00, 0x00, 0x00, 0x00, 0x00, 0x00, 0x00, 0x00, 0x00, 0x00, 0x00, 0x00, 0x00, 0x00,
  0x00, 0x00, 0x00, 0x00, 0x00, 0x00, 0x00, 0x00, 0x00, 0x00, 0x00, 0x00, 0x00, 0x00, 0x00, 0x00,
  0x00, 0x00, 0x00, 0x00, 0x00, 0x00, 0x00, 0x00, 0x00, 0x00, 0x00, 0x00, 0x00, 0x00, 0x00, 0x00,
  0x00, 0x00, 0x00, 0x00, 0x00, 0x00, 0x00, 0x00, 0x00, 0x00, 0x00, 0x00, 0x00, 0x00, 0x00, 0x00,
  0x00, 0x00, 0x00, 0x00, 0x00, 0x00, 0x00, 0x00, 0x00, 0x00, 0x00, 0x00, 0x00, 0x00, 0x00, 0x00,
  0x00, 0x00, 0x00, 0x00, 0x00, 0x00, 0x00, 0x00, 0x00, 0x00, 0x00, 0x00, 0x00, 0x00, 0x00, 0x00,
  0x00, 0x00, 0x00, 0x00, 0x00, 0x00, 0x00, 0x00, 0x00, 0x00, 0x00, 0x00, 0x00, 0x00, 0x00, 0x00,
  0x00, 0x00, 0x00, 0x00, 0x00, 0x00, 0x00, 0x00, 0x00, 0x00, 0x00, 0x00, 0x00, 0x00, 0x00, 0x00,
  0x00, 0x00, 0x00, 0x00, 0x00, 0x00, 0x00, 0x00, 0x00, 0x00, 0x00, 0x00, 0x00, 0x00, 0x00, 0x00,
  0x00, 0x00, 0x00, 0x00, 0x00, 0x00, 0x00, 0x00, 0x00, 0x00, 0x00, 0x00, 0x00, 0x00, 0x00, 0x00,
  0x00, 0x00, 0x00, 0x00, 0x00, 0x00, 0x00, 0x00, 0x00, 0x00, 0x00, 0x00, 0x00, 0x00, 0x00, 0x00,
  0x00, 0x00, 0x00, 0x00, 0x00, 0x00, 0x00, 0x00, 0x00, 0x00, 0x00, 0x00, 0x00, 0x00, 0x00, 0x00,
  0x00, 0x00, 0x00, 0x00, 0x00, 0x00, 0x00, 0x00, 0x00, 0x00, 0x00, 0x00, 0x00, 0x00, 0x00, 0x00,
  0x00, 0x00, 0x00, 0x00, 0x00, 0x00, 0x00, 0x00, 0x00, 0x00, 0x00, 0x00, 0x00, 0x00, 0x00, 0x00,
  0x00, 0x00, 0x00, 0x00, 0x00, 0x00, 0x00, 0x00, 0x00, 0x00, 0x00, 0x00, 0x00, 0x00, 0x00, 0x00,
  0x00, 0x00, 0x00, 0x00, 0x00, 0x00, 0x00, 0x00, 0x00, 0x00, 0x00, 0x00, 0x74, 0x5a, 0x74, 0x5a,
  0x74, 0x5a, 0x00, 0x00, 0x00, 0x00, 0x00, 0x00, 0x00, 0x00, 0x00, 0x00, 0x00, 0x00, 0x00, 0x00,
  0x00, 0x00, 0x00, 0x00, 0x00, 0x00, 0x00, 0x00, 0x00, 0x00, 0x00, 0x00, 0x00, 0x00, 0x00, 0x00,
  0x00, 0x00, 0x00, 0x00, 0x00, 0x00, 0x00, 0x00, 0x00, 0x00, 0x00, 0x00, 0x00, 0x00, 0x00, 0x00,
  0x00, 0x00, 0x00, 0x00, 0x00, 0x00, 0x00, 0x00, 0x00, 0x00, 0x00, 0x00, 0x00, 0x00, 0x00, 0x00,
  0x00, 0x00, 0x00, 0x00, 0x00, 0x00, 0x00, 0x00, 0x00, 0x00, 0x00, 0x00, 0x00, 0x00, 0x00, 0x00,
  0x00, 0x00, 0x00, 0x00, 0x00, 0x00, 0x00, 0x00, 0x00, 0x00, 0x00, 0x00, 0x00, 0x00, 0x00, 0x00,
  0x00, 0x00, 0x00, 0x00, 0x00, 0x00, 0x00, 0x00, 0x00, 0x00, 0x00, 0x00, 0x00, 0x00, 0x00, 0x00,
  0x00, 0x00, 0x00, 0x00, 0x00, 0x00, 0x00, 0x00, 0x00, 0x00, 0x00, 0x00, 0x00, 0x00, 0x00, 0x00,
  0x00, 0x00, 0x00, 0x00, 0x00, 0x00, 0x00, 0x00, 0x00, 0x00, 0x00, 0x00, 0x00, 0x00, 0x00, 0x00,
  0x00, 0x00, 0x00, 0x00, 0x00, 0x00, 0x00, 0x00, 0x00, 0x00, 0x00, 0x00, 0x00, 0x00, 0x00, 0x00,
  0x00, 0x00, 0x00, 0x00, 0x00, 0x00, 0x00, 0x00, 0x00, 0x00, 0x00, 0x00, 0x00, 0x00, 0x00, 0x00,
  0x00, 0x00, 0x00, 0x00, 0x00, 0x00, 0x00, 0x00, 0x00, 0x00, 0x00, 0x00, 0x00, 0x00, 0x00, 0x00,
  0x00, 0x00, 0x00, 0x00, 0x00, 0x00, 0x00, 0x00, 0x00, 0x00, 0x00, 0x00, 0x00, 0x00, 0x00, 0x00,
  0x00, 0x00, 0x00, 0x00, 0x00, 0x00, 0x00, 0x00, 0x00, 0x00, 0x00, 0x00, 0x00, 0x00, 0x00, 0x00,
  0x00, 0x00, 0x00, 0x00, 0x00, 0x00, 0x00, 0x00, 0x00, 0x00, 0x00, 0x00, 0x00, 0x00, 0x00, 0x00,
  0x00, 0x00, 0x00, 0x00, 0x00, 0x00, 0x00, 0x00, 0x00, 0x00, 0x00, 0x00, 0x00, 0x00, 0x00, 0x00,
  0x00, 0x00, 0x00, 0x00, 0x00, 0x00, 0x00, 0x00, 0x00, 0x00, 0x00, 0x00, 0x00, 0x00, 0x00, 0x00,
  0x00, 0x00, 0x00, 0x00, 0x00, 0x00, 0x00, 0x00, 0x00, 0x00, 0x00, 0x00, 0x00, 0x00, 0x00, 0x00,
  0x00, 0x00, 0x00, 0x00, 0x00, 0x00, 0x00, 0x00, 0x00, 0x00, 0x00, 0x00, 0x00, 0x00, 0x00, 0x00,
  0x00, 0x00, 0x00, 0x00, 0x00, 0x00, 0x00, 0x00, 0x00, 0x00, 0x00, 0x00, 0x00, 0x00, 0x00, 0x00,
  0x00, 0x00, 0x00, 0x00, 0x00, 0x00, 0x00, 0x00, 0x00, 0x00, 0x00, 0x00, 0x00, 0x00, 0x00, 0x00,
  0x00, 0x00, 0x00, 0x00, 0x00, 0x00, 0x00, 0x00, 0x00, 0x00, 0x00, 0x00, 0x00, 0x00, 0x00, 0x00,
  0x00, 0x00, 0x00, 0x00, 0x00, 0x00, 0x00, 0x00, 0x00, 0x00, 0x00, 0x00, 0x00, 0x00, 0x00, 0x00,
  0x00, 0x00, 0x00, 0x00, 0x00, 0x00, 0x00, 0x00, 0x00, 0x00, 0x00, 0x00, 0x00, 0x00, 0x00, 0x00,
  0x00, 0x00, 0x00, 0x00, 0x00, 0x00, 0x00, 0x00, 0x00, 0x00, 0x00, 0x00, 0x00, 0x00, 0x00, 0x00,
  0x00, 0x00, 0x00, 0x00, 0x00, 0x00, 0x00, 0x00, 0x00, 0x00, 0x00, 0x00, 0x00, 0x00, 0x00, 0x00,
  0x00, 0x00, 0x00, 0x00, 0x00, 0x00, 0x00, 0x00, 0x00, 0x00, 0x00, 0x00, 0x00, 0x00, 0x00, 0x00,
  0x00, 0x00, 0x00, 0x00, 0x74, 0x5a, 0x74, 0x5a, 0x74, 0x5a, 0x00, 0x00, 0x00, 0x00, 0x00, 0x00,
  0x00, 0x00, 0x00, 0x00, 0x00, 0x00, 0x00, 0x00, 0x00, 0x00, 0x00, 0x00, 0x00, 0x00, 0x00, 0x00,
  0x00, 0x00, 0x00, 0x00, 0x00, 0x00, 0x00, 0x00, 0x00, 0x00, 0x00, 0x00, 0x00, 0x00, 0x00, 0x00,
  0x00, 0x00, 0x00, 0x00, 0x00, 0x00, 0x00, 0x00, 0x00, 0x00, 0x00, 0x00, 0x00, 0x00, 0x00, 0x00,
  0x00, 0x00, 0x00, 0x00, 0x00, 0x00, 0x00, 0x00, 0x00, 0x00, 0x00, 0x00, 0x00, 0x00, 0x00, 0x00,
  0x00, 0x00, 0x00, 0x00, 0x00, 0x00, 0x00, 0x00, 0x00, 0x00, 0x00, 0x00, 0x00, 0x00, 0x00, 0x00,
  0x00, 0x00, 0x00, 0x00, 0x00, 0x00, 0x00, 0x00, 0x00, 0x00, 0x00, 0x00, 0x00, 0x00, 0x00, 0x00,
  0x00, 0x00, 0x00, 0x00, 0x00, 0x00, 0x00, 0x00, 0x00, 0x00, 0x00, 0x00, 0x00, 0x00, 0x00, 0x00,
  0x00, 0x00, 0x00, 0x00, 0x00, 0x00, 0x00, 0x00, 0x00, 0x00, 0x00, 0x00, 0x00, 0x00, 0x00, 0x00,
  0x00, 0x00, 0x00, 0x00, 0x00, 0x00, 0x00, 0x00, 0x00, 0x00, 0x00, 0x00, 0x00, 0x00, 0x00, 0x00,
  0x00, 0x00, 0x00, 0x00, 0x00, 0x00, 0x00, 0x00, 0x00, 0x00, 0x00, 0x00, 0x00, 0x00, 0x00, 0x00,
  0x00, 0x00, 0x00, 0x00, 0x00, 0x00, 0x00, 0x00, 0x00, 0x00, 0x00, 0x00, 0x00, 0x00, 0x00, 0x00,
  0x00, 0x00, 0x00, 0x00, 0x00, 0x00, 0x00, 0x00, 0x00, 0x00, 0x00, 0x00, 0x00, 0x00, 0x00, 0x00,
  0x00, 0x00, 0x00, 0x00, 0x00, 0x00, 0x00, 0x00, 0x00, 0x00, 0x00, 0x00, 0x00, 0x00, 0x00, 0x00,
  0x00, 0x00, 0x00, 0x00, 0x00, 0x00, 0x00, 0x00, 0x00, 0x00, 0x00, 0x00, 0x00, 0x00, 0x00, 0x00,
  0x00, 0x00, 0x00, 0x00, 0x00, 0x00, 0x00, 0x00, 0x00, 0x00, 0x00, 0x00, 0x00, 0x00, 0x00, 0x00,
  0x00, 0x00, 0x00, 0x00, 0x00, 0x00, 0x00, 0x00, 0x00, 0x00, 0x00, 0x00, 0x00, 0x00, 0x00, 0x00,
  0x00, 0x00, 0x00, 0x00, 0x00, 0x00, 0x00, 0x00, 0x00, 0x00, 0x00, 0x00, 0x00, 0x00, 0x00, 0x00,
  0x00, 0x00, 0x00, 0x00, 0x00, 0x00, 0x00, 0x00, 0x00, 0x00, 0x00, 0x00, 0x00, 0x00, 0x00, 0x00,
  0x00, 0x00, 0x00, 0x00, 0x00, 0x00, 0x00, 0x00, 0x00, 0x00, 0x00, 0x00, 0x00, 0x00, 0x00, 0x00,
  0x00, 0x00, 0x00, 0x00, 0x00, 0x00, 0x00, 0x00, 0x00, 0x00, 0x00, 0x00, 0x00, 0x00, 0x00, 0x00,
  0x00, 0x00, 0x00, 0x00, 0x00, 0x00, 0x00, 0x00, 0x00, 0x00, 0x00, 0x00, 0x00, 0x00, 0x00, 0x00,
  0x00, 0x00, 0x00, 0x00, 0x00, 0x00, 0x00, 0x00, 0x00, 0x00, 0x00, 0x00, 0x00, 0x00, 0x00, 0x00,
  0x00, 0x00, 0x00, 0x00, 0x00, 0x00, 0x00, 0x00, 0x00, 0x00, 0x00, 0x00, 0x00, 0x00, 0x00, 0x00,
  0x00, 0x00, 0x00, 0x00, 0x00, 0x00, 0x00, 0x00, 0x00, 0x00, 0x00, 0x00, 0x00, 0x00, 0x00, 0x00,
  0x00, 0x00, 0x00, 0x00, 0x00, 0x00, 0x00, 0x00, 0x00, 0x00, 0x00, 0x00, 0x00, 0x00, 0x00, 0x00,
  0x00, 0x00, 0x00, 0x00, 0x00, 0x00, 0x00, 0x00, 0x00, 0x00, 0x00, 0x00, 0x00, 0x00, 0x00, 0x00,
  0x00, 0x00, 0x00, 0x00, 0x00, 0x00, 0x00, 0x00, 0x00, 0x00, 0x00, 0x00, 0x74, 0x5a, 0x74, 0x5a,
  0x74, 0x5a, 0x00, 0x00, 0x00, 0x00, 0x00, 0x00, 0x00, 0x00, 0x00, 0x00, 0x00, 0x00, 0x00, 0x00,
  0x00, 0x00, 0x00, 0x00, 0x00, 0x00, 0x00, 0x00, 0x00, 0x00, 0x00, 0x00, 0x00, 0x00, 0x00, 0x00,
  0x00, 0x00, 0x00, 0x00, 0x00, 0x00, 0x00, 0x00, 0x00, 0x00, 0x00, 0x00, 0x00, 0x00, 0x00, 0x00,
  0x00, 0x00, 0x00, 0x00, 0x00, 0x00, 0x00, 0x00, 0x00, 0x00, 0x00, 0x00, 0x00, 0x00, 0x00, 0x00,
  0x00, 0x00, 0x00, 0x00, 0x00, 0x00, 0x00, 0x00, 0x00, 0x00, 0x00, 0x00, 0x00, 0x00, 0x00, 0x00,
  0x00, 0x00, 0x00, 0x00, 0x00, 0x00, 0x00, 0x00, 0x00, 0x00, 0x00, 0x00, 0x00, 0x00, 0x00, 0x00,
  0x00, 0x00, 0x00, 0x00, 0x00, 0x00, 0x00, 0x00, 0x00, 0x00, 0x00, 0x00, 0x00, 0x00, 0x00, 0x00,
  0x00, 0x00, 0x00, 0x00, 0x00, 0x00, 0x00, 0x00, 0x00, 0x00, 0x00, 0x00, 0x00, 0x00, 0x00, 0x00,
  0x00, 0x00, 0x00, 0x00, 0x00, 0x00, 0x00, 0x00, 0x00, 0x00, 0x00, 0x00, 0x00, 0x00, 0x00, 0x00,
  0x00, 0x00, 0x00, 0x00, 0x00, 0x00, 0x00, 0x00, 0x00, 0x00, 0x00, 0x00, 0x00, 0x00, 0x00, 0x00,
  0x00, 0x00, 0x00, 0x00, 0x00, 0x00, 0x00, 0x00, 0x00, 0x00, 0x00, 0x00, 0x00, 0x00, 0x00, 0x00,
  0x00, 0x00, 0x00, 0x00, 0x00, 0x00, 0x00, 0x00, 0x00, 0x00, 0x00, 0x00, 0x00, 0x00, 0x00, 0x00,
  0x00, 0x00, 0x00, 0x00, 0x00, 0x00, 0x00, 0x00, 0x00, 0x00, 0x00, 0x00, 0x00, 0x00, 0x00, 0x00,
  0x00, 0x00, 0x00, 0x00, 0x00, 0x00, 0x00, 0x00, 0x00, 0x00, 0x00, 0x00, 0x00, 0x00, 0x00, 0x00,
  0x00, 0x00, 0x00, 0x00, 0x00, 0x00, 0x00, 0x00, 0x00, 0x00, 0x00, 0x00, 0x00, 0x00, 0x00, 0x00,
  0x00, 0x00, 0x00, 0x00, 0x00, 0x00, 0x00, 0x00, 0x00, 0x00, 0x00, 0x00, 0x00, 0x00, 0x00, 0x00,
  0x00, 0x00, 0x00, 0x00, 0x00, 0x00, 0x00, 0x00, 0x00, 0x00, 0x00, 0x00, 0x00, 0x00, 0x00, 0x00,
  0x00, 0x00, 0x00, 0x00, 0x00, 0x00, 0x00, 0x00, 0x00, 0x00, 0x00, 0x00, 0x00, 0x00, 0x00, 0x00,
  0x00, 0x00, 0x00, 0x00, 0x00, 0x00, 0x00, 0x00, 0x00, 0x00, 0x00, 0x00, 0x00, 0x00, 0x00, 0x00,
  0x00, 0x00, 0x00, 0x00, 0x00, 0x00, 0x00, 0x00, 0x00, 0x00, 0x00, 0x00, 0x00, 0x00, 0x00, 0x00,
  0x00, 0x00, 0x00, 0x00, 0x00, 0x00, 0x00, 0x00, 0x00, 0x00, 0x00, 0x00, 0x00, 0x00, 0x00, 0x00,
  0x00, 0x00, 0x00, 0x00, 0x00, 0x00, 0x00, 0x00, 0x00, 0x00, 0x00, 0x00, 0x00, 0x00, 0x00, 0x00,
  0x00, 0x00, 0x00, 0x00, 0x00, 0x00, 0x00, 0x00, 0x00, 0x00, 0x00, 0x00, 0x00, 0x00, 0x00, 0x00,
  0x00, 0x00, 0x00, 0x00, 0x00, 0x00, 0x00, 0x00, 0x00, 0x00, 0x00, 0x00, 0x00, 0x00, 0x00, 0x00,
  0x00, 0x00, 0x00, 0x00, 0x00, 0x00, 0x00, 0x00, 0x00, 0x00, 0x00, 0x00, 0x00, 0x00, 0x00, 0x00,
  0x00, 0x00, 0x00, 0x00, 0x00, 0x00, 0x00, 0x00, 0x00, 0x00, 0x00, 0x00, 0x00, 0x00, 0x00, 0x00,
  0x00, 0x00, 0x00, 0x00, 0x00, 0x00, 0x00, 0x00, 0x74, 0x5a, 0x74, 0x5a, 0x74, 0x5a, 0x74, 0x5a,
  0x74, 0x5a, 0x74, 0x5a, 0x78, 0xbc, 0x78, 0xbc, 0x78, 0xbc, 0x82, 0x10, 0x82, 0x10, 0x82, 0x10,
  0x00, 0x00, 0x00, 0x00, 0x00, 0x00, 0x00, 0x00, 0x00, 0x00, 0x00, 0x00, 0x00, 0x00, 0x00, 0x00,
  0x00, 0x00, 0x00, 0x00, 0x00, 0x00, 0x00, 0x00, 0x00, 0x00, 0x00, 0x00, 0x00, 0x00, 0x00, 0x00,
  0x00, 0x00, 0x00, 0x00, 0x00, 0x00, 0x00, 0x00, 0x00, 0x00, 0x00, 0x00, 0x00, 0x00, 0x00, 0x00,
  0x00, 0x00, 0x00, 0x00, 0x00, 0x00, 0x00, 0x00, 0x00, 0x00, 0x00, 0x00, 0x00, 0x00, 0x00, 0x00,
  0x00, 0x00, 0x00, 0x00, 0x00, 0x00, 0x00, 0x00, 0x00, 0x00, 0x00, 0x00, 0x00, 0x00, 0x00, 0x00,
  0x00, 0x00, 0x00, 0x00, 0x00, 0x00, 0x00, 0x00, 0x00, 0x00, 0x00, 0x00, 0x00, 0x00, 0x00, 0x00,
  0x00, 0x00, 0x00, 0x00, 0x00, 0x00, 0x00, 0x00, 0x00, 0x00, 0x00, 0x00, 0x00, 0x00, 0x00, 0x00,
  0x00, 0x00, 0x00, 0x00, 0x00, 0x00, 0x00, 0x00, 0x00, 0x00, 0x00, 0x00, 0x00, 0x00, 0x00, 0x00,
  0x00, 0x00, 0x00, 0x00, 0x00, 0x00, 0x00, 0x00, 0x00, 0x00, 0x00, 0x00, 0x00, 0x00, 0x00, 0x00,
  0x00, 0x00, 0x00, 0x00, 0x00, 0x00, 0x00, 0x00, 0x00, 0x00, 0x00, 0x00, 0x00, 0x00, 0x00, 0x00,
  0x00, 0x00, 0x00, 0x00, 0x00, 0x00, 0x00, 0x00, 0x00, 0x00, 0x00, 0x00, 0x00, 0x00, 0x00, 0x00,
  0x00, 0x00, 0x00, 0x00, 0x00, 0x00, 0x00, 0x00, 0x00, 0x00, 0x00, 0x00, 0x00, 0x00, 0x00, 0x00,
  0x00, 0x00, 0x00, 0x00, 0x00, 0x00, 0x00, 0x00, 0x00, 0x00, 0x00, 0x00, 0x00, 0x00, 0x00, 0x00,
  0x00, 0x00, 0x00, 0x00, 0x00, 0x00, 0x00, 0x00, 0x00, 0x00, 0x00, 0x00, 0x00, 0x00, 0x00, 0x00,
  0x00, 0x00, 0x00, 0x00, 0x00, 0x00, 0x00, 0x00, 0x00, 0x00, 0x00, 0x00, 0x00, 0x00, 0x00, 0x00,
  0x00, 0x00, 0x00, 0x00, 0x00, 0x00, 0x00, 0x00, 0x00, 0x00, 0x00, 0x00, 0x00, 0x00, 0x00, 0x00,
  0x00, 0x00, 0x00, 0x00, 0x00, 0x00, 0x00, 0x00, 0x00, 0x00, 0x00, 0x00, 0x00, 0x00, 0x00, 0x00,
  0x00, 0x00, 0x00, 0x00, 0x00, 0x00, 0x00, 0x00, 0x00, 0x00, 0x00, 0x00, 0x00, 0x00, 0x00, 0x00,
  0x00, 0x00, 0x00, 0x00, 0x00, 0x00, 0x00, 0x00, 0x00, 0x00, 0x00, 0x00, 0x00, 0x00, 0x00, 0x00,
  0x00, 0x00, 0x00, 0x00, 0x00, 0x00, 0x00, 0x00, 0x00, 0x00, 0x00, 0x00, 0x00, 0x00, 0x00, 0x00,
  0x00, 0x00, 0x00, 0x00, 0x00, 0x00, 0x00, 0x00, 0x00, 0x00, 0x00, 0x00, 0x00, 0x00, 0x00, 0x00,
  0x00, 0x00, 0x00, 0x00, 0x00, 0x00, 0x00, 0x00, 0x00, 0x00, 0x00, 0x00, 0x00, 0x00, 0x00, 0x00,
  0x00, 0x00, 0x00, 0x00, 0x00, 0x00, 0x00, 0x00, 0x00, 0x00, 0x00, 0x00, 0x00, 0x00, 0x00, 0x00,
  0x00, 0x00, 0x00, 0x00, 0x00, 0x00, 0x00, 0x00, 0x00, 0x00, 0x00, 0x00, 0x00, 0x00, 0x00, 0x00,
  0x00, 0x00, 0x00, 0x00, 0x00, 0x00, 0x00, 0x00, 0x00, 0x00, 0x00, 0x00, 0x00, 0x00, 0x00, 0x00,
  0x00, 0x00, 0x00, 0x00, 0x00, 0x00, 0x00, 0x00, 0x00, 0x00, 0x00, 0x00, 0x00, 0x00, 0x00, 0x00,
  0x74, 0x5a, 0x74, 0x5a, 0x74, 0x5a, 0x74, 0x5a, 0x74, 0x5a, 0x74, 0x5a, 0x78, 0xbc, 0x78, 0xbc,
  0x78, 0xbc, 0x82, 0x10, 0x82, 0x10, 0x82, 0x10, 0x00, 0x00, 0x00, 0x00, 0x00, 0x00, 0x00, 0x00,
  0x00, 0x00, 0x00, 0x00, 0x00, 0x00, 0x00, 0x00, 0x00, 0x00, 0x00, 0x00, 0x00, 0x00, 0x00, 0x00,
  0x00, 0x00, 0x00, 0x00, 0x00, 0x00, 0x00, 0x00, 0x00, 0x00, 0x00, 0x00, 0x00, 0x00, 0x00, 0x00,
  0x00, 0x00, 0x00, 0x00, 0x00, 0x00, 0x00, 0x00, 0x00, 0x00, 0x00, 0x00, 0x00, 0x00, 0x00, 0x00,
  0x00, 0x00, 0x00, 0x00, 0x00, 0x00, 0x00, 0x00, 0x00, 0x00, 0x00, 0x00, 0x00, 0x00, 0x00, 0x00,
  0x00, 0x00, 0x00, 0x00, 0x00, 0x00, 0x00, 0x00, 0x00, 0x00, 0x00, 0x00, 0x00, 0x00, 0x00, 0x00,
  0x00, 0x00, 0x00, 0x00, 0x00, 0x00, 0x00, 0x00, 0x00, 0x00, 0x00, 0x00, 0x00, 0x00, 0x00, 0x00,
  0x00, 0x00, 0x00, 0x00, 0x00, 0x00, 0x00, 0x00, 0x00, 0x00, 0x00, 0x00, 0x00, 0x00, 0x00, 0x00,
  0x00, 0x00, 0x00, 0x00, 0x00, 0x00, 0x00, 0x00, 0x00, 0x00, 0x00, 0x00, 0x00, 0x00, 0x00, 0x00,
  0x00, 0x00, 0x00, 0x00, 0x00, 0x00, 0x00, 0x00, 0x00, 0x00, 0x00, 0x00, 0x00, 0x00, 0x00, 0x00,
  0x00, 0x00, 0x00, 0x00, 0x00, 0x00, 0x00, 0x00, 0x00, 0x00, 0x00, 0x00, 0x00, 0x00, 0x00, 0x00,
  0x00, 0x00, 0x00, 0x00, 0x00, 0x00, 0x00, 0x00, 0x00, 0x00, 0x00, 0x00, 0x00, 0x00, 0x00, 0x00,
  0x00, 0x00, 0x00, 0x00, 0x00, 0x00, 0x00, 0x00, 0x00, 0x00, 0x00, 0x00, 0x00, 0x00, 0x00, 0x00,
  0x00, 0x00, 0x00, 0x00, 0x00, 0x00, 0x00, 0x00, 0x00, 0x00, 0x00, 0x00, 0x00, 0x00, 0x00, 0x00,
  0x00, 0x00, 0x00, 0x00, 0x00, 0x00, 0x00, 0x00, 0x00, 0x00, 0x00, 0x00, 0x00, 0x00, 0x00, 0x00,
  0x00, 0x00, 0x00, 0x00, 0x00, 0x00, 0x00, 0x00, 0x00, 0x00, 0x00, 0x00, 0x00, 0x00, 0x00, 0x00,
  0x00, 0x00, 0x00, 0x00, 0x00, 0x00, 0x00, 0x00, 0x00, 0x00, 0x00, 0x00, 0x00, 0x00, 0x00, 0x00,
  0x00, 0x00, 0x00, 0x00, 0x00, 0x00, 0x00, 0x00, 0x00, 0x00, 0x00, 0x00, 0x00, 0x00, 0x00, 0x00,
  0x00, 0x00, 0x00, 0x00, 0x00, 0x00, 0x00, 0x00, 0x00, 0x00, 0x00, 0x00, 0x00, 0x00, 0x00, 0x00,
  0x00, 0x00, 0x00, 0x00, 0x00, 0x00, 0x00, 0x00, 0x00, 0x00, 0x00, 0x00, 0x00, 0x00, 0x00, 0x00,
  0x00, 0x00, 0x00, 0x00, 0x00, 0x00, 0x00, 0x00, 0x00, 0x00, 0x00, 0x00, 0x00, 0x00, 0x00, 0x00,
  0x00, 0x00, 0x00, 0x00, 0x00, 0x00, 0x00, 0x00, 0x00, 0x00, 0x00, 0x00, 0x00, 0x00, 0x00, 0x00,
  0x00, 0x00, 0x00, 0x00, 0x00, 0x00, 0x00, 0x00, 0x00, 0x00, 0x00, 0x00, 0x00, 0x00, 0x00, 0x00,
  0x00, 0x00, 0x00, 0x00, 0x00, 0x00, 0x00, 0x00, 0x00, 0x00, 0x00, 0x00, 0x00, 0x00, 0x00, 0x00,
  0x00, 0x00, 0x00, 0x00, 0x00, 0x00, 0x00, 0x00, 0x00, 0x00, 0x00, 0x00, 0x00, 0x00, 0x00, 0x00,
  0x00, 0x00, 0x00, 0x00, 0x00, 0x00, 0x00, 0x00, 0x00, 0x00, 0x00, 0x00, 0x00, 0x00, 0x00, 0x00,
  0x00, 0x00, 0x00, 0x00, 0x00, 0x00, 0x00, 0x00, 0x74, 0x5a, 0x74, 0x5a, 0x74, 0x5a, 0x74, 0x5a,
  0x74, 0x5a, 0x74, 0x5a, 0x78, 0xbc, 0x78, 0xbc, 0x78, 0xbc, 0x82, 0x10, 0x82, 0x10, 0x82, 0x10,
  0x00, 0x00, 0x00, 0x00, 0x00, 0x00, 0x00, 0x00, 0x00, 0x00, 0x00, 0x00, 0x00, 0x00, 0x00, 0x00,
  0x00, 0x00, 0x00, 0x00, 0x00, 0x00, 0x00, 0x00, 0x00, 0x00, 0x00, 0x00, 0x00, 0x00, 0x00, 0x00,
  0x00, 0x00, 0x00, 0x00, 0x00, 0x00, 0x00, 0x00, 0x00, 0x00, 0x00, 0x00, 0x00, 0x00, 0x00, 0x00,
  0x00, 0x00, 0x00, 0x00, 0x00, 0x00, 0x00, 0x00, 0x00, 0x00, 0x00, 0x00, 0x00, 0x00, 0x00, 0x00,
  0x00, 0x00, 0x00, 0x00, 0x00, 0x00, 0x00, 0x00, 0x00, 0x00, 0x00, 0x00, 0x00, 0x00, 0x00, 0x00,
  0x00, 0x00, 0x00, 0x00, 0x00, 0x00, 0x00, 0x00, 0x00, 0x00, 0x00, 0x00, 0x00, 0x00, 0x00, 0x00,
  0x00, 0x00, 0x00, 0x00, 0x00, 0x00, 0x00, 0x00, 0x00, 0x00, 0x00, 0x00, 0x00, 0x00, 0x00, 0x00,
  0x00, 0x00, 0x00, 0x00, 0x00, 0x00, 0x00, 0x00, 0x00, 0x00, 0x00, 0x00, 0x00, 0x00, 0x00, 0x00,
  0x00, 0x00, 0x00, 0x00, 0x00, 0x00, 0x00, 0x00, 0x00, 0x00, 0x00, 0x00, 0x00, 0x00, 0x00, 0x00,
  0x00, 0x00, 0x00, 0x00, 0x00, 0x00, 0x00, 0x00, 0x00, 0x00, 0x00, 0x00, 0x00, 0x00, 0x00, 0x00,
  0x00, 0x00, 0x00, 0x00, 0x00, 0x00, 0x00, 0x00, 0x00, 0x00, 0x00, 0x00, 0x00, 0x00, 0x00, 0x00,
  0x00, 0x00, 0x00, 0x00, 0x00, 0x00, 0x00, 0x00, 0x00, 0x00, 0x00, 0x00, 0x00, 0x00, 0x00, 0x00,
  0x00, 0x00, 0x00, 0x00, 0x00, 0x00, 0x00, 0x00, 0x00, 0x00, 0x00, 0x00, 0x00, 0x00, 0x00, 0x00,
  0x00, 0x00, 0x00, 0x00, 0x00, 0x00, 0x00, 0x00, 0x00, 0x00, 0x00, 0x00, 0x00, 0x00, 0x00, 0x00,
  0x00, 0x00, 0x00, 0x00, 0x00, 0x00, 0x00, 0x00, 0x00, 0x00, 0x00, 0x00, 0x00, 0x00, 0x00, 0x00,
  0x00, 0x00, 0x00, 0x00, 0x00, 0x00, 0x00, 0x00, 0x00, 0x00, 0x00, 0x00, 0x00, 0x00, 0x00, 0x00,
  0x00, 0x00, 0x00, 0x00, 0x00, 0x00, 0x00, 0x00, 0x00, 0x00, 0x00, 0x00, 0x00, 0x00, 0x00, 0x00,
  0x00, 0x00, 0x00, 0x00, 0x00, 0x00, 0x00, 0x00, 0x00, 0x00, 0x00, 0x00, 0x00, 0x00, 0x00, 0x00,
  0x00, 0x00, 0x00, 0x00, 0x00, 0x00, 0x00, 0x00, 0x00, 0x00, 0x00, 0x00, 0x00, 0x00, 0x00, 0x00,
  0x00, 0x00, 0x00, 0x00, 0x00, 0x00, 0x00, 0x00, 0x00, 0x00, 0x00, 0x00, 0x00, 0x00, 0x00, 0x00,
  0x00, 0x00, 0x00, 0x00, 0x00, 0x00, 0x00, 0x00, 0x00, 0x00, 0x00, 0x00, 0x00, 0x00, 0x00, 0x00,
  0x00, 0x00, 0x00, 0x00, 0x00, 0x00, 0x00, 0x00, 0x00, 0x00, 0x00, 0x00, 0x00, 0x00, 0x00, 0x00,
  0x00, 0x00, 0x00, 0x00, 0x00, 0x00, 0x00, 0x00, 0x00, 0x00, 0x00, 0x00, 0x00, 0x00, 0x00, 0x00,
  0x00, 0x00, 0x00, 0x00, 0x00, 0x00, 0x00, 0x00, 0x00, 0x00, 0x00, 0x00, 0x00, 0x00, 0x00, 0x00,
  0x00, 0x00, 0x00, 0x00, 0x00, 0x00, 0x00, 0x00, 0x00, 0x00, 0x00, 0x00, 0x00, 0x00, 0x00, 0x00,
  0x00, 0x00, 0x00, 0x00, 0x00, 0x00, 0x00, 0x00, 0x00, 0x00, 0x74, 0x5a, 0x74, 0x5a, 0x74, 0x5a,
  0x74, 0x5a, 0x74, 0x5a, 0x74, 0x5a, 0x78, 0xbc, 0x78, 0xbc, 0x78, 0xbc, 0x78, 0xbc, 0x78, 0xbc,
  0x78, 0xbc, 0xb7, 0x9b, 0xb7, 0x9b, 0xb7, 0x9b, 0x82, 0x10, 0x82, 0x10, 0x82, 0x10, 0x00, 0x00,
  0x00, 0x00, 0x00, 0x00, 0x00, 0x00, 0x00, 0x00, 0x00, 0x00, 0x00, 0x00, 0x00, 0x00, 0x00, 0x00,
  0x00, 0x00, 0x00, 0x00, 0x00, 0x00, 0x00, 0x00, 0x00, 0x00, 0x00, 0x00, 0x00, 0x00, 0x00, 0x00,
  0x00, 0x00, 0x00, 0x00, 0x00, 0x00, 0x00, 0x00, 0x00, 0x00, 0x00, 0x00, 0x00, 0x00, 0x00, 0x00,
  0x00, 0x00, 0x00, 0x00, 0x00, 0x00, 0x00, 0x00, 0x00, 0x00, 0x00, 0x00, 0x00, 0x00, 0x00, 0x00,
  0x00, 0x00, 0x00, 0x00, 0x00, 0x00, 0x00, 0x00, 0x00, 0x00, 0x00, 0x00, 0x00, 0x00, 0x00, 0x00,
  0x00, 0x00, 0x00, 0x00, 0x00, 0x00, 0x00, 0x00, 0x00, 0x00, 0x00, 0x00, 0x00, 0x00, 0x00, 0x00,
  0x00, 0x00, 0x00, 0x00, 0x00, 0x00, 0x00, 0x00, 0x00, 0x00, 0x00, 0x00, 0x00, 0x00, 0x00, 0x00,
  0x00, 0x00, 0x00, 0x00, 0x00, 0x00, 0x00, 0x00, 0x00, 0x00, 0x00, 0x00, 0x00, 0x00, 0x00, 0x00,
  0x00, 0x00, 0x00, 0x00, 0x00, 0x00, 0x00, 0x00, 0x00, 0x00, 0x00, 0x00, 0x00, 0x00, 0x00, 0x00,
  0x00, 0x00, 0x00, 0x00, 0x00, 0x00, 0x00, 0x00, 0x00, 0x00, 0x00, 0x00, 0x00, 0x00, 0x00, 0x00,
  0x00, 0x00, 0x00, 0x00, 0x00, 0x00, 0x00, 0x00, 0x00, 0x00, 0x00, 0x00, 0x00, 0x00, 0x00, 0x00,
  0x00, 0x00, 0x00, 0x00, 0x00, 0x00, 0x00, 0x00, 0x00, 0x00, 0x00, 0x00, 0x00, 0x00, 0x00, 0x00,
  0x00, 0x00, 0x00, 0x00, 0x00, 0x00, 0x00, 0x00, 0x00, 0x00, 0x00, 0x00, 0x00, 0x00, 0x00, 0x00,
  0x00, 0x00, 0x00, 0x00, 0x00, 0x00, 0x00, 0x00, 0x00, 0x00, 0x00, 0x00, 0x00, 0x00, 0x00, 0x00,
  0x00, 0x00, 0x00, 0x00, 0x00, 0x00, 0x00, 0x00, 0x00, 0x00, 0x00, 0x00, 0x00, 0x00, 0x00, 0x00,
  0x00, 0x00, 0x00, 0x00, 0x00, 0x00, 0x00, 0x00, 0x00, 0x00, 0x00, 0x00, 0x00, 0x00, 0x00, 0x00,
  0x00, 0x00, 0x00, 0x00, 0x00, 0x00, 0x00, 0x00, 0x00, 0x00, 0x00, 0x00, 0x00, 0x00, 0x00, 0x00,
  0x00, 0x00, 0x00, 0x00, 0x00, 0x00, 0x00, 0x00, 0x00, 0x00, 0x00, 0x00, 0x00, 0x00, 0x00, 0x00,
  0x00, 0x00, 0x00, 0x00, 0x00, 0x00, 0x00, 0x00, 0x00, 0x00, 0x00, 0x00, 0x00, 0x00, 0x00, 0x00,
  0x00, 0x00, 0x00, 0x00, 0x00, 0x00, 0x00, 0x00, 0x00, 0x00, 0x00, 0x00, 0x00, 0x00, 0x00, 0x00,
  0x00, 0x00, 0x00, 0x00, 0x00, 0x00, 0x00, 0x00, 0x00, 0x00, 0x00, 0x00, 0x00, 0x00, 0x00, 0x00,
  0x00, 0x00, 0x00, 0x00, 0x00, 0x00, 0x00, 0x00, 0x00, 0x00, 0x00, 0x00, 0x00, 0x00, 0x00, 0x00,
  0x00, 0x00, 0x00, 0x00, 0x00, 0x00, 0x00, 0x00, 0x00, 0x00, 0x00, 0x00, 0x00, 0x00, 0x00, 0x00,
  0x00, 0x00, 0x00, 0x00, 0x00, 0x00, 0x00, 0x00, 0x00, 0x00, 0x00, 0x00, 0x00, 0x00, 0x00, 0x00,
  0x00, 0x00, 0x00, 0x00, 0x00, 0x00, 0x00, 0x00, 0x00, 0x00, 0x00, 0x00, 0x00, 0x00, 0x00, 0x00,
  0x00, 0x00, 0x74, 0x5a, 0x74, 0x5a, 0x74, 0x5a, 0x74, 0x5a, 0x74, 0x5a, 0x74, 0x5a, 0x78, 0xbc,
  0x78, 0xbc, 0x78, 0xbc, 0x78, 0xbc, 0x78, 0xbc, 0x78, 0xbc, 0xb7, 0x9b, 0xb7, 0x9b, 0xb7, 0x9b,
  0x82, 0x10, 0x82, 0x10, 0x82, 0x10, 0x00, 0x00, 0x00, 0x00, 0x00, 0x00, 0x00, 0x00, 0x00, 0x00,
  0x00, 0x00, 0x00, 0x00, 0x00, 0x00, 0x00, 0x00, 0x00, 0x00, 0x00, 0x00, 0x00, 0x00, 0x00, 0x00,
  0x00, 0x00, 0x00, 0x00, 0x00, 0x00, 0x00, 0x00, 0x00, 0x00, 0x00, 0x00, 0x00, 0x00, 0x00, 0x00,
  0x00, 0x00, 0x00, 0x00, 0x00, 0x00, 0x00, 0x00, 0x00, 0x00, 0x00, 0x00, 0x00, 0x00, 0x00, 0x00,
  0x00, 0x00, 0x00, 0x00, 0x00, 0x00, 0x00, 0x00, 0x00, 0x00, 0x00, 0x00, 0x00, 0x00, 0x00, 0x00,
  0x00, 0x00, 0x00, 0x00, 0x00, 0x00, 0x00, 0x00, 0x00, 0x00, 0x00, 0x00, 0x00, 0x00, 0x00, 0x00,
  0x00, 0x00, 0x00, 0x00, 0x00, 0x00, 0x00, 0x00, 0x00, 0x00, 0x00, 0x00, 0x00, 0x00, 0x00, 0x00,
  0x00, 0x00, 0x00, 0x00, 0x00, 0x00, 0x00, 0x00, 0x00, 0x00, 0x00, 0x00, 0x00, 0x00, 0x00, 0x00,
  0x00, 0x00, 0x00, 0x00, 0x00, 0x00, 0x00, 0x00, 0x00, 0x00, 0x00, 0x00, 0x00, 0x00, 0x00, 0x00,
  0x00, 0x00, 0x00, 0x00, 0x00, 0x00, 0x00, 0x00, 0x00, 0x00, 0x00, 0x00, 0x00, 0x00, 0x00, 0x00,
  0x00, 0x00, 0x00, 0x00, 0x00, 0x00, 0x00, 0x00, 0x00, 0x00, 0x00, 0x00, 0x00, 0x00, 0x00, 0x00,
  0x00, 0x00, 0x00, 0x00, 0x00, 0x00, 0x00, 0x00, 0x00, 0x00, 0x00, 0x00, 0x00, 0x00, 0x00, 0x00,
  0x00, 0x00, 0x00, 0x00, 0x00, 0x00, 0x00, 0x00, 0x00, 0x00, 0x00, 0x00, 0x00, 0x00, 0x00, 0x00,
  0x00, 0x00, 0x00, 0x00, 0x00, 0x00, 0x00, 0x00, 0x00, 0x00, 0x00, 0x00, 0x00, 0x00, 0x00, 0x00,
  0x00, 0x00, 0x00, 0x00, 0x00, 0x00, 0x00, 0x00, 0x00, 0x00, 0x00, 0x00, 0x00, 0x00, 0x00, 0x00,
  0x00, 0x00, 0x00, 0x00, 0x00, 0x00, 0x00, 0x00, 0x00, 0x00, 0x00, 0x00, 0x00, 0x00, 0x00, 0x00,
  0x00, 0x00, 0x00, 0x00, 0x00, 0x00, 0x00, 0x00, 0x00, 0x00, 0x00, 0x00, 0x00, 0x00, 0x00, 0x00,
  0x00, 0x00, 0x00, 0x00, 0x00, 0x00, 0x00, 0x00, 0x00, 0x00, 0x00, 0x00, 0x00, 0x00, 0x00, 0x00,
  0x00, 0x00, 0x00, 0x00, 0x00, 0x00, 0x00, 0x00, 0x00, 0x00, 0x00, 0x00, 0x00, 0x00, 0x00, 0x00,
  0x00, 0x00, 0x00, 0x00, 0x00, 0x00, 0x00, 0x00, 0x00, 0x00, 0x00, 0x00, 0x00, 0x00, 0x00, 0x00,
  0x00, 0x00, 0x00, 0x00, 0x00, 0x00, 0x00, 0x00, 0x00, 0x00, 0x00, 0x00, 0x00, 0x00, 0x00, 0x00,
  0x00, 0x00, 0x00, 0x00, 0x00, 0x00, 0x00, 0x00, 0x00, 0x00, 0x00, 0x00, 0x00, 0x00, 0x00, 0x00,
  0x00, 0x00, 0x00, 0x00, 0x00, 0x00, 0x00, 0x00, 0x00, 0x00, 0x00, 0x00, 0x00, 0x00, 0x00, 0x00,
  0x00, 0x00, 0x00, 0x00, 0x00, 0x00, 0x00, 0x00, 0x00, 0x00, 0x00, 0x00, 0x00, 0x00, 0x00, 0x00,
  0x00, 0x00, 0x00, 0x00, 0x00, 0x00, 0x00, 0x00, 0x00, 0x00, 0x00, 0x00, 0x00, 0x00, 0x00, 0x00,
  0x00, 0x00, 0x00, 0x00, 0x00, 0x00, 0x00, 0x00, 0x00, 0x00, 0x74, 0x5a, 0x74, 0x5a, 0x74, 0x5a,
  0x74, 0x5a, 0x74, 0x5a, 0x74, 0x5a, 0x78, 0xbc, 0x78, 0xbc, 0x78, 0xbc, 0x78, 0xbc, 0x78, 0xbc,
  0x78, 0xbc, 0xb7, 0x9b, 0xb7, 0x9b, 0xb7, 0x9b, 0x82, 0x10, 0x82, 0x10, 0x82, 0x10, 0x00, 0x00,
  0x00, 0x00, 0x00, 0x00, 0x00, 0x00, 0x00, 0x00, 0x00, 0x00, 0x00, 0x00, 0x00, 0x00, 0x00, 0x00,
  0x00, 0x00, 0x00, 0x00, 0x00, 0x00, 0x00, 0x00, 0x00, 0x00, 0x00, 0x00, 0x00, 0x00, 0x00, 0x00,
  0x00, 0x00, 0x00, 0x00, 0x00, 0x00, 0x00, 0x00, 0x00, 0x00, 0x00, 0x00, 0x00, 0x00, 0x00, 0x00,
  0x00, 0x00, 0x00, 0x00, 0x00, 0x00, 0x00, 0x00, 0x00, 0x00, 0x00, 0x00, 0x00, 0x00, 0x00, 0x00,
  0x00, 0x00, 0x00, 0x00, 0x00, 0x00, 0x00, 0x00, 0x00, 0x00, 0x00, 0x00, 0x00, 0x00, 0x00, 0x00,
  0x00, 0x00, 0x00, 0x00, 0x00, 0x00, 0x00, 0x00, 0x00, 0x00, 0x00, 0x00, 0x00, 0x00, 0x00, 0x00,
  0x00, 0x00, 0x00, 0x00, 0x00, 0x00, 0x00, 0x00, 0x00, 0x00, 0x00, 0x00, 0x00, 0x00, 0x00, 0x00,
  0x00, 0x00, 0x00, 0x00, 0x00, 0x00, 0x00, 0x00, 0x00, 0x00, 0x00, 0x00, 0x00, 0x00, 0x00, 0x00,
  0x00, 0x00, 0x00, 0x00, 0x00, 0x00, 0x00, 0x00, 0x00, 0x00, 0x00, 0x00, 0x00, 0x00, 0x00, 0x00,
  0x00, 0x00, 0x00, 0x00, 0x00, 0x00, 0x00, 0x00, 0x00, 0x00, 0x00, 0x00, 0x00, 0x00, 0x00, 0x00,
  0x00, 0x00, 0x00, 0x00, 0x00, 0x00, 0x00, 0x00, 0x00, 0x00, 0x00, 0x00, 0x00, 0x00, 0x00, 0x00,
  0x00, 0x00, 0x00, 0x00, 0x00, 0x00, 0x00, 0x00, 0x00, 0x00, 0x00, 0x00, 0x00, 0x00, 0x00, 0x00,
  0x00, 0x00, 0x00, 0x00, 0x00, 0x00, 0x00, 0x00, 0x00, 0x00, 0x00, 0x00, 0x00, 0x00, 0x00, 0x00,
  0x00, 0x00, 0x00, 0x00, 0x00, 0x00, 0x00, 0x00, 0x00, 0x00, 0x00, 0x00, 0x00, 0x00, 0x00, 0x00,
  0x00, 0x00, 0x00, 0x00, 0x00, 0x00, 0x00, 0x00, 0x00, 0x00, 0x00, 0x00, 0x00, 0x00, 0x00, 0x00,
  0x00, 0x00, 0x00, 0x00, 0x00, 0x00, 0x00, 0x00, 0x00, 0x00, 0x00, 0x00, 0x00, 0x00, 0x00, 0x00,
  0x00, 0x00, 0x00, 0x00, 0x00, 0x00, 0x00, 0x00, 0x00, 0x00, 0x00, 0x00, 0x00, 0x00, 0x00, 0x00,
  0x00, 0x00, 0x00, 0x00, 0x00, 0x00, 0x00, 0x00, 0x00, 0x00, 0x00, 0x00, 0x00, 0x00, 0x00, 0x00,
  0x00, 0x00, 0x00, 0x00, 0x00, 0x00, 0x00, 0x00, 0x00, 0x00, 0x00, 0x00, 0x00, 0x00, 0x00, 0x00,
  0x00, 0x00, 0x00, 0x00, 0x00, 0x00, 0x00, 0x00, 0x00, 0x00, 0x00, 0x00, 0x00, 0x00, 0x00, 0x00,
  0x00, 0x00, 0x00, 0x00, 0x00, 0x00, 0x00, 0x00, 0x00, 0x00, 0x00, 0x00, 0x00, 0x00, 0x00, 0x00,
  0x00, 0x00, 0x00, 0x00, 0x00, 0x00, 0x00, 0x00, 0x00, 0x00, 0x00, 0x00, 0x00, 0x00, 0x00, 0x00,
  0x00, 0x00, 0x00, 0x00, 0x00, 0x00, 0x00, 0x00, 0x00, 0x00, 0x00, 0x00, 0x00, 0x00, 0x00, 0x00,
  0x00, 0x00, 0x00, 0x00, 0x00, 0x00, 0x00, 0x00, 0x00, 0x00, 0x00, 0x00, 0x00, 0x00, 0x00, 0x00,
  0x00, 0x00, 0x00, 0x00, 0x00, 0x00, 0x00, 0x00, 0x00, 0x00, 0x00, 0x00, 0x74, 0x5a, 0x74, 0x5a,
  0x74, 0x5a, 0x78, 0xbc, 0x78, 0xbc, 0x78, 0xbc, 0x78, 0xbc, 0x78, 0xbc, 0x78, 0xbc, 0x78, 0xbc,
  0x78, 0xbc, 0x78, 0xbc, 0xb7, 0x9b, 0xb7, 0x9b, 0xb7, 0x9b, 0x35, 0x7b, 0x35, 0x7b, 0x35, 0x7b,
  0x82, 0x10, 0x82, 0x10, 0x82, 0x10, 0x00, 0x00, 0x00, 0x00, 0x00, 0x00, 0x00, 0x00, 0x00, 0x00,
  0x00, 0x00, 0x00, 0x00, 0x00, 0x00, 0x00, 0x00, 0x00, 0x00, 0x00, 0x00, 0x00, 0x00, 0x00, 0x00,
  0x00, 0x00, 0x00, 0x00, 0x00, 0x00, 0x00, 0x00, 0x00, 0x00, 0x00, 0x00, 0x00, 0x00, 0x00, 0x00,
  0x00, 0x00, 0x00, 0x00, 0x00, 0x00, 0x00, 0x00, 0x00, 0x00, 0x00, 0x00, 0x00, 0x00, 0x00, 0x00,
  0x00, 0x00, 0x00, 0x00, 0x00, 0x00, 0x00, 0x00, 0x00, 0x00, 0x00, 0x00, 0x00, 0x00, 0x00, 0x00,
  0x00, 0x00, 0x00, 0x00, 0x00, 0x00, 0x00, 0x00, 0x00, 0x00, 0x00, 0x00, 0x00, 0x00, 0x00, 0x00,
  0x00, 0x00, 0x00, 0x00, 0x00, 0x00, 0x00, 0x00, 0x00, 0x00, 0x00, 0x00, 0x00, 0x00, 0x00, 0x00,
  0x00, 0x00, 0x00, 0x00, 0x00, 0x00, 0x00, 0x00, 0x00, 0x00, 0x00, 0x00, 0x00, 0x00, 0x00, 0x00,
  0x00, 0x00, 0x00, 0x00, 0x00, 0x00, 0x00, 0x00, 0x00, 0x00, 0x00, 0x00, 0x00, 0x00, 0x00, 0x00,
  0x00, 0x00, 0x00, 0x00, 0x00, 0x00, 0x00, 0x00, 0x00, 0x00, 0x00, 0x00, 0x00, 0x00, 0x00, 0x00,
  0x00, 0x00, 0x00, 0x00, 0x00, 0x00, 0x00, 0x00, 0x00, 0x00, 0x00, 0x00, 0x00, 0x00, 0x00, 0x00,
  0x00, 0x00, 0x00, 0x00, 0x00, 0x00, 0x00, 0x00, 0x00, 0x00, 0x00, 0x00, 0x00, 0x00, 0x00, 0x00,
  0x00, 0x00, 0x00, 0x00, 0x00, 0x00, 0x00, 0x00, 0x00, 0x00, 0x00, 0x00, 0x00, 0x00, 0x00, 0x00,
  0x00, 0x00, 0x00, 0x00, 0x00, 0x00, 0x00, 0x00, 0x00, 0x00, 0x00, 0x00, 0x00, 0x00, 0x00, 0x00,
  0x00, 0x00, 0x00, 0x00, 0x00, 0x00, 0x00, 0x00, 0x00, 0x00, 0x00, 0x00, 0x00, 0x00, 0x00, 0x00,
  0x00, 0x00, 0x00, 0x00, 0x00, 0x00, 0x00, 0x00, 0x00, 0x00, 0x00, 0x00, 0x00, 0x00, 0x00, 0x00,
  0x00, 0x00, 0x00, 0x00, 0x00, 0x00, 0x00, 0x00, 0x00, 0x00, 0x00, 0x00, 0x00, 0x00, 0x00, 0x00,
  0x00, 0x00, 0x00, 0x00, 0x00, 0x00, 0x00, 0x00, 0x00, 0x00, 0x00, 0x00, 0x00, 0x00, 0x00, 0x00,
  0x00, 0x00, 0x00, 0x00, 0x00, 0x00, 0x00, 0x00, 0x00, 0x00, 0x00, 0x00, 0x00, 0x00, 0x00, 0x00,
  0x00, 0x00, 0x00, 0x00, 0x00, 0x00, 0x00, 0x00, 0x00, 0x00, 0x00, 0x00, 0x00, 0x00, 0x00, 0x00,
  0x00, 0x00, 0x00, 0x00, 0x00, 0x00, 0x00, 0x00, 0x00, 0x00, 0x00, 0x00, 0x00, 0x00, 0x00, 0x00,
  0x00, 0x00, 0x00, 0x00, 0x00, 0x00, 0x00, 0x00, 0x00, 0x00, 0x00, 0x00, 0x00, 0x00, 0x00, 0x00,
  0x00, 0x00, 0x00, 0x00, 0x00, 0x00, 0x00, 0x00, 0x00, 0x00, 0x00, 0x00, 0x00, 0x00, 0x00, 0x00,
  0x00, 0x00, 0x00, 0x00, 0x00, 0x00, 0x00, 0x00, 0x00, 0x00, 0x00, 0x00, 0x00, 0x00, 0x00, 0x00,
  0x00, 0x00, 0x00, 0x00, 0x00, 0x00, 0x00, 0x00, 0x00, 0x00, 0x00, 0x00, 0x00, 0x00, 0x00, 0x00,
  0x00, 0x00, 0x00, 0x00, 0x74, 0x5a, 0x74, 0x5a, 0x74, 0x5a, 0x78, 0xbc, 0x78, 0xbc, 0x78, 0xbc,
  0x78, 0xbc, 0x78, 0xbc, 0x78, 0xbc, 0x78, 0xbc, 0x78, 0xbc, 0x78, 0xbc, 0xb7, 0x9b, 0xb7, 0x9b,
  0xb7, 0x9b, 0x35, 0x7b, 0x35, 0x7b, 0x35, 0x7b, 0x82, 0x10, 0x82, 0x10, 0x82, 0x10, 0x00, 0x00,
  0x00, 0x00, 0x00, 0x00, 0x00, 0x00, 0x00, 0x00, 0x00, 0x00, 0x00, 0x00, 0x00, 0x00, 0x00, 0x00,
  0x00, 0x00, 0x00, 0x00, 0x00, 0x00, 0x00, 0x00, 0x00, 0x00, 0x00, 0x00, 0x00, 0x00, 0x00, 0x00,
  0x00, 0x00, 0x00, 0x00, 0x00, 0x00, 0x00, 0x00, 0x00, 0x00, 0x00, 0x00, 0x00, 0x00, 0x00, 0x00,
  0x00, 0x00, 0x00, 0x00, 0x00, 0x00, 0x00, 0x00, 0x00, 0x00, 0x00, 0x00, 0x00, 0x00, 0x00, 0x00,
  0x00, 0x00, 0x00, 0x00, 0x00, 0x00, 0x00, 0x00, 0x00, 0x00, 0x00, 0x00, 0x00, 0x00, 0x00, 0x00,
  0x00, 0x00, 0x00, 0x00, 0x00, 0x00, 0x00, 0x00, 0x00, 0x00, 0x00, 0x00, 0x00, 0x00, 0x00, 0x00,
  0x00, 0x00, 0x00, 0x00, 0x00, 0x00, 0x00, 0x00, 0x00, 0x00, 0x00, 0x00, 0x00, 0x00, 0x00, 0x00,
  0x00, 0x00, 0x00, 0x00, 0x00, 0x00, 0x00, 0x00, 0x00, 0x00, 0x00, 0x00, 0x00, 0x00, 0x00, 0x00,
  0x00, 0x00, 0x00, 0x00, 0x00, 0x00, 0x00, 0x00, 0x00, 0x00, 0x00, 0x00, 0x00, 0x00, 0x00, 0x00,
  0x00, 0x00, 0x00, 0x00, 0x00, 0x00, 0x00, 0x00, 0x00, 0x00, 0x00, 0x00, 0x00, 0x00, 0x00, 0x00,
  0x00, 0x00, 0x00, 0x00, 0x00, 0x00, 0x00, 0x00, 0x00, 0x00, 0x00, 0x00, 0x00, 0x00, 0x00, 0x00,
  0x00, 0x00, 0x00, 0x00, 0x00, 0x00, 0x00, 0x00, 0x00, 0x00, 0x00, 0x00, 0x00, 0x00, 0x00, 0x00,
  0x00, 0x00, 0x00, 0x00, 0x00, 0x00, 0x00, 0x00, 0x00, 0x00, 0x00, 0x00, 0x00, 0x00, 0x00, 0x00,
  0x00, 0x00, 0x00, 0x00, 0x00, 0x00, 0x00, 0x00, 0x00, 0x00, 0x00, 0x00, 0x00, 0x00, 0x00, 0x00,
  0x00, 0x00, 0x00, 0x00, 0x00, 0x00, 0x00, 0x00, 0x00, 0x00, 0x00, 0x00, 0x00, 0x00, 0x00, 0x00,
  0x00, 0x00, 0x00, 0x00, 0x00, 0x00, 0x00, 0x00, 0x00, 0x00, 0x00, 0x00, 0x00, 0x00, 0x00, 0x00,
  0x00, 0x00, 0x00, 0x00, 0x00, 0x00, 0x00, 0x00, 0x00, 0x00, 0x00, 0x00, 0x00, 0x00, 0x00, 0x00,
  0x00, 0x00, 0x00, 0x00, 0x00, 0x00, 0x00, 0x00, 0x00, 0x00, 0x00, 0x00, 0x00, 0x00, 0x00, 0x00,
  0x00, 0x00, 0x00, 0x00, 0x00, 0x00, 0x00, 0x00, 0x00, 0x00, 0x00, 0x00, 0x00, 0x00, 0x00, 0x00,
  0x00, 0x00, 0x00, 0x00, 0x00, 0x00, 0x00, 0x00, 0x00, 0x00, 0x00, 0x00, 0x00, 0x00, 0x00, 0x00,
  0x00, 0x00, 0x00, 0x00, 0x00, 0x00, 0x00, 0x00, 0x00, 0x00, 0x00, 0x00, 0x00, 0x00, 0x00, 0x00,
  0x00, 0x00, 0x00, 0x00, 0x00, 0x00, 0x00, 0x00, 0x00, 0x00, 0x00, 0x00, 0x00, 0x00, 0x00, 0x00,
  0x00, 0x00, 0x00, 0x00, 0x00, 0x00, 0x00, 0x00, 0x00, 0x00, 0x00, 0x00, 0x00, 0x00, 0x00, 0x00,
  0x00, 0x00, 0x00, 0x00, 0x00, 0x00, 0x00, 0x00, 0x00, 0x00, 0x00, 0x00, 0x00, 0x00, 0x00, 0x00,
  0x00, 0x00, 0x00, 0x00, 0x00, 0x00, 0x00, 0x00, 0x00, 0x00, 0x00, 0x00, 0x74, 0x5a, 0x74, 0x5a,
  0x74, 0x5a, 0x78, 0xbc, 0x78, 0xbc, 0x78, 0xbc, 0x78, 0xbc, 0x78, 0xbc, 0x78, 0xbc, 0x78, 0xbc,
  0x78, 0xbc, 0x78, 0xbc, 0xb7, 0x9b, 0xb7, 0x9b, 0xb7, 0x9b, 0x35, 0x7b, 0x35, 0x7b, 0x35, 0x7b,
  0x82, 0x10, 0x82, 0x10, 0x82, 0x10, 0x00, 0x00, 0x00, 0x00, 0x00, 0x00, 0x00, 0x00, 0x00, 0x00,
  0x00, 0x00, 0x00, 0x00, 0x00, 0x00, 0x00, 0x00, 0x00, 0x00, 0x00, 0x00, 0x00, 0x00, 0x00, 0x00,
  0x00, 0x00, 0x00, 0x00, 0x00, 0x00, 0x00, 0x00, 0x00, 0x00, 0x00, 0x00, 0x00, 0x00, 0x00, 0x00,
  0x00, 0x00, 0x00, 0x00, 0x00, 0x00, 0x00, 0x00, 0x00, 0x00, 0x00, 0x00, 0x00, 0x00, 0x00, 0x00,
  0x00, 0x00, 0x00, 0x00, 0x00, 0x00, 0x00, 0x00, 0x00, 0x00, 0x00, 0x00, 0x00, 0x00, 0x00, 0x00,
  0x00, 0x00, 0x00, 0x00, 0x00, 0x00, 0x00, 0x00, 0x00, 0x00, 0x00, 0x00, 0x00, 0x00, 0x00, 0x00,
  0x00, 0x00, 0x00, 0x00, 0x00, 0x00, 0x00, 0x00, 0x00, 0x00, 0x00, 0x00, 0x00, 0x00, 0x00, 0x00,
  0x00, 0x00, 0x00, 0x00, 0x00, 0x00, 0x00, 0x00, 0x00, 0x00, 0x00, 0x00, 0x00, 0x00, 0x00, 0x00,
  0x00, 0x00, 0x00, 0x00, 0x00, 0x00, 0x00, 0x00, 0x00, 0x00, 0x00, 0x00, 0x00, 0x00, 0x00, 0x00,
  0x00, 0x00, 0x00, 0x00, 0x00, 0x00, 0x00, 0x00, 0x00, 0x00, 0x00, 0x00, 0x00, 0x00, 0x00, 0x00,
  0x00, 0x00, 0x00, 0x00, 0x00, 0x00, 0x00, 0x00, 0x00, 0x00, 0x00, 0x00, 0x00, 0x00, 0x00, 0x00,
  0x00, 0x00, 0x00, 0x00, 0x00, 0x00, 0x00, 0x00, 0x00, 0x00, 0x00, 0x00, 0x00, 0x00, 0x00, 0x00,
  0x00, 0x00, 0x00, 0x00, 0x00, 0x00, 0x00, 0x00, 0x00, 0x00, 0x00, 0x00, 0x00, 0x00, 0x00, 0x00,
  0x00, 0x00, 0x00, 0x00, 0x00, 0x00, 0x00, 0x00, 0x00, 0x00, 0x00, 0x00, 0x00, 0x00, 0x00, 0x00,
  0x00, 0x00, 0x00, 0x00, 0x00, 0x00, 0x00, 0x00, 0x00, 0x00, 0x00, 0x00, 0x00, 0x00, 0x00, 0x00,
  0x00, 0x00, 0x00, 0x00, 0x00, 0x00, 0x00, 0x00, 0x00, 0x00, 0x00, 0x00, 0x00, 0x00, 0x00, 0x00,
  0x00, 0x00, 0x00, 0x00, 0x00, 0x00, 0x00, 0x00, 0x00, 0x00, 0x00, 0x00, 0x00, 0x00, 0x00, 0x00,
  0x00, 0x00, 0x00, 0x00, 0x00, 0x00, 0x00, 0x00, 0x00, 0x00, 0x00, 0x00, 0x00, 0x00, 0x00, 0x00,
  0x00, 0x00, 0x00, 0x00, 0x00, 0x00, 0x00, 0x00, 0x00, 0x00, 0x00, 0x00, 0x00, 0x00, 0x00, 0x00,
  0x00, 0x00, 0x00, 0x00, 0x00, 0x00, 0x00, 0x00, 0x00, 0x00, 0x00, 0x00, 0x00, 0x00, 0x00, 0x00,
  0x00, 0x00, 0x00, 0x00, 0x00, 0x00, 0x00, 0x00, 0x00, 0x00, 0x00, 0x00, 0x00, 0x00, 0x00, 0x00,
  0x00, 0x00, 0x00, 0x00, 0x00, 0x00, 0x00, 0x00, 0x00, 0x00, 0x00, 0x00, 0x00, 0x00, 0x00, 0x00,
  0x00, 0x00, 0x00, 0x00, 0x00, 0x00, 0x00, 0x00, 0x00, 0x00, 0x00, 0x00, 0x00, 0x00, 0x00, 0x00,
  0x00, 0x00, 0x00, 0x00, 0x00, 0x00, 0x00, 0x00, 0x00, 0x00, 0x00, 0x00, 0x00, 0x00, 0x00, 0x00,
  0x00, 0x00, 0x00, 0x00, 0x00, 0x00, 0x00, 0x00, 0x00, 0x00, 0x00, 0x00, 0x00, 0x00, 0x00, 0x00,
  0x00, 0x00, 0x00, 0x00, 0x78, 0xbc, 0x78, 0xbc, 0x78, 0xbc, 0x78, 0xbc, 0x78, 0xbc, 0x78, 0xbc,
  0x78, 0xbc, 0x78, 0xbc, 0x78, 0xbc, 0xb7, 0x9b, 0xb7, 0x9b, 0xb7, 0x9b, 0x35, 0x7b, 0x35, 0x7b,
  0x35, 0x7b, 0x74, 0x5a, 0x74, 0x5a, 0x74, 0x5a, 0x82, 0x10, 0x82, 0x10, 0x82, 0x10, 0x00, 0x00,
  0x00, 0x00, 0x00, 0x00, 0x00, 0x00, 0x00, 0x00, 0x00, 0x00, 0x00, 0x00, 0x00, 0x00, 0x00, 0x00,
  0x00, 0x00, 0x00, 0x00, 0x00, 0x00, 0x00, 0x00, 0x00, 0x00, 0x00, 0x00, 0x00, 0x00, 0x00, 0x00,
  0x00, 0x00, 0x00, 0x00, 0x00, 0x00, 0x00, 0x00, 0x00, 0x00, 0x00, 0x00, 0x00, 0x00, 0x00, 0x00,
  0x00, 0x00, 0x00, 0x00, 0x00, 0x00, 0x00, 0x00, 0x00, 0x00, 0x00, 0x00, 0x00, 0x00, 0x00, 0x00,
  0x00, 0x00, 0x00, 0x00, 0x00, 0x00, 0x00, 0x00, 0x00, 0x00, 0x00, 0x00, 0x00, 0x00, 0x00, 0x00,
  0x00, 0x00, 0x00, 0x00, 0x00, 0x00, 0x00, 0x00, 0x00, 0x00, 0x00, 0x00, 0x00, 0x00, 0x00, 0x00,
  0x00, 0x00, 0x00, 0x00, 0x00, 0x00, 0x00, 0x00, 0x00, 0x00, 0x00, 0x00, 0x00, 0x00, 0x00, 0x00,
  0x00, 0x00, 0x00, 0x00, 0x00, 0x00, 0x00, 0x00, 0x00, 0x00, 0x00, 0x00, 0x00, 0x00, 0x00, 0x00,
  0x00, 0x00, 0x00, 0x00, 0x00, 0x00, 0x00, 0x00, 0x00, 0x00, 0x00, 0x00, 0x00, 0x00, 0x00, 0x00,
  0x00, 0x00, 0x00, 0x00, 0x00, 0x00, 0x00, 0x00, 0x00, 0x00, 0x00, 0x00, 0x00, 0x00, 0x00, 0x00,
  0x00, 0x00, 0x00, 0x00, 0x00, 0x00, 0x00, 0x00, 0x00, 0x00, 0x00, 0x00, 0x00, 0x00, 0x00, 0x00,
  0x00, 0x00, 0x00, 0x00, 0x00, 0x00, 0x00, 0x00, 0x00, 0x00, 0x00, 0x00, 0x00, 0x00, 0x00, 0x00,
  0x00, 0x00, 0x00, 0x00, 0x00, 0x00, 0x00, 0x00, 0x00, 0x00, 0x00, 0x00, 0x00, 0x00, 0x00, 0x00,
  0x00, 0x00, 0x00, 0x00, 0x00, 0x00, 0x00, 0x00, 0x00, 0x00, 0x00, 0x00, 0x00, 0x00, 0x00, 0x00,
  0x00, 0x00, 0x00, 0x00, 0x00, 0x00, 0x00, 0x00, 0x00, 0x00, 0x00, 0x00, 0x00, 0x00, 0x00, 0x00,
  0x00, 0x00, 0x00, 0x00, 0x00, 0x00, 0x00, 0x00, 0x00, 0x00, 0x00, 0x00, 0x00, 0x00, 0x00, 0x00,
  0x00, 0x00, 0x00, 0x00, 0x00, 0x00, 0x00, 0x00, 0x00, 0x00, 0x00, 0x00, 0x00, 0x00, 0x00, 0x00,
  0x00, 0x00, 0x00, 0x00, 0x00, 0x00, 0x00, 0x00, 0x00, 0x00, 0x00, 0x00, 0x00, 0x00, 0x00, 0x00,
  0x00, 0x00, 0x00, 0x00, 0x00, 0x00, 0x00, 0x00, 0x00, 0x00, 0x00, 0x00, 0x00, 0x00, 0x00, 0x00,
  0x00, 0x00, 0x00, 0x00, 0x00, 0x00, 0x00, 0x00, 0x00, 0x00, 0x00, 0x00, 0x00, 0x00, 0x00, 0x00,
  0x00, 0x00, 0x00, 0x00, 0x00, 0x00, 0x00, 0x00, 0x00, 0x00, 0x00, 0x00, 0x00, 0x00, 0x00, 0x00,
  0x00, 0x00, 0x00, 0x00, 0x00, 0x00, 0x00, 0x00, 0x00, 0x00, 0x00, 0x00, 0x00, 0x00, 0x00, 0x00,
  0x00, 0x00, 0x00, 0x00, 0x00, 0x00, 0x00, 0x00, 0x00, 0x00, 0x00, 0x00, 0x00, 0x00, 0x00, 0x00,
  0x00, 0x00, 0x00, 0x00, 0x00, 0x00, 0x00, 0x00, 0x00, 0x00, 0x00, 0x00, 0x00, 0x00, 0x00, 0x00,
  0x00, 0x00, 0x00, 0x00, 0x00, 0x00, 0x00, 0x00, 0x00, 0x00, 0x00, 0x00, 0x78, 0xbc, 0x78, 0xbc,
  0x78, 0xbc, 0x78, 0xbc, 0x78, 0xbc, 0x78, 0xbc, 0x78, 0xbc, 0x78, 0xbc, 0x78, 0xbc, 0xb7, 0x9b,
  0xb7, 0x9b, 0xb7, 0x9b, 0x35, 0x7b, 0x35, 0x7b, 0x35, 0x7b, 0x74, 0x5a, 0x74, 0x5a, 0x74, 0x5a,
  0x82, 0x10, 0x82, 0x10, 0x82, 0x10, 0x00, 0x00, 0x00, 0x00, 0x00, 0x00, 0x00, 0x00, 0x00, 0x00,
  0x00, 0x00, 0x00, 0x00, 0x00, 0x00, 0x00, 0x00, 0x00, 0x00, 0x00, 0x00, 0x00, 0x00, 0x00, 0x00,
  0x00, 0x00, 0x00, 0x00, 0x00, 0x00, 0x00, 0x00, 0x00, 0x00, 0x00, 0x00, 0x00, 0x00, 0x00, 0x00,
  0x00, 0x00, 0x00, 0x00, 0x00, 0x00, 0x00, 0x00, 0x00, 0x00, 0x00, 0x00, 0x00, 0x00, 0x00, 0x00,
  0x00, 0x00, 0x00, 0x00, 0x00, 0x00, 0x00, 0x00, 0x00, 0x00, 0x00, 0x00, 0x00, 0x00, 0x00, 0x00,
  0x00, 0x00, 0x00, 0x00, 0x00, 0x00, 0x00, 0x00, 0x00, 0x00, 0x00, 0x00, 0x00, 0x00, 0x00, 0x00,
  0x00, 0x00, 0x00, 0x00, 0x00, 0x00, 0x00, 0x00, 0x00, 0x00, 0x00, 0x00, 0x00, 0x00, 0x00, 0x00,
  0x00, 0x00, 0x00, 0x00, 0x00, 0x00, 0x00, 0x00, 0x00, 0x00, 0x00, 0x00, 0x00, 0x00, 0x00, 0x00,
  0x00, 0x00, 0x00, 0x00, 0x00, 0x00, 0x00, 0x00, 0x00, 0x00, 0x00, 0x00, 0x00, 0x00, 0x00, 0x00,
  0x00, 0x00, 0x00, 0x00, 0x00, 0x00, 0x00, 0x00, 0x00, 0x00, 0x00, 0x00, 0x00, 0x00, 0x00, 0x00,
  0x00, 0x00, 0x00, 0x00, 0x00, 0x00, 0x00, 0x00, 0x00, 0x00, 0x00, 0x00, 0x00, 0x00, 0x00, 0x00,
  0x00, 0x00, 0x00, 0x00, 0x00, 0x00, 0x00, 0x00, 0x00, 0x00, 0x00, 0x00, 0x00, 0x00, 0x00, 0x00,
  0x00, 0x00, 0x00, 0x00, 0x00, 0x00, 0x00, 0x00, 0x00, 0x00, 0x00, 0x00, 0x00, 0x00, 0x00, 0x00,
  0x00, 0x00, 0x00, 0x00, 0x00, 0x00, 0x00, 0x00, 0x00, 0x00, 0x00, 0x00, 0x00, 0x00, 0x00, 0x00,
  0x00, 0x00, 0x00, 0x00, 0x00, 0x00, 0x00, 0x00, 0x00, 0x00, 0x00, 0x00, 0x00, 0x00, 0x00, 0x00,
  0x00, 0x00, 0x00, 0x00, 0x00, 0x00, 0x00, 0x00, 0x00, 0x00, 0x00, 0x00, 0x00, 0x00, 0x00, 0x00,
  0x00, 0x00, 0x00, 0x00, 0x00, 0x00, 0x00, 0x00, 0x00, 0x00, 0x00, 0x00, 0x00, 0x00, 0x00, 0x00,
  0x00, 0x00, 0x00, 0x00, 0x00, 0x00, 0x00, 0x00, 0x00, 0x00, 0x00, 0x00, 0x00, 0x00, 0x00, 0x00,
  0x00, 0x00, 0x00, 0x00, 0x00, 0x00, 0x00, 0x00, 0x00, 0x00, 0x00, 0x00, 0x00, 0x00, 0x00, 0x00,
  0x00, 0x00, 0x00, 0x00, 0x00, 0x00, 0x00, 0x00, 0x00, 0x00, 0x00, 0x00, 0x00, 0x00, 0x00, 0x00,
  0x00, 0x00, 0x00, 0x00, 0x00, 0x00, 0x00, 0x00, 0x00, 0x00, 0x00, 0x00, 0x00, 0x00, 0x00, 0x00,
  0x00, 0x00, 0x00, 0x00, 0x00, 0x00, 0x00, 0x00, 0x00, 0x00, 0x00, 0x00, 0x00, 0x00, 0x00, 0x00,
  0x00, 0x00, 0x00, 0x00, 0x00, 0x00, 0x00, 0x00, 0x00, 0x00, 0x00, 0x00, 0x00, 0x00, 0x00, 0x00,
  0x00, 0x00, 0x00, 0x00, 0x00, 0x00, 0x00, 0x00, 0x00, 0x00, 0x00, 0x00, 0x00, 0x00, 0x00, 0x00,
  0x00, 0x00, 0x00, 0x00, 0x00, 0x00, 0x00, 0x00, 0x00, 0x00, 0x00, 0x00, 0x00, 0x00, 0x00, 0x00,
  0x00, 0x00, 0x00, 0x00, 0x78, 0xbc, 0x78, 0xbc, 0x78, 0xbc, 0x78, 0xbc, 0x78, 0xbc, 0x78, 0xbc,
  0x78, 0xbc, 0x78, 0xbc, 0x78, 0xbc, 0xb7, 0x9b, 0xb7, 0x9b, 0xb7, 0x9b, 0x35, 0x7b, 0x35, 0x7b,
  0x35, 0x7b, 0x74, 0x5a, 0x74, 0x5a, 0x74, 0x5a, 0x82, 0x10, 0x82, 0x10, 0x82, 0x10, 0x00, 0x00,
  0x00, 0x00, 0x00, 0x00, 0x00, 0x00, 0x00, 0x00, 0x00, 0x00, 0x00, 0x00, 0x00, 0x00, 0x00, 0x00,
  0x00, 0x00, 0x00, 0x00, 0x00, 0x00, 0x00, 0x00, 0x00, 0x00, 0x00, 0x00, 0x00, 0x00, 0x00, 0x00,
  0x00, 0x00, 0x00, 0x00, 0x00, 0x00, 0x00, 0x00, 0x00, 0x00, 0x00, 0x00, 0x00, 0x00, 0x00, 0x00,
  0x00, 0x00, 0x00, 0x00, 0x00, 0x00, 0x00, 0x00, 0x00, 0x00, 0x00, 0x00, 0x00, 0x00, 0x00, 0x00,
  0x00, 0x00, 0x00, 0x00, 0x00, 0x00, 0x00, 0x00, 0x00, 0x00, 0x00, 0x00, 0x00, 0x00, 0x00, 0x00,
  0x00, 0x00, 0x00, 0x00, 0x00, 0x00, 0x00, 0x00, 0x00, 0x00, 0x00, 0x00, 0x00, 0x00, 0x00, 0x00,
  0x00, 0x00, 0x00, 0x00, 0x00, 0x00, 0x00, 0x00, 0x00, 0x00, 0x00, 0x00, 0x00, 0x00, 0x00, 0x00,
  0x00, 0x00, 0x00, 0x00, 0x00, 0x00, 0x00, 0x00, 0x00, 0x00, 0x00, 0x00, 0x00, 0x00, 0x00, 0x00,
  0x00, 0x00, 0x00, 0x00, 0x00, 0x00, 0x00, 0x00, 0x00, 0x00, 0x00, 0x00, 0x00, 0x00, 0x00, 0x00,
  0x00, 0x00, 0x00, 0x00, 0x00, 0x00, 0x00, 0x00, 0x00, 0x00, 0x00, 0x00, 0x00, 0x00, 0x00, 0x00,
  0x00, 0x00, 0x00, 0x00, 0x00, 0x00, 0x00, 0x00, 0x00, 0x00, 0x00, 0x00, 0x00, 0x00, 0x00, 0x00,
  0x00, 0x00, 0x00, 0x00, 0x00, 0x00, 0x00, 0x00, 0x00, 0x00, 0x00, 0x00, 0x00, 0x00, 0x00, 0x00,
  0x00, 0x00, 0x00, 0x00, 0x00, 0x00, 0x00, 0x00, 0x00, 0x00, 0x00, 0x00, 0x00, 0x00, 0x00, 0x00,
  0x00, 0x00, 0x00, 0x00, 0x00, 0x00, 0x00, 0x00, 0x00, 0x00, 0x00, 0x00, 0x00, 0x00, 0x00, 0x00,
  0x00, 0x00, 0x00, 0x00, 0x00, 0x00, 0x00, 0x00, 0x00, 0x00, 0x00, 0x00, 0x00, 0x00, 0x00, 0x00,
  0x00, 0x00, 0x00, 0x00, 0x00, 0x00, 0x00, 0x00, 0x00, 0x00, 0x00, 0x00, 0x00, 0x00, 0x00, 0x00,
  0x00, 0x00, 0x00, 0x00, 0x00, 0x00, 0x00, 0x00, 0x00, 0x00, 0x00, 0x00, 0x00, 0x00, 0x00, 0x00,
  0x00, 0x00, 0x00, 0x00, 0x00, 0x00, 0x00, 0x00, 0x00, 0x00, 0x00, 0x00, 0x00, 0x00, 0x00, 0x00,
  0x00, 0x00, 0x00, 0x00, 0x00, 0x00, 0x00, 0x00, 0x00, 0x00, 0x00, 0x00, 0x00, 0x00, 0x00, 0x00,
  0x00, 0x00, 0x00, 0x00, 0x00, 0x00, 0x00, 0x00, 0x00, 0x00, 0x00, 0x00, 0x00, 0x00, 0x00, 0x00,
  0x00, 0x00, 0x00, 0x00, 0x00, 0x00, 0x74, 0x5a, 0x74, 0x5a, 0x74, 0x5a, 0x49, 0x49, 0x49, 0x49,
  0x00, 0x00, 0x00, 0x00, 0x00, 0x00, 0x00, 0x00, 0x00, 0x00, 0x00, 0x00, 0x00, 0x00, 0x00, 0x00,
  0x00, 0x00, 0x00, 0x00, 0x00, 0x00, 0x00, 0x00, 0x00, 0x00, 0x00, 0x00, 0x00, 0x00, 0x00, 0x00,
  0x00, 0x00, 0x00, 0x00, 0x00, 0x00, 0x00, 0x00, 0x00, 0x00, 0x00, 0x00, 0x00, 0x00, 0x00, 0x00,
  0x74, 0x5a, 0x74, 0x5a, 0x74, 0x5a, 0x74, 0x5a, 0x74, 0x5a, 0x74, 0x5a, 0x78, 0xbc, 0x78, 0xbc,
  0x78, 0xbc, 0x78, 0xbc, 0x78, 0xbc, 0x78, 0xbc, 0xb7, 0x9b, 0xb7, 0x9b, 0xb7, 0x9b, 0xb7, 0x9b,
  0xb7, 0x9b, 0xb7, 0x9b, 0x74, 0x5a, 0x74, 0x5a, 0x74, 0x5a, 0x82, 0x10, 0x82, 0x10, 0x82, 0x10,
  0x00, 0x00, 0x00, 0x00, 0x00, 0x00, 0x00, 0x00, 0x00, 0x00, 0x00, 0x00, 0x00, 0x00, 0x00, 0x00,
  0x00, 0x00, 0x00, 0x00, 0x00, 0x00, 0x00, 0x00, 0x00, 0x00, 0x00, 0x00, 0x00, 0x00, 0x00, 0x00,
  0x00, 0x00, 0x00, 0x00, 0x00, 0x00, 0x00, 0x00, 0x00, 0x00, 0x00, 0x00, 0x00, 0x00, 0x00, 0x00,
  0x00, 0x00, 0x00, 0x00, 0x00, 0x00, 0x00, 0x00, 0x00, 0x00, 0x00, 0x00, 0x00, 0x00, 0x00, 0x00,
  0x00, 0x00, 0x00, 0x00, 0x00, 0x00, 0x00, 0x00, 0x00, 0x00, 0x00, 0x00, 0x00, 0x00, 0x00, 0x00,
  0x00, 0x00, 0x00, 0x00, 0x00, 0x00, 0x00, 0x00, 0x00, 0x00, 0x00, 0x00, 0x00, 0x00, 0x00, 0x00,
  0x00, 0x00, 0x00, 0x00, 0x00, 0x00, 0x00, 0x00, 0x00, 0x00, 0x00, 0x00, 0x00, 0x00, 0x00, 0x00,
  0x00, 0x00, 0x00, 0x00, 0x00, 0x00, 0x00, 0x00, 0x00, 0x00, 0x00, 0x00, 0x00, 0x00, 0x00, 0x00,
  0x00, 0x00, 0x00, 0x00, 0x00, 0x00, 0x00, 0x00, 0x00, 0x00, 0x00, 0x00, 0x00, 0x00, 0x00, 0x00,
  0x00, 0x00, 0x00, 0x00, 0x00, 0x00, 0x00, 0x00, 0x00, 0x00, 0x00, 0x00, 0x00, 0x00, 0x00, 0x00,
  0x00, 0x00, 0x00, 0x00, 0x00, 0x00, 0x00, 0x00, 0x00, 0x00, 0x00, 0x00, 0x00, 0x00, 0x00, 0x00,
  0x00, 0x00, 0x00, 0x00, 0x00, 0x00, 0x00, 0x00, 0x00, 0x00, 0x00, 0x00, 0x00, 0x00, 0x00, 0x00,
  0x00, 0x00, 0x00, 0x00, 0x00, 0x00, 0x00, 0x00, 0x00, 0x00, 0x00, 0x00, 0x00, 0x00, 0x00, 0x00,
  0x00, 0x00, 0x00, 0x00, 0x00, 0x00, 0x00, 0x00, 0x00, 0x00, 0x00, 0x00, 0x00, 0x00, 0x00, 0x00,
  0x00, 0x00, 0x00, 0x00, 0x00, 0x00, 0x00, 0x00, 0x00, 0x00, 0x00, 0x00, 0x00, 0x00, 0x00, 0x00,
  0x00, 0x00, 0x00, 0x00, 0x00, 0x00, 0x00, 0x00, 0x00, 0x00, 0x00, 0x00, 0x00, 0x00, 0x00, 0x00,
  0x00, 0x00, 0x00, 0x00, 0x00, 0x00, 0x00, 0x00, 0x00, 0x00, 0x00, 0x00, 0x00, 0x00, 0x00, 0x00,
  0x00, 0x00, 0x00, 0x00, 0x00, 0x00, 0x00, 0x00, 0x00, 0x00, 0x00, 0x00, 0x00, 0x00, 0x00, 0x00,
  0x00, 0x00, 0x00, 0x00, 0x00, 0x00, 0x00, 0x00, 0x00, 0x00, 0x00, 0x00, 0x00, 0x00, 0x00, 0x00,
  0x00, 0x00, 0x00, 0x00, 0x00, 0x00, 0x00, 0x00, 0x00, 0x00, 0x00, 0x00, 0x00, 0x00, 0x00, 0x00,
  0x00, 0x00, 0x00, 0x00, 0x00, 0x00, 0x00, 0x00, 0x00, 0x00, 0x00, 0x00, 0x00, 0x00, 0x74, 0x5a,
  0x74, 0x5a, 0x74, 0x5a, 0x49, 0x49, 0x49, 0x49, 0x00, 0x00, 0x00, 0x00, 0x00, 0x00, 0x00, 0x00,
  0x00, 0x00, 0x00, 0x00, 0x00, 0x00, 0x00, 0x00, 0x00, 0x00, 0x00, 0x00, 0x00, 0x00, 0x00, 0x00,
  0x00, 0x00, 0x00, 0x00, 0x00, 0x00, 0x00, 0x00, 0x00, 0x00, 0x00, 0x00, 0x00, 0x00, 0x00, 0x00,
  0x00, 0x00, 0x00, 0x00, 0x00, 0x00, 0x00, 0x00, 0x74, 0x5a, 0x74, 0x5a, 0x74, 0x5a, 0x74, 0x5a,
  0x74, 0x5a, 0x74, 0x5a, 0x78, 0xbc, 0x78, 0xbc, 0x78, 0xbc, 0x78, 0xbc, 0x78, 0xbc, 0x78, 0xbc,
  0xb7, 0x9b, 0xb7, 0x9b, 0xb7, 0x9b, 0xb7, 0x9b, 0xb7, 0x9b, 0xb7, 0x9b, 0x74, 0x5a, 0x74, 0x5a,
  0x74, 0x5a, 0x82, 0x10, 0x82, 0x10, 0x82, 0x10, 0x00, 0x00, 0x00, 0x00, 0x00, 0x00, 0x00, 0x00,
  0x00, 0x00, 0x00, 0x00, 0x00, 0x00, 0x00, 0x00, 0x00, 0x00, 0x00, 0x00, 0x00, 0x00, 0x00, 0x00,
  0x00, 0x00, 0x00, 0x00, 0x00, 0x00, 0x00, 0x00, 0x00, 0x00, 0x00, 0x00, 0x00, 0x00, 0x00, 0x00,
  0x00, 0x00, 0x00, 0x00, 0x00, 0x00, 0x00, 0x00, 0x00, 0x00, 0x00, 0x00, 0x00, 0x00, 0x00, 0x00,
  0x00, 0x00, 0x00, 0x00, 0x00, 0x00, 0x00, 0x00, 0x00, 0x00, 0x00, 0x00, 0x00, 0x00, 0x00, 0x00,
  0x00, 0x00, 0x00, 0x00, 0x00, 0x00, 0x00, 0x00, 0x00, 0x00, 0x00, 0x00, 0x00, 0x00, 0x00, 0x00,
  0x00, 0x00, 0x00, 0x00, 0x00, 0x00, 0x00, 0x00, 0x00, 0x00, 0x00, 0x00, 0x00, 0x00, 0x00, 0x00,
  0x00, 0x00, 0x00, 0x00, 0x00, 0x00, 0x00, 0x00, 0x00, 0x00, 0x00, 0x00, 0x00, 0x00, 0x00, 0x00,
  0x00, 0x00, 0x00, 0x00, 0x00, 0x00, 0x00, 0x00, 0x00, 0x00, 0x00, 0x00, 0x00, 0x00, 0x00, 0x00,
  0x00, 0x00, 0x00, 0x00, 0x00, 0x00, 0x00, 0x00, 0x00, 0x00, 0x00, 0x00, 0x00, 0x00, 0x00, 0x00,
  0x00, 0x00, 0x00, 0x00, 0x00, 0x00, 0x00, 0x00, 0x00, 0x00, 0x00, 0x00, 0x00, 0x00, 0x00, 0x00,
  0x00, 0x00, 0x00, 0x00, 0x00, 0x00, 0x00, 0x00, 0x00, 0x00, 0x00, 0x00, 0x00, 0x00, 0x00, 0x00,
  0x00, 0x00, 0x00, 0x00, 0x00, 0x00, 0x00, 0x00, 0x00, 0x00, 0x00, 0x00, 0x00, 0x00, 0x00, 0x00,
  0x00, 0x00, 0x00, 0x00, 0x00, 0x00, 0x00, 0x00, 0x00, 0x00, 0x00, 0x00, 0x00, 0x00, 0x00, 0x00,
  0x00, 0x00, 0x00, 0x00, 0x00, 0x00, 0x00, 0x00, 0x00, 0x00, 0x00, 0x00, 0x00, 0x00, 0x00, 0x00,
  0x00, 0x00, 0x00, 0x00, 0x00, 0x00, 0x00, 0x00, 0x00, 0x00, 0x00, 0x00, 0x00, 0x00, 0x00, 0x00,
  0x00, 0x00, 0x00, 0x00, 0x00, 0x00, 0x00, 0x00, 0x00, 0x00, 0x00, 0x00, 0x00, 0x00, 0x00, 0x00,
  0x00, 0x00, 0x00, 0x00, 0x00, 0x00, 0x00, 0x00, 0x00, 0x00, 0x00, 0x00, 0x00, 0x00, 0x00, 0x00,
  0x00, 0x00, 0x00, 0x00, 0x00, 0x00, 0x00, 0x00, 0x00, 0x00, 0x00, 0x00, 0x00, 0x00, 0x00, 0x00,
  0x00, 0x00, 0x00, 0x00, 0x00, 0x00, 0x00, 0x00, 0x00, 0x00, 0x00, 0x00, 0x00, 0x00, 0x00, 0x00,
  0x00, 0x00, 0x00, 0x00, 0x00, 0x00, 0x00, 0x00, 0x00, 0x00, 0x00, 0x00, 0x00, 0x00, 0x00, 0x00,
  0x00, 0x00, 0x00, 0x00, 0x00, 0x00, 0x74, 0x5a, 0x74, 0x5a, 0x74, 0x5a, 0x49, 0x49, 0x49, 0x49,
  0x00, 0x00, 0x00, 0x00, 0x00, 0x00, 0x00, 0x00, 0x00, 0x00, 0x00, 0x00, 0x00, 0x00, 0x00, 0x00,
  0x00, 0x00, 0x00, 0x00, 0x00, 0x00, 0x00, 0x00, 0x00, 0x00, 0x00, 0x00, 0x00, 0x00, 0x00, 0x00,
  0x00, 0x00, 0x00, 0x00, 0x00, 0x00, 0x00, 0x00, 0x00, 0x00, 0x00, 0x00, 0x00, 0x00, 0x00, 0x00,
  0x74, 0x5a, 0x74, 0x5a, 0x74, 0x5a, 0x74, 0x5a, 0x74, 0x5a, 0x74, 0x5a, 0x78, 0xbc, 0x78, 0xbc,
  0x78, 0xbc, 0x78, 0xbc, 0x78, 0xbc, 0x78, 0xbc, 0xb7, 0x9b, 0xb7, 0x9b, 0xb7, 0x9b, 0xb7, 0x9b,
  0xb7, 0x9b, 0xb7, 0x9b, 0x74, 0x5a, 0x74, 0x5a, 0x74, 0x5a, 0x82, 0x10, 0x82, 0x10, 0x82, 0x10,
  0x00, 0x00, 0x00, 0x00, 0x00, 0x00, 0x00, 0x00, 0x00, 0x00, 0x00, 0x00, 0x00, 0x00, 0x00, 0x00,
  0x00, 0x00, 0x00, 0x00, 0x00, 0x00, 0x00, 0x00, 0x00, 0x00, 0x00, 0x00, 0x00, 0x00, 0x00, 0x00,
  0x00, 0x00, 0x00, 0x00, 0x00, 0x00, 0x00, 0x00, 0x00, 0x00, 0x00, 0x00, 0x00, 0x00, 0x00, 0x00,
  0x00, 0x00, 0x00, 0x00, 0x00, 0x00, 0x00, 0x00, 0x00, 0x00, 0x00, 0x00, 0x00, 0x00, 0x00, 0x00,
  0x00, 0x00, 0x00, 0x00, 0x00, 0x00, 0x00, 0x00, 0x00, 0x00, 0x00, 0x00, 0x00, 0x00, 0x00, 0x00,
  0x00, 0x00, 0x00, 0x00, 0x00, 0x00, 0x00, 0x00, 0x00, 0x00, 0x00, 0x00, 0x00, 0x00, 0x00, 0x00,
  0x00, 0x00, 0x00, 0x00, 0x00, 0x00, 0x00, 0x00, 0x00, 0x00, 0x00, 0x00, 0x00, 0x00, 0x00, 0x00,
  0x00, 0x00, 0x00, 0x00, 0x00, 0x00, 0x00, 0x00, 0x00, 0x00, 0x00, 0x00, 0x00, 0x00, 0x00, 0x00,
  0x00, 0x00, 0x00, 0x00, 0x00, 0x00, 0x00, 0x00, 0x00, 0x00, 0x00, 0x00, 0x00, 0x00, 0x00, 0x00,
  0x00, 0x00, 0x00, 0x00, 0x00, 0x00, 0x00, 0x00, 0x00, 0x00, 0x00, 0x00, 0x00, 0x00, 0x00, 0x00,
  0x00, 0x00, 0x00, 0x00, 0x00, 0x00, 0x00, 0x00, 0x00, 0x00, 0x00, 0x00, 0x00, 0x00, 0x00, 0x00,
  0x00, 0x00, 0x00, 0x00, 0x00, 0x00, 0x00, 0x00, 0x00, 0x00, 0x00, 0x00, 0x00, 0x00, 0x00, 0x00,
  0x00, 0x00, 0x00, 0x00, 0x00, 0x00, 0x00, 0x00, 0x00, 0x00, 0x00, 0x00, 0x00, 0x00, 0x00, 0x00,
  0x00, 0x00, 0x00, 0x00, 0x00, 0x00, 0x00, 0x00, 0x00, 0x00, 0x00, 0x00, 0x00, 0x00, 0x00, 0x00,
  0x00, 0x00, 0x00, 0x00, 0x00, 0x00, 0x00, 0x00, 0x00, 0x00, 0x00, 0x00, 0x00, 0x00, 0x00, 0x00,
  0x00, 0x00, 0x00, 0x00, 0x00, 0x00, 0x00, 0x00, 0x00, 0x00, 0x00, 0x00, 0x00, 0x00, 0x00, 0x00,
  0x00, 0x00, 0x00, 0x00, 0x00, 0x00, 0x00, 0x00, 0x00, 0x00, 0x00, 0x00, 0x00, 0x00, 0x00, 0x00,
  0x00, 0x00, 0x00, 0x00, 0x00, 0x00, 0x00, 0x00, 0x00, 0x00, 0x00, 0x00, 0x00, 0x00, 0x00, 0x00,
  0x00, 0x00, 0x00, 0x00, 0x00, 0x00, 0x00, 0x00, 0x00, 0x00, 0x00, 0x00, 0x00, 0x00, 0x00, 0x00,
  0x00, 0x00, 0x00, 0x00, 0x00, 0x00, 0x00, 0x00, 0x00, 0x00, 0x00, 0x00, 0x00, 0x00, 0x00, 0x00,
  0x00, 0x00, 0x00, 0x00, 0x00, 0x00, 0x00, 0x00, 0x74, 0x5a, 0x74, 0x5a, 0x74, 0x5a, 0xb7, 0x9b,
  0xb7, 0x9b, 0xb7, 0x9b, 0x49, 0x49, 0x49, 0x49, 0x00, 0x00, 0x00, 0x00, 0x00, 0x00, 0x00, 0x00,
  0x00, 0x00, 0x00, 0x00, 0x00, 0x00, 0x00, 0x00, 0x00, 0x00, 0x00, 0x00, 0x00, 0x00, 0x00, 0x00,
  0x00, 0x00, 0x00, 0x00, 0x00, 0x00, 0x00, 0x00, 0x00, 0x00, 0x00, 0x00, 0x00, 0x00, 0x00, 0x00,
  0x00, 0x00, 0x00, 0x00, 0x74, 0x5a, 0x74, 0x5a, 0x78, 0xbc, 0x78, 0xbc, 0x78, 0xbc, 0x78, 0xbc,
  0x78, 0xbc, 0x78, 0xbc, 0x78, 0xbc, 0x78, 0xbc, 0x78, 0xbc, 0xb7, 0x9b, 0xb7, 0x9b, 0xb7, 0x9b,
  0xb7, 0x9b, 0xb7, 0x9b, 0xb7, 0x9b, 0x35, 0x7b, 0x35, 0x7b, 0x35, 0x7b, 0x74, 0x5a, 0x74, 0x5a,
  0x74, 0x5a, 0x82, 0x10, 0x82, 0x10, 0x82, 0x10, 0x00, 0x00, 0x00, 0x00, 0x00, 0x00, 0x00, 0x00,
  0x00, 0x00, 0x00, 0x00, 0x00, 0x00, 0x00, 0x00, 0x00, 0x00, 0x00, 0x00, 0x00, 0x00, 0x00, 0x00,
  0x00, 0x00, 0x00, 0x00, 0x00, 0x00, 0x00, 0x00, 0x00, 0x00, 0x00, 0x00, 0x00, 0x00, 0x00, 0x00,
  0x00, 0x00, 0x00, 0x00, 0x00, 0x00, 0x00, 0x00, 0x00, 0x00, 0x00, 0x00, 0x00, 0x00, 0x00, 0x00,
  0x00, 0x00, 0x00, 0x00, 0x00, 0x00, 0x00, 0x00, 0x00, 0x00, 0x00, 0x00, 0x00, 0x00, 0x00, 0x00,
  0x00, 0x00, 0x00, 0x00, 0x00, 0x00, 0x00, 0x00, 0x00, 0x00, 0x00, 0x00, 0x00, 0x00, 0x00, 0x00,
  0x00, 0x00, 0x00, 0x00, 0x00, 0x00, 0x00, 0x00, 0x00, 0x00, 0x00, 0x00, 0x00, 0x00, 0x00, 0x00,
  0x00, 0x00, 0x00, 0x00, 0x00, 0x00, 0x00, 0x00, 0x00, 0x00, 0x00, 0x00, 0x00, 0x00, 0x00, 0x00,
  0x00, 0x00, 0x00, 0x00, 0x00, 0x00, 0x00, 0x00, 0x00, 0x00, 0x00, 0x00, 0x00, 0x00, 0x00, 0x00,
  0x00, 0x00, 0x00, 0x00, 0x00, 0x00, 0x00, 0x00, 0x00, 0x00, 0x00, 0x00, 0x00, 0x00, 0x00, 0x00,
  0x00, 0x00, 0x00, 0x00, 0x00, 0x00, 0x00, 0x00, 0x00, 0x00, 0x00, 0x00, 0x00, 0x00, 0x00, 0x00,
  0x00, 0x00, 0x00, 0x00, 0x00, 0x00, 0x00, 0x00, 0x00, 0x00, 0x00, 0x00, 0x00, 0x00, 0x00, 0x00,
  0x00, 0x00, 0x00, 0x00, 0x00, 0x00, 0x00, 0x00, 0x00, 0x00, 0x00, 0x00, 0x00, 0x00, 0x00, 0x00,
  0x00, 0x00, 0x00, 0x00, 0x00, 0x00, 0x00, 0x00, 0x00, 0x00, 0x00, 0x00, 0x00, 0x00, 0x00, 0x00,
  0x00, 0x00, 0x00, 0x00, 0x00, 0x00, 0x00, 0x00, 0x00, 0x00, 0x00, 0x00, 0x00, 0x00, 0x00, 0x00,
  0x00, 0x00, 0x00, 0x00, 0x00, 0x00, 0x00, 0x00, 0x00, 0x00, 0x00, 0x00, 0x00, 0x00, 0x00, 0x00,
  0x00, 0x00, 0x00, 0x00, 0x00, 0x00, 0x00, 0x00, 0x00, 0x00, 0x00, 0x00, 0x00, 0x00, 0x00, 0x00,
  0x00, 0x00, 0x00, 0x00, 0x00, 0x00, 0x00, 0x00, 0x00, 0x00, 0x00, 0x00, 0x00, 0x00, 0x00, 0x00,
  0x00, 0x00, 0x00, 0x00, 0x00, 0x00, 0x00, 0x00, 0x00, 0x00, 0x00, 0x00, 0x00, 0x00, 0x00, 0x00,
  0x00, 0x00, 0x00, 0x00, 0x00, 0x00, 0x00, 0x00, 0x00, 0x00, 0x00, 0x00, 0x00, 0x00, 0x00, 0x00,
  0x00, 0x00, 0x00, 0x00, 0x00, 0x00, 0x00, 0x00, 0x00, 0x00, 0x00, 0x00, 0x00, 0x00, 0x00, 0x00,
  0x74, 0x5a, 0x74, 0x5a, 0x74, 0x5a, 0xb7, 0x9b, 0xb7, 0x9b, 0xb7, 0x9b, 0x49, 0x49, 0x49, 0x49,
  0x00, 0x00, 0x00, 0x00, 0x00, 0x00, 0x00, 0x00, 0x00, 0x00, 0x00, 0x00, 0x00, 0x00, 0x00, 0x00,
  0x00, 0x00, 0x00, 0x00, 0x00, 0x00, 0x00, 0x00, 0x00, 0x00, 0x00, 0x00, 0x00, 0x00, 0x00, 0x00,
  0x00, 0x00, 0x00, 0x00, 0x00, 0x00, 0x00, 0x00, 0x00, 0x00, 0x00, 0x00, 0x74, 0x5a, 0x74, 0x5a,
  0x78, 0xbc, 0x78, 0xbc, 0x78, 0xbc, 0x78, 0xbc, 0x78, 0xbc, 0x78, 0xbc, 0x78, 0xbc, 0x78, 0xbc,
  0x78, 0xbc, 0xb7, 0x9b, 0xb7, 0x9b, 0xb7, 0x9b, 0xb7, 0x9b, 0xb7, 0x9b, 0xb7, 0x9b, 0x35, 0x7b,
  0x35, 0x7b, 0x35, 0x7b, 0x74, 0x5a, 0x74, 0x5a, 0x74, 0x5a, 0x82, 0x10, 0x82, 0x10, 0x82, 0x10,
  0x00, 0x00, 0x00, 0x00, 0x00, 0x00, 0x00, 0x00, 0x00, 0x00, 0x00, 0x00, 0x00, 0x00, 0x00, 0x00,
  0x00, 0x00, 0x00, 0x00, 0x00, 0x00, 0x00, 0x00, 0x00, 0x00, 0x00, 0x00, 0x00, 0x00, 0x00, 0x00,
  0x00, 0x00, 0x00, 0x00, 0x00, 0x00, 0x00, 0x00, 0x00, 0x00, 0x00, 0x00, 0x00, 0x00, 0x00, 0x00,
  0x00, 0x00, 0x00, 0x00, 0x00, 0x00, 0x00, 0x00, 0x00, 0x00, 0x00, 0x00, 0x00, 0x00, 0x00, 0x00,
  0x00, 0x00, 0x00, 0x00, 0x00, 0x00, 0x00, 0x00, 0x00, 0x00, 0x00, 0x00, 0x00, 0x00, 0x00, 0x00,
  0x00, 0x00, 0x00, 0x00, 0x00, 0x00, 0x00, 0x00, 0x00, 0x00, 0x00, 0x00, 0x00, 0x00, 0x00, 0x00,
  0x00, 0x00, 0x00, 0x00, 0x00, 0x00, 0x00, 0x00, 0x00, 0x00, 0x00, 0x00, 0x00, 0x00, 0x00, 0x00,
  0x00, 0x00, 0x00, 0x00, 0x00, 0x00, 0x00, 0x00, 0x00, 0x00, 0x00, 0x00, 0x00, 0x00, 0x00, 0x00,
  0x00, 0x00, 0x00, 0x00, 0x00, 0x00, 0x00, 0x00, 0x00, 0x00, 0x00, 0x00, 0x00, 0x00, 0x00, 0x00,
  0x00, 0x00, 0x00, 0x00, 0x00, 0x00, 0x00, 0x00, 0x00, 0x00, 0x00, 0x00, 0x00, 0x00, 0x00, 0x00,
  0x00, 0x00, 0x00, 0x00, 0x00, 0x00, 0x00, 0x00, 0x00, 0x00, 0x00, 0x00, 0x00, 0x00, 0x00, 0x00,
  0x00, 0x00, 0x00, 0x00, 0x00, 0x00, 0x00, 0x00, 0x00, 0x00, 0x00, 0x00, 0x00, 0x00, 0x00, 0x00,
  0x00, 0x00, 0x00, 0x00, 0x00, 0x00, 0x00, 0x00, 0x00, 0x00, 0x00, 0x00, 0x00, 0x00, 0x00, 0x00,
  0x00, 0x00, 0x00, 0x00, 0x00, 0x00, 0x00, 0x00, 0x00, 0x00, 0x00, 0x00, 0x00, 0x00, 0x00, 0x00,
  0x00, 0x00, 0x00, 0x00, 0x00, 0x00, 0x00, 0x00, 0x00, 0x00, 0x00, 0x00, 0x00, 0x00, 0x00, 0x00,
  0x00, 0x00, 0x00, 0x00, 0x00, 0x00, 0x00, 0x00, 0x00, 0x00, 0x00, 0x00, 0x00, 0x00, 0x00, 0x00,
  0x00, 0x00, 0x00, 0x00, 0x00, 0x00, 0x00, 0x00, 0x00, 0x00, 0x00, 0x00, 0x00, 0x00, 0x00, 0x00,
  0x00, 0x00, 0x00, 0x00, 0x00, 0x00, 0x00, 0x00, 0x00, 0x00, 0x00, 0x00, 0x00, 0x00, 0x00, 0x00,
  0x00, 0x00, 0x00, 0x00, 0x00, 0x00, 0x00, 0x00, 0x00, 0x00, 0x00, 0x00, 0x00, 0x00, 0x00, 0x00,
  0x00, 0x00, 0x00, 0x00, 0x00, 0x00, 0x00, 0x00, 0x00, 0x00, 0x00, 0x00, 0x00, 0x00, 0x00, 0x00,
  0x00, 0x00, 0x00, 0x00, 0x00, 0x00, 0x00, 0x00, 0x74, 0x5a, 0x74, 0x5a, 0x74, 0x5a, 0xb7, 0x9b,
  0xb7, 0x9b, 0xb7, 0x9b, 0x49, 0x49, 0x49, 0x49, 0x00, 0x00, 0x00, 0x00, 0x00, 0x00, 0x00, 0x00,
  0x00, 0x00, 0x00, 0x00, 0x00, 0x00, 0x00, 0x00, 0x00, 0x00, 0x00, 0x00, 0x00, 0x00, 0x00, 0x00,
  0x00, 0x00, 0x00, 0x00, 0x00, 0x00, 0x00, 0x00, 0x00, 0x00, 0x00, 0x00, 0x00, 0x00, 0x00, 0x00,
  0x00, 0x00, 0x00, 0x00, 0x74, 0x5a, 0x74, 0x5a, 0x78, 0xbc, 0x78, 0xbc, 0x78, 0xbc, 0x78, 0xbc,
  0x78, 0xbc, 0x78, 0xbc, 0x78, 0xbc, 0x78, 0xbc, 0x78, 0xbc, 0xb7, 0x9b, 0xb7, 0x9b, 0xb7, 0x9b,
  0xb7, 0x9b, 0xb7, 0x9b, 0xb7, 0x9b, 0x35, 0x7b, 0x35, 0x7b, 0x35, 0x7b, 0x74, 0x5a, 0x74, 0x5a,
  0x74, 0x5a, 0x82, 0x10, 0x82, 0x10, 0x82, 0x10, 0x00, 0x00, 0x00, 0x00, 0x00, 0x00, 0x00, 0x00,
  0x00, 0x00, 0x00, 0x00, 0x00, 0x00, 0x00, 0x00, 0x00, 0x00, 0x00, 0x00, 0x00, 0x00, 0x00, 0x00,
  0x00, 0x00, 0x00, 0x00, 0x00, 0x00, 0x00, 0x00, 0x00, 0x00, 0x00, 0x00, 0x00, 0x00, 0x00, 0x00,
  0x00, 0x00, 0x00, 0x00, 0x00, 0x00, 0x00, 0x00, 0x00, 0x00, 0x00, 0x00, 0x00, 0x00, 0x00, 0x00,
  0x00, 0x00, 0x00, 0x00, 0x00, 0x00, 0x00, 0x00, 0x00, 0x00, 0x00, 0x00, 0x00, 0x00, 0x00, 0x00,
  0x00, 0x00, 0x00, 0x00, 0x00, 0x00, 0x00, 0x00, 0x00, 0x00, 0x00, 0x00, 0x00, 0x00, 0x00, 0x00,
  0x00, 0x00, 0x00, 0x00, 0x00, 0x00, 0x00, 0x00, 0x00, 0x00, 0x00, 0x00, 0x00, 0x00, 0x00, 0x00,
  0x00, 0x00, 0x00, 0x00, 0x00, 0x00, 0x00, 0x00, 0x00, 0x00, 0x00, 0x00, 0x00, 0x00, 0x00, 0x00,
  0x00, 0x00, 0x00, 0x00, 0x00, 0x00, 0x00, 0x00, 0x00, 0x00, 0x00, 0x00, 0x00, 0x00, 0x00, 0x00,
  0x00, 0x00, 0x00, 0x00, 0x00, 0x00, 0x00, 0x00, 0x00, 0x00, 0x00, 0x00, 0x00, 0x00, 0x00, 0x00,
  0x00, 0x00, 0x00, 0x00, 0x00, 0x00, 0x00, 0x00, 0x00, 0x00, 0x00, 0x00, 0x00, 0x00, 0x00, 0x00,
  0x00, 0x00, 0x00, 0x00, 0x00, 0x00, 0x00, 0x00, 0x00, 0x00, 0x00, 0x00, 0x00, 0x00, 0x00, 0x00,
  0x00, 0x00, 0x00, 0x00, 0x00, 0x00, 0x00, 0x00, 0x00, 0x00, 0x00, 0x00, 0x00, 0x00, 0x00, 0x00,
  0x00, 0x00, 0x00, 0x00, 0x00, 0x00, 0x00, 0x00, 0x00, 0x00, 0x00, 0x00, 0x00, 0x00, 0x00, 0x00,
  0x00, 0x00, 0x00, 0x00, 0x00, 0x00, 0x00, 0x00, 0x00, 0x00, 0x00, 0x00, 0x00, 0x00, 0x00, 0x00,
  0x00, 0x00, 0x00, 0x00, 0x00, 0x00, 0x00, 0x00, 0x00, 0x00, 0x00, 0x00, 0x00, 0x00, 0x00, 0x00,
  0x00, 0x00, 0x00, 0x00, 0x00, 0x00, 0x00, 0x00, 0x00, 0x00, 0x00, 0x00, 0x00, 0x00, 0x00, 0x00,
  0x00, 0x00, 0x00, 0x00, 0x00, 0x00, 0x00, 0x00, 0x00, 0x00, 0x00, 0x00, 0x00, 0x00, 0x00, 0x00,
  0x00, 0x00, 0x00, 0x00, 0x00, 0x00, 0x00, 0x00, 0x00, 0x00, 0x00, 0x00, 0x00, 0x00, 0x00, 0x00,
  0x00, 0x00, 0x00, 0x00, 0x00, 0x00, 0x00, 0x00, 0x00, 0x00, 0x00, 0x00, 0x00, 0x00, 0x00, 0x00,
  0x00, 0x00, 0x00, 0x00, 0x00, 0x00, 0x00, 0x00, 0x00, 0x00, 0x74, 0x5a, 0x74, 0x5a, 0x74, 0x5a,
  0xb7, 0x9b, 0xb7, 0x9b, 0xb7, 0x9b, 0xb7, 0x9b, 0xb7, 0x9b, 0xb7, 0x9b, 0x49, 0x49, 0x49, 0x49,
  0x00, 0x00, 0x00, 0x00, 0x00, 0x00, 0x00, 0x00, 0x00, 0x00, 0x00, 0x00, 0x00, 0x00, 0x74, 0x5a,
  0x74, 0x5a, 0x74, 0x5a, 0x49, 0x49, 0x49, 0x49, 0x00, 0x00, 0x00, 0x00, 0x00, 0x00, 0x74, 0x5a,
  0x74, 0x5a, 0x74, 0x5a, 0x74, 0x5a, 0x74, 0x5a, 0x74, 0x5a, 0x74, 0x5a, 0x78, 0xbc, 0x78, 0xbc,
  0x78, 0xbc, 0x78, 0xbc, 0x78, 0xbc, 0x78, 0xbc, 0x78, 0xbc, 0x78, 0xbc, 0x78, 0xbc, 0x78, 0xbc,
  0x78, 0xbc, 0xb7, 0x9b, 0xb7, 0x9b, 0xb7, 0x9b, 0xb7, 0x9b, 0xb7, 0x9b, 0xb7, 0x9b, 0x74, 0x5a,
  0x74, 0x5a, 0x74, 0x5a, 0x74, 0x5a, 0x74, 0x5a, 0x74, 0x5a, 0x82, 0x10, 0x82, 0x10, 0x82, 0x10,
  0x00, 0x00, 0x00, 0x00, 0x00, 0x00, 0x00, 0x00, 0x00, 0x00, 0x00, 0x00, 0x00, 0x00, 0x00, 0x00,
  0x00, 0x00, 0x00, 0x00, 0x00, 0x00, 0x00, 0x00, 0x00, 0x00, 0x00, 0x00, 0x00, 0x00, 0x00, 0x00,
  0x00, 0x00, 0x00, 0x00, 0x00, 0x00, 0x00, 0x00, 0x00, 0x00, 0x00, 0x00, 0x00, 0x00, 0x00, 0x00,
  0x00, 0x00, 0x00, 0x00, 0x00, 0x00, 0x00, 0x00, 0x00, 0x00, 0x00, 0x00, 0x00, 0x00, 0x00, 0x00,
  0x00, 0x00, 0x00, 0x00, 0x00, 0x00, 0x00, 0x00, 0x00, 0x00, 0x00, 0x00, 0x00, 0x00, 0x00, 0x00,
  0x00, 0x00, 0x00, 0x00, 0x00, 0x00, 0x00, 0x00, 0x00, 0x00, 0x00, 0x00, 0x00, 0x00, 0x00, 0x00,
  0x00, 0x00, 0x00, 0x00, 0x00, 0x00, 0x00, 0x00, 0x00, 0x00, 0x00, 0x00, 0x00, 0x00, 0x00, 0x00,
  0x00, 0x00, 0x00, 0x00, 0x00, 0x00, 0x00, 0x00, 0x00, 0x00, 0x00, 0x00, 0x00, 0x00, 0x00, 0x00,
  0x00, 0x00, 0x00, 0x00, 0x00, 0x00, 0x00, 0x00, 0x00, 0x00, 0x00, 0x00, 0x00, 0x00, 0x00, 0x00,
  0x00, 0x00, 0x00, 0x00, 0x00, 0x00, 0x00, 0x00, 0x00, 0x00, 0x00, 0x00, 0x00, 0x00, 0x00, 0x00,
  0x00, 0x00, 0x00, 0x00, 0x00, 0x00, 0x00, 0x00, 0x00, 0x00, 0x00, 0x00, 0x00, 0x00, 0x00, 0x00,
  0x00, 0x00, 0x00, 0x00, 0x00, 0x00, 0x00, 0x00, 0x00, 0x00, 0x00, 0x00, 0x00, 0x00, 0x00, 0x00,
  0x00, 0x00, 0x00, 0x00, 0x00, 0x00, 0x00, 0x00, 0x00, 0x00, 0x00, 0x00, 0x00, 0x00, 0x00, 0x00,
  0x00, 0x00, 0x00, 0x00, 0x00, 0x00, 0x00, 0x00, 0x00, 0x00, 0x00, 0x00, 0x00, 0x00, 0x00, 0x00,
  0x00, 0x00, 0x00, 0x00, 0x00, 0x00, 0x00, 0x00, 0x00, 0x00, 0x00, 0x00, 0x00, 0x00, 0x00, 0x00,
  0x00, 0x00, 0x00, 0x00, 0x00, 0x00, 0x00, 0x00, 0x00, 0x00, 0x00, 0x00, 0x00, 0x00, 0x00, 0x00,
  0x00, 0x00, 0x00, 0x00, 0x00, 0x00, 0x00, 0x00, 0x00, 0x00, 0x00, 0x00, 0x00, 0x00, 0x00, 0x00,
  0x00, 0x00, 0x00, 0x00, 0x00, 0x00, 0x00, 0x00, 0x00, 0x00, 0x00, 0x00, 0x00, 0x00, 0x00, 0x00,
  0x00, 0x00, 0x00, 0x00, 0x00, 0x00, 0x00, 0x00, 0x00, 0x00, 0x00, 0x00, 0x00, 0x00, 0x00, 0x00,
  0x00, 0x00, 0x00, 0x00, 0x00, 0x00, 0x00, 0x00, 0x00, 0x00, 0x00, 0x00, 0x00, 0x00, 0x00, 0x00,
  0x00, 0x00, 0x74, 0x5a, 0x74, 0x5a, 0x74, 0x5a, 0xb7, 0x9b, 0xb7, 0x9b, 0xb7, 0x9b, 0xb7, 0x9b,
  0xb7, 0x9b, 0xb7, 0x9b, 0x49, 0x49, 0x49, 0x49, 0x00, 0x00, 0x00, 0x00, 0x00, 0x00, 0x00, 0x00,
  0x00, 0x00, 0x00, 0x00, 0x00, 0x00, 0x74, 0x5a, 0x74, 0x5a, 0x74, 0x5a, 0x49, 0x49, 0x49, 0x49,
  0x00, 0x00, 0x00, 0x00, 0x00, 0x00, 0x74, 0x5a, 0x74, 0x5a, 0x74, 0x5a, 0x74, 0x5a, 0x74, 0x5a,
  0x74, 0x5a, 0x74, 0x5a, 0x78, 0xbc, 0x78, 0xbc, 0x78, 0xbc, 0x78, 0xbc, 0x78, 0xbc, 0x78, 0xbc,
  0x78, 0xbc, 0x78, 0xbc, 0x78, 0xbc, 0x78, 0xbc, 0x78, 0xbc, 0xb7, 0x9b, 0xb7, 0x9b, 0xb7, 0x9b,
  0xb7, 0x9b, 0xb7, 0x9b, 0xb7, 0x9b, 0x74, 0x5a, 0x74, 0x5a, 0x74, 0x5a, 0x74, 0x5a, 0x74, 0x5a,
  0x74, 0x5a, 0x82, 0x10, 0x82, 0x10, 0x82, 0x10, 0x00, 0x00, 0x00, 0x00, 0x00, 0x00, 0x00, 0x00,
  0x00, 0x00, 0x00, 0x00, 0x00, 0x00, 0x00, 0x00, 0x00, 0x00, 0x00, 0x00, 0x00, 0x00, 0x00, 0x00,
  0x00, 0x00, 0x00, 0x00, 0x00, 0x00, 0x00, 0x00, 0x00, 0x00, 0x00, 0x00, 0x00, 0x00, 0x00, 0x00,
  0x00, 0x00, 0x00, 0x00, 0x00, 0x00, 0x00, 0x00, 0x00, 0x00, 0x00, 0x00, 0x00, 0x00, 0x00, 0x00,
  0x00, 0x00, 0x00, 0x00, 0x00, 0x00, 0x00, 0x00, 0x00, 0x00, 0x00, 0x00, 0x00, 0x00, 0x00, 0x00,
  0x00, 0x00, 0x00, 0x00, 0x00, 0x00, 0x00, 0x00, 0x00, 0x00, 0x00, 0x00, 0x00, 0x00, 0x00, 0x00,
  0x00, 0x00, 0x00, 0x00, 0x00, 0x00, 0x00, 0x00, 0x00, 0x00, 0x00, 0x00, 0x00, 0x00, 0x00, 0x00,
  0x00, 0x00, 0x00, 0x00, 0x00, 0x00, 0x00, 0x00, 0x00, 0x00, 0x00, 0x00, 0x00, 0x00, 0x00, 0x00,
  0x00, 0x00, 0x00, 0x00, 0x00, 0x00, 0x00, 0x00, 0x00, 0x00, 0x00, 0x00, 0x00, 0x00, 0x00, 0x00,
  0x00, 0x00, 0x00, 0x00, 0x00, 0x00, 0x00, 0x00, 0x00, 0x00, 0x00, 0x00, 0x00, 0x00, 0x00, 0x00,
  0x00, 0x00, 0x00, 0x00, 0x00, 0x00, 0x00, 0x00, 0x00, 0x00, 0x00, 0x00, 0x00, 0x00, 0x00, 0x00,
  0x00, 0x00, 0x00, 0x00, 0x00, 0x00, 0x00, 0x00, 0x00, 0x00, 0x00, 0x00, 0x00, 0x00, 0x00, 0x00,
  0x00, 0x00, 0x00, 0x00, 0x00, 0x00, 0x00, 0x00, 0x00, 0x00, 0x00, 0x00, 0x00, 0x00, 0x00, 0x00,
  0x00, 0x00, 0x00, 0x00, 0x00, 0x00, 0x00, 0x00, 0x00, 0x00, 0x00, 0x00, 0x00, 0x00, 0x00, 0x00,
  0x00, 0x00, 0x00, 0x00, 0x00, 0x00, 0x00, 0x00, 0x00, 0x00, 0x00, 0x00, 0x00, 0x00, 0x00, 0x00,
  0x00, 0x00, 0x00, 0x00, 0x00, 0x00, 0x00, 0x00, 0x00, 0x00, 0x00, 0x00, 0x00, 0x00, 0x00, 0x00,
  0x00, 0x00, 0x00, 0x00, 0x00, 0x00, 0x00, 0x00, 0x00, 0x00, 0x00, 0x00, 0x00, 0x00, 0x00, 0x00,
  0x00, 0x00, 0x00, 0x00, 0x00, 0x00, 0x00, 0x00, 0x00, 0x00, 0x00, 0x00, 0x00, 0x00, 0x00, 0x00,
  0x00, 0x00, 0x00, 0x00, 0x00, 0x00, 0x00, 0x00, 0x00, 0x00, 0x00, 0x00, 0x00, 0x00, 0x00, 0x00,
  0x00, 0x00, 0x00, 0x00, 0x00, 0x00, 0x00, 0x00, 0x00, 0x00, 0x00, 0x00, 0x00, 0x00, 0x00, 0x00,
  0x00, 0x00, 0x00, 0x00, 0x00, 0x00, 0x00, 0x00, 0x00, 0x00, 0x74, 0x5a, 0x74, 0x5a, 0x74, 0x5a,
  0xb7, 0x9b, 0xb7, 0x9b, 0xb7, 0x9b, 0xb7, 0x9b, 0xb7, 0x9b, 0xb7, 0x9b, 0x49, 0x49, 0x49, 0x49,
  0x00, 0x00, 0x00, 0x00, 0x00, 0x00, 0x00, 0x00, 0x00, 0x00, 0x00, 0x00, 0x00, 0x00, 0x74, 0x5a,
  0x74, 0x5a, 0x74, 0x5a, 0x49, 0x49, 0x49, 0x49, 0x00, 0x00, 0x00, 0x00, 0x00, 0x00, 0x74, 0x5a,
  0x74, 0x5a, 0x74, 0x5a, 0x74, 0x5a, 0x74, 0x5a, 0x74, 0x5a, 0x74, 0x5a, 0x78, 0xbc, 0x78, 0xbc,
  0x78, 0xbc, 0x78, 0xbc, 0x78, 0xbc, 0x78, 0xbc, 0x78, 0xbc, 0x78, 0xbc, 0x78, 0xbc, 0x78, 0xbc,
  0x78, 0xbc, 0xb7, 0x9b, 0xb7, 0x9b, 0xb7, 0x9b, 0xb7, 0x9b, 0xb7, 0x9b, 0xb7, 0x9b, 0x74, 0x5a,
  0x74, 0x5a, 0x74, 0x5a, 0x74, 0x5a, 0x74, 0x5a, 0x74, 0x5a, 0x82, 0x10, 0x82, 0x10, 0x82, 0x10,
  0x00, 0x00, 0x00, 0x00, 0x00, 0x00, 0x00, 0x00, 0x00, 0x00, 0x00, 0x00, 0x00, 0x00, 0x00, 0x00,
  0x00, 0x00, 0x00, 0x00, 0x00, 0x00, 0x00, 0x00, 0x00, 0x00, 0x00, 0x00, 0x00, 0x00, 0x00, 0x00,
  0x00, 0x00, 0x00, 0x00, 0x00, 0x00, 0x00, 0x00, 0x00, 0x00, 0x00, 0x00, 0x00, 0x00, 0x00, 0x00,
  0x00, 0x00, 0x00, 0x00, 0x00, 0x00, 0x00, 0x00, 0x00, 0x00, 0x00, 0x00, 0x00, 0x00, 0x00, 0x00,
  0x00, 0x00, 0x00, 0x00, 0x00, 0x00, 0x00, 0x00, 0x00, 0x00, 0x00, 0x00, 0x00, 0x00, 0x00, 0x00,
  0x00, 0x00, 0x00, 0x00, 0x00, 0x00, 0x00, 0x00, 0x00, 0x00, 0x00, 0x00, 0x00, 0x00, 0x00, 0x00,
  0x00, 0x00, 0x00, 0x00, 0x00, 0x00, 0x00, 0x00, 0x00, 0x00, 0x00, 0x00, 0x00, 0x00, 0x00, 0x00,
  0x00, 0x00, 0x00, 0x00, 0x00, 0x00, 0x00, 0x00, 0x00, 0x00, 0x00, 0x00, 0x00, 0x00, 0x00, 0x00,
  0x00, 0x00, 0x00, 0x00, 0x00, 0x00, 0x00, 0x00, 0x00, 0x00, 0x00, 0x00, 0x00, 0x00, 0x00, 0x00,
  0x00, 0x00, 0x00, 0x00, 0x00, 0x00, 0x00, 0x00, 0x00, 0x00, 0x00, 0x00, 0x00, 0x00, 0x00, 0x00,
  0x00, 0x00, 0x00, 0x00, 0x00, 0x00, 0x00, 0x00, 0x00, 0x00, 0x00, 0x00, 0x00, 0x00, 0x00, 0x00,
  0x00, 0x00, 0x00, 0x00, 0x00, 0x00, 0x00, 0x00, 0x00, 0x00, 0x00, 0x00, 0x00, 0x00, 0x00, 0x00,
  0x00, 0x00, 0x00, 0x00, 0x00, 0x00, 0x00, 0x00, 0x00, 0x00, 0x00, 0x00, 0x00, 0x00, 0x00, 0x00,
  0x00, 0x00, 0x00, 0x00, 0x00, 0x00, 0x00, 0x00, 0x00, 0x00, 0x00, 0x00, 0x00, 0x00, 0x00, 0x00,
  0x00, 0x00, 0x00, 0x00, 0x00, 0x00, 0x00, 0x00, 0x00, 0x00, 0x00, 0x00, 0x00, 0x00, 0x00, 0x00,
  0x00, 0x00, 0x00, 0x00, 0x00, 0x00, 0x00, 0x00, 0x00, 0x00, 0x00, 0x00, 0x00, 0x00, 0x00, 0x00,
  0x00, 0x00, 0x00, 0x00, 0x00, 0x00, 0x00, 0x00, 0x00, 0x00, 0x00, 0x00, 0x00, 0x00, 0x00, 0x00,
  0x00, 0x00, 0x00, 0x00, 0x00, 0x00, 0x00, 0x00, 0x00, 0x00, 0x00, 0x00, 0x00, 0x00, 0x00, 0x00,
  0x00, 0x00, 0x00, 0x00, 0x00, 0x00, 0x00, 0x00, 0x00, 0x00, 0x00, 0x00, 0x00, 0x00, 0x00, 0x00,
  0x00, 0x00, 0x00, 0x00, 0x00, 0x00, 0x00, 0x00, 0x00, 0x00, 0x74, 0x5a, 0x74, 0x5a, 0x74, 0x5a,
  0x74, 0x5a, 0xb7, 0x9b, 0xb7, 0x9b, 0xb7, 0x9b, 0xb7, 0x9b, 0xb7, 0x9b, 0xb7, 0x9b, 0xb7, 0x9b,
  0xb7, 0x9b, 0xb7, 0x9b, 0x49, 0x49, 0x49, 0x49, 0x00, 0x00, 0x00, 0x00, 0x00, 0x00, 0x00, 0x00,
  0x74, 0x5a, 0x74, 0x5a, 0x74, 0x5a, 0xb7, 0x9b, 0xb7, 0x9b, 0xb7, 0x9b, 0x49, 0x49, 0x49, 0x49,
  0x00, 0x00, 0x00, 0x00, 0x00, 0x00, 0x74, 0x5a, 0x74, 0x5a, 0x74, 0x5a, 0x78, 0xbc, 0x78, 0xbc,
  0x78, 0xbc, 0x78, 0xbc, 0x78, 0xbc, 0x78, 0xbc, 0x78, 0xbc, 0x78, 0xbc, 0x78, 0xbc, 0x78, 0xbc,
  0x78, 0xbc, 0x78, 0xbc, 0x78, 0xbc, 0x78, 0xbc, 0x78, 0xbc, 0xb7, 0x9b, 0xb7, 0x9b, 0xb7, 0x9b,
  0xb7, 0x9b, 0xb7, 0x9b, 0xb7, 0x9b, 0x35, 0x7b, 0x35, 0x7b, 0x35, 0x7b, 0x74, 0x5a, 0x74, 0x5a,
  0x74, 0x5a, 0x82, 0x10, 0x82, 0x10, 0x82, 0x10, 0x00, 0x00, 0x00, 0x00, 0x00, 0x00, 0x00, 0x00,
  0x00, 0x00, 0x00, 0x00, 0x00, 0x00, 0x00, 0x00, 0x00, 0x00, 0x00, 0x00, 0x00, 0x00, 0x00, 0x00,
  0x00, 0x00, 0x00, 0x00, 0x00, 0x00, 0x00, 0x00, 0x00, 0x00, 0x00, 0x00, 0x00, 0x00, 0x00, 0x00,
  0x00, 0x00, 0x00, 0x00, 0x00, 0x00, 0x00, 0x00, 0x00, 0x00, 0x00, 0x00, 0x00, 0x00, 0x00, 0x00,
  0x00, 0x00, 0x00, 0x00, 0x00, 0x00, 0x00, 0x00, 0x00, 0x00, 0x00, 0x00, 0x00, 0x00, 0x00, 0x00,
  0x00, 0x00, 0x00, 0x00, 0x00, 0x00, 0x00, 0x00, 0x00, 0x00, 0x00, 0x00, 0x00, 0x00, 0x00, 0x00,
  0x00, 0x00, 0x00, 0x00, 0x00, 0x00, 0x00, 0x00, 0x00, 0x00, 0x00, 0x00, 0x00, 0x00, 0x00, 0x00,
  0x00, 0x00, 0x00, 0x00, 0x00, 0x00, 0x00, 0x00, 0x00, 0x00, 0x00, 0x00, 0x00, 0x00, 0x00, 0x00,
  0x00, 0x00, 0x00, 0x00, 0x00, 0x00, 0x00, 0x00, 0x00, 0x00, 0x00, 0x00, 0x00, 0x00, 0x00, 0x00,
  0x00, 0x00, 0x00, 0x00, 0x00, 0x00, 0x00, 0x00, 0x00, 0x00, 0x00, 0x00, 0x00, 0x00, 0x00, 0x00,
  0x00, 0x00, 0x00, 0x00, 0x00, 0x00, 0x00, 0x00, 0x00, 0x00, 0x00, 0x00, 0x00, 0x00, 0x00, 0x00,
  0x00, 0x00, 0x00, 0x00, 0x00, 0x00, 0x00, 0x00, 0x00, 0x00, 0x00, 0x00, 0x00, 0x00, 0x00, 0x00,
  0x00, 0x00, 0x00, 0x00, 0x00, 0x00, 0x00, 0x00, 0x00, 0x00, 0x00, 0x00, 0x00, 0x00, 0x00, 0x00,
  0x00, 0x00, 0x00, 0x00, 0x00, 0x00, 0x00, 0x00, 0x00, 0x00, 0x00, 0x00, 0x00, 0x00, 0x00, 0x00,
  0x00, 0x00, 0x00, 0x00, 0x00, 0x00, 0x00, 0x00, 0x00, 0x00, 0x00, 0x00, 0x00, 0x00, 0x00, 0x00,
  0x00, 0x00, 0x00, 0x00, 0x00, 0x00, 0x00, 0x00, 0x00, 0x00, 0x00, 0x00, 0x00, 0x00, 0x00, 0x00,
  0x00, 0x00, 0x00, 0x00, 0x00, 0x00, 0x00, 0x00, 0x00, 0x00, 0x00, 0x00, 0x00, 0x00, 0x00, 0x00,
  0x00, 0x00, 0x00, 0x00, 0x00, 0x00, 0x00, 0x00, 0x00, 0x00, 0x00, 0x00, 0x00, 0x00, 0x00, 0x00,
  0x00, 0x00, 0x00, 0x00, 0x00, 0x00, 0x00, 0x00, 0x00, 0x00, 0x00, 0x00, 0x00, 0x00, 0x00, 0x00,
  0x00, 0x00, 0x00, 0x00, 0x00, 0x00, 0x00, 0x00, 0x00, 0x00, 0x00, 0x00, 0x00, 0x00, 0x00, 0x00,
  0x00, 0x00, 0x74, 0x5a, 0x74, 0x5a, 0x74, 0x5a, 0x74, 0x5a, 0xb7, 0x9b, 0xb7, 0x9b, 0xb7, 0x9b,
  0xb7, 0x9b, 0xb7, 0x9b, 0xb7, 0x9b, 0xb7, 0x9b, 0xb7, 0x9b, 0xb7, 0x9b, 0x49, 0x49, 0x49, 0x49,
  0x00, 0x00, 0x00, 0x00, 0x00, 0x00, 0x00, 0x00, 0x74, 0x5a, 0x74, 0x5a, 0x74, 0x5a, 0xb7, 0x9b,
  0xb7, 0x9b, 0xb7, 0x9b, 0x49, 0x49, 0x49, 0x49, 0x00, 0x00, 0x00, 0x00, 0x00, 0x00, 0x74, 0x5a,
  0x74, 0x5a, 0x74, 0x5a, 0x78, 0xbc, 0x78, 0xbc, 0x78, 0xbc, 0x78, 0xbc, 0x78, 0xbc, 0x78, 0xbc,
  0x78, 0xbc, 0x78, 0xbc, 0x78, 0xbc, 0x78, 0xbc, 0x78, 0xbc, 0x78, 0xbc, 0x78, 0xbc, 0x78, 0xbc,
  0x78, 0xbc, 0xb7, 0x9b, 0xb7, 0x9b, 0xb7, 0x9b, 0xb7, 0x9b, 0xb7, 0x9b, 0xb7, 0x9b, 0x35, 0x7b,
  0x35, 0x7b, 0x35, 0x7b, 0x74, 0x5a, 0x74, 0x5a, 0x74, 0x5a, 0x82, 0x10, 0x82, 0x10, 0x82, 0x10,
  0x00, 0x00, 0x00, 0x00, 0x00, 0x00, 0x00, 0x00, 0x00, 0x00, 0x00, 0x00, 0x00, 0x00, 0x00, 0x00,
  0x00, 0x00, 0x00, 0x00, 0x00, 0x00, 0x00, 0x00, 0x00, 0x00, 0x00, 0x00, 0x00, 0x00, 0x00, 0x00,
  0x00, 0x00, 0x00, 0x00, 0x00, 0x00, 0x00, 0x00, 0x00, 0x00, 0x00, 0x00, 0x00, 0x00, 0x00, 0x00,
  0x00, 0x00, 0x00, 0x00, 0x00, 0x00, 0x00, 0x00, 0x00, 0x00, 0x00, 0x00, 0x00, 0x00, 0x00, 0x00,
  0x00, 0x00, 0x00, 0x00, 0x00, 0x00, 0x00, 0x00, 0x00, 0x00, 0x00, 0x00, 0x00, 0x00, 0x00, 0x00,
  0x00, 0x00, 0x00, 0x00, 0x00, 0x00, 0x00, 0x00, 0x00, 0x00, 0x00, 0x00, 0x00, 0x00, 0x00, 0x00,
  0x00, 0x00, 0x00, 0x00, 0x00, 0x00, 0x00, 0x00, 0x00, 0x00, 0x00, 0x00, 0x00, 0x00, 0x00, 0x00,
  0x00, 0x00, 0x00, 0x00, 0x00, 0x00, 0x00, 0x00, 0x00, 0x00, 0x00, 0x00, 0x00, 0x00, 0x00, 0x00,
  0x00, 0x00, 0x00, 0x00, 0x00, 0x00, 0x00, 0x00, 0x00, 0x00, 0x00, 0x00, 0x00, 0x00, 0x00, 0x00,
  0x00, 0x00, 0x00, 0x00, 0x00, 0x00, 0x00, 0x00, 0x00, 0x00, 0x00, 0x00, 0x00, 0x00, 0x00, 0x00,
  0x00, 0x00, 0x00, 0x00, 0x00, 0x00, 0x00, 0x00, 0x00, 0x00, 0x00, 0x00, 0x00, 0x00, 0x00, 0x00,
  0x00, 0x00, 0x00, 0x00, 0x00, 0x00, 0x00, 0x00, 0x00, 0x00, 0x00, 0x00, 0x00, 0x00, 0x00, 0x00,
  0x00, 0x00, 0x00, 0x00, 0x00, 0x00, 0x00, 0x00, 0x00, 0x00, 0x00, 0x00, 0x00, 0x00, 0x00, 0x00,
  0x00, 0x00, 0x00, 0x00, 0x00, 0x00, 0x00, 0x00, 0x00, 0x00, 0x00, 0x00, 0x00, 0x00, 0x00, 0x00,
  0x00, 0x00, 0x00, 0x00, 0x00, 0x00, 0x00, 0x00, 0x00, 0x00, 0x00, 0x00, 0x00, 0x00, 0x00, 0x00,
  0x00, 0x00, 0x00, 0x00, 0x00, 0x00, 0x00, 0x00, 0x00, 0x00, 0x00, 0x00, 0x00, 0x00, 0x00, 0x00,
  0x00, 0x00, 0x00, 0x00, 0x00, 0x00, 0x00, 0x00, 0x00, 0x00, 0x00, 0x00, 0x00, 0x00, 0x00, 0x00,
  0x00, 0x00, 0x00, 0x00, 0x00, 0x00, 0x00, 0x00, 0x00, 0x00, 0x00, 0x00, 0x00, 0x00, 0x00, 0x00,
  0x00, 0x00, 0x00, 0x00, 0x00, 0x00, 0x00, 0x00, 0x00, 0x00, 0x00, 0x00, 0x00, 0x00, 0x00, 0x00,
  0x00, 0x00, 0x00, 0x00, 0x00, 0x00, 0x00, 0x00, 0x00, 0x00, 0x74, 0x5a, 0x74, 0x5a, 0x74, 0x5a,
  0x74, 0x5a, 0xb7, 0x9b, 0xb7, 0x9b, 0xb7, 0x9b, 0xb7, 0x9b, 0xb7, 0x9b, 0xb7, 0x9b, 0xb7, 0x9b,
  0xb7, 0x9b, 0xb7, 0x9b, 0x49, 0x49, 0x49, 0x49, 0x00, 0x00, 0x00, 0x00, 0x00, 0x00, 0x00, 0x00,
  0x74, 0x5a, 0x74, 0x5a, 0x74, 0x5a, 0xb7, 0x9b, 0xb7, 0x9b, 0xb7, 0x9b, 0x49, 0x49, 0x49, 0x49,
  0x00, 0x00, 0x00, 0x00, 0x00, 0x00, 0x74, 0x5a, 0x74, 0x5a, 0x74, 0x5a, 0x78, 0xbc, 0x78, 0xbc,
  0x78, 0xbc, 0x78, 0xbc, 0x78, 0xbc, 0x78, 0xbc, 0x78, 0xbc, 0x78, 0xbc, 0x78, 0xbc, 0x78, 0xbc,
  0x78, 0xbc, 0x78, 0xbc, 0x78, 0xbc, 0x78, 0xbc, 0x78, 0xbc, 0xb7, 0x9b, 0xb7, 0x9b, 0xb7, 0x9b,
  0xb7, 0x9b, 0xb7, 0x9b, 0xb7, 0x9b, 0x35, 0x7b, 0x35, 0x7b, 0x35, 0x7b, 0x74, 0x5a, 0x74, 0x5a,
  0x74, 0x5a, 0x82, 0x10, 0x82, 0x10, 0x82, 0x10, 0x00, 0x00, 0x00, 0x00, 0x00, 0x00, 0x00, 0x00,
  0x00, 0x00, 0x00, 0x00, 0x00, 0x00, 0x00, 0x00, 0x00, 0x00, 0x00, 0x00, 0x00, 0x00, 0x00, 0x00,
  0x00, 0x00, 0x00, 0x00, 0x00, 0x00, 0x00, 0x00, 0x00, 0x00, 0x00, 0x00, 0x00, 0x00, 0x00, 0x00,
  0x00, 0x00, 0x00, 0x00, 0x00, 0x00, 0x00, 0x00, 0x00, 0x00, 0x00, 0x00, 0x00, 0x00, 0x00, 0x00,
  0x00, 0x00, 0x00, 0x00, 0x00, 0x00, 0x00, 0x00, 0x00, 0x00, 0x00, 0x00, 0x00, 0x00, 0x00, 0x00,
  0x00, 0x00, 0x00, 0x00, 0x00, 0x00, 0x00, 0x00, 0x00, 0x00, 0x00, 0x00, 0x00, 0x00, 0x00, 0x00,
  0x00, 0x00, 0x00, 0x00, 0x00, 0x00, 0x00, 0x00, 0x00, 0x00, 0x00, 0x00, 0x00, 0x00, 0x00, 0x00,
  0x00, 0x00, 0x00, 0x00, 0x00, 0x00, 0x00, 0x00, 0x00, 0x00, 0x00, 0x00, 0x00, 0x00, 0x00, 0x00,
  0x00, 0x00, 0x00, 0x00, 0x00, 0x00, 0x00, 0x00, 0x00, 0x00, 0x00, 0x00, 0x00, 0x00, 0x00, 0x00,
  0x00, 0x00, 0x00, 0x00, 0x00, 0x00, 0x00, 0x00, 0x00, 0x00, 0x00, 0x00, 0x00, 0x00, 0x00, 0x00,
  0x00, 0x00, 0x00, 0x00, 0x00, 0x00, 0x00, 0x00, 0x00, 0x00, 0x00, 0x00, 0x00, 0x00, 0x00, 0x00,
  0x00, 0x00, 0x00, 0x00, 0x00, 0x00, 0x00, 0x00, 0x00, 0x00, 0x00, 0x00, 0x00, 0x00, 0x00, 0x00,
  0x00, 0x00, 0x00, 0x00, 0x00, 0x00, 0x00, 0x00, 0x00, 0x00, 0x00, 0x00, 0x00, 0x00, 0x00, 0x00,
  0x00, 0x00, 0x00, 0x00, 0x00, 0x00, 0x00, 0x00, 0x00, 0x00, 0x00, 0x00, 0x00, 0x00, 0x00, 0x00,
  0x00, 0x00, 0x00, 0x00, 0x00, 0x00, 0x00, 0x00, 0x00, 0x00, 0x00, 0x00, 0x00, 0x00, 0x00, 0x00,
  0x00, 0x00, 0x00, 0x00, 0x00, 0x00, 0x00, 0x00, 0x00, 0x00, 0x00, 0x00, 0x00, 0x00, 0x00, 0x00,
  0x00, 0x00, 0x00, 0x00, 0x00, 0x00, 0x00, 0x00, 0x00, 0x00, 0x00, 0x00, 0x00, 0x00, 0x74, 0x5a,
  0x74, 0x5a, 0x74, 0x5a, 0x49, 0x49, 0x49, 0x49, 0x49, 0x49, 0x00, 0x00, 0x00, 0x00, 0x00, 0x00,
  0x00, 0x00, 0x00, 0x00, 0x00, 0x00, 0x74, 0x5a, 0x74, 0x5a, 0x74, 0x5a, 0x78, 0xbc, 0x78, 0xbc,
  0x78, 0xbc, 0x49, 0x49, 0x49, 0x49, 0x49, 0x49, 0x00, 0x00, 0x00, 0x00, 0x00, 0x00, 0x00, 0x00,
  0x00, 0x00, 0x74, 0x5a, 0x74, 0x5a, 0x74, 0x5a, 0x74, 0x5a, 0xb7, 0x9b, 0xb7, 0x9b, 0xb7, 0x9b,
  0xb7, 0x9b, 0xb7, 0x9b, 0xb7, 0x9b, 0xb7, 0x9b, 0xb7, 0x9b, 0xb7, 0x9b, 0xb7, 0x9b, 0xb7, 0x9b,
  0x49, 0x49, 0x49, 0x49, 0x49, 0x49, 0x49, 0x49, 0x74, 0x5a, 0x74, 0x5a, 0x74, 0x5a, 0xb7, 0x9b,
  0xb7, 0x9b, 0xb7, 0x9b, 0xb7, 0x9b, 0xb7, 0x9b, 0x49, 0x49, 0x49, 0x49, 0x49, 0x49, 0x78, 0xbc,
  0x78, 0xbc, 0x78, 0xbc, 0x78, 0xbc, 0x78, 0xbc, 0x78, 0xbc, 0x78, 0xbc, 0x78, 0xbc, 0x78, 0xbc,
  0x78, 0xbc, 0x78, 0xbc, 0x78, 0xbc, 0x78, 0xbc, 0x78, 0xbc, 0x78, 0xbc, 0x78, 0xbc, 0x78, 0xbc,
  0x78, 0xbc, 0xb7, 0x9b, 0xb7, 0x9b, 0xb7, 0x9b, 0xb7, 0x9b, 0xb7, 0x9b, 0xb7, 0x9b, 0x74, 0x5a,
  0x74, 0x5a, 0x74, 0x5a, 0x74, 0x5a, 0x74, 0x5a, 0x74, 0x5a, 0x82, 0x10, 0x82, 0x10, 0x82, 0x10,
  0x00, 0x00, 0x00, 0x00, 0x00, 0x00, 0x00, 0x00, 0x00, 0x00, 0x00, 0x00, 0x00, 0x00, 0x00, 0x00,
  0x00, 0x00, 0x00, 0x00, 0x00, 0x00, 0x00, 0x00, 0x00, 0x00, 0x00, 0x00, 0x00, 0x00, 0x00, 0x00,
  0x00, 0x00, 0x00, 0x00, 0x00, 0x00, 0x00, 0x00, 0x00, 0x00, 0x00, 0x00, 0x00, 0x00, 0x00, 0x00,
  0x00, 0x00, 0x00, 0x00, 0x00, 0x00, 0x00, 0x00, 0x00, 0x00, 0x00, 0x00, 0x00, 0x00, 0x00, 0x00,
  0x00, 0x00, 0x00, 0x00, 0x00, 0x00, 0x00, 0x00, 0x00, 0x00, 0x00, 0x00, 0x00, 0x00, 0x00, 0x00,
  0x00, 0x00, 0x00, 0x00, 0x00, 0x00, 0x00, 0x00, 0x00, 0x00, 0x00, 0x00, 0x00, 0x00, 0x00, 0x00,
  0x00, 0x00, 0x00, 0x00, 0x00, 0x00, 0x00, 0x00, 0x00, 0x00, 0x00, 0x00, 0x00, 0x00, 0x00, 0x00,
  0x00, 0x00, 0x00, 0x00, 0x00, 0x00, 0x00, 0x00, 0x00, 0x00, 0x00, 0x00, 0x00, 0x00, 0x00, 0x00,
  0x00, 0x00, 0x00, 0x00, 0x00, 0x00, 0x00, 0x00, 0x00, 0x00, 0x00, 0x00, 0x00, 0x00, 0x00, 0x00,
  0x00, 0x00, 0x00, 0x00, 0x00, 0x00, 0x00, 0x00, 0x00, 0x00, 0x00, 0x00, 0x00, 0x00, 0x00, 0x00,
  0x00, 0x00, 0x00, 0x00, 0x00, 0x00, 0x00, 0x00, 0x00, 0x00, 0x00, 0x00, 0x00, 0x00, 0x00, 0x00,
  0x00, 0x00, 0x00, 0x00, 0x00, 0x00, 0x00, 0x00, 0x00, 0x00, 0x00, 0x00, 0x00, 0x00, 0x00, 0x00,
  0x00, 0x00, 0x00, 0x00, 0x00, 0x00, 0x00, 0x00, 0x00, 0x00, 0x00, 0x00, 0x00, 0x00, 0x00, 0x00,
  0x00, 0x00, 0x00, 0x00, 0x00, 0x00, 0x00, 0x00, 0x00, 0x00, 0x00, 0x00, 0x00, 0x00, 0x00, 0x00,
  0x00, 0x00, 0x00, 0x00, 0x00, 0x00, 0x00, 0x00, 0x00, 0x00, 0x00, 0x00, 0x00, 0x00, 0x00, 0x00,
  0x00, 0x00, 0x00, 0x00, 0x00, 0x00, 0x00, 0x00, 0x00, 0x00, 0x00, 0x00, 0x00, 0x00, 0x00, 0x00,
  0x00, 0x00, 0x00, 0x00, 0x00, 0x00, 0x74, 0x5a, 0x74, 0x5a, 0x74, 0x5a, 0x49, 0x49, 0x49, 0x49,
  0x49, 0x49, 0x00, 0x00, 0x00, 0x00, 0x00, 0x00, 0x00, 0x00, 0x00, 0x00, 0x00, 0x00, 0x74, 0x5a,
  0x74, 0x5a, 0x74, 0x5a, 0x78, 0xbc, 0x78, 0xbc, 0x78, 0xbc, 0x49, 0x49, 0x49, 0x49, 0x49, 0x49,
  0x00, 0x00, 0x00, 0x00, 0x00, 0x00, 0x00, 0x00, 0x00, 0x00, 0x74, 0x5a, 0x74, 0x5a, 0x74, 0x5a,
  0x74, 0x5a, 0xb7, 0x9b, 0xb7, 0x9b, 0xb7, 0x9b, 0xb7, 0x9b, 0xb7, 0x9b, 0xb7, 0x9b, 0xb7, 0x9b,
  0xb7, 0x9b, 0xb7, 0x9b, 0xb7, 0x9b, 0xb7, 0x9b, 0x49, 0x49, 0x49, 0x49, 0x49, 0x49, 0x49, 0x49,
  0x74, 0x5a, 0x74, 0x5a, 0x74, 0x5a, 0xb7, 0x9b, 0xb7, 0x9b, 0xb7, 0x9b, 0xb7, 0x9b, 0xb7, 0x9b,
  0x49, 0x49, 0x49, 0x49, 0x49, 0x49, 0x78, 0xbc, 0x78, 0xbc, 0x78, 0xbc, 0x78, 0xbc, 0x78, 0xbc,
  0x78, 0xbc, 0x78, 0xbc, 0x78, 0xbc, 0x78, 0xbc, 0x78, 0xbc, 0x78, 0xbc, 0x78, 0xbc, 0x78, 0xbc,
  0x78, 0xbc, 0x78, 0xbc, 0x78, 0xbc, 0x78, 0xbc, 0x78, 0xbc, 0xb7, 0x9b, 0xb7, 0x9b, 0xb7, 0x9b,
  0xb7, 0x9b, 0xb7, 0x9b, 0xb7, 0x9b, 0x74, 0x5a, 0x74, 0x5a, 0x74, 0x5a, 0x74, 0x5a, 0x74, 0x5a,
  0x74, 0x5a, 0x82, 0x10, 0x82, 0x10, 0x82, 0x10, 0x00, 0x00, 0x00, 0x00, 0x00, 0x00, 0x00, 0x00,
  0x00, 0x00, 0x00, 0x00, 0x00, 0x00, 0x00, 0x00, 0x00, 0x00, 0x00, 0x00, 0x00, 0x00, 0x00, 0x00,
  0x00, 0x00, 0x00, 0x00, 0x00, 0x00, 0x00, 0x00, 0x00, 0x00, 0x00, 0x00, 0x00, 0x00, 0x00, 0x00,
  0x00, 0x00, 0x00, 0x00, 0x00, 0x00, 0x00, 0x00, 0x00, 0x00, 0x00, 0x00, 0x00, 0x00, 0x00, 0x00,
  0x00, 0x00, 0x00, 0x00, 0x00, 0x00, 0x00, 0x00, 0x00, 0x00, 0x00, 0x00, 0x00, 0x00, 0x00, 0x00,
  0x00, 0x00, 0x00, 0x00, 0x00, 0x00, 0x00, 0x00, 0x00, 0x00, 0x00, 0x00, 0x00, 0x00, 0x00, 0x00,
  0x00, 0x00, 0x00, 0x00, 0x00, 0x00, 0x00, 0x00, 0x00, 0x00, 0x00, 0x00, 0x00, 0x00, 0x00, 0x00,
  0x00, 0x00, 0x00, 0x00, 0x00, 0x00, 0x00, 0x00, 0x00, 0x00, 0x00, 0x00, 0x00, 0x00, 0x00, 0x00,
  0x00, 0x00, 0x00, 0x00, 0x00, 0x00, 0x00, 0x00, 0x00, 0x00, 0x00, 0x00, 0x00, 0x00, 0x00, 0x00,
  0x00, 0x00, 0x00, 0x00, 0x00, 0x00, 0x00, 0x00, 0x00, 0x00, 0x00, 0x00, 0x00, 0x00, 0x00, 0x00,
  0x00, 0x00, 0x00, 0x00, 0x00, 0x00, 0x00, 0x00, 0x00, 0x00, 0x00, 0x00, 0x00, 0x00, 0x00, 0x00,
  0x00, 0x00, 0x00, 0x00, 0x00, 0x00, 0x00, 0x00, 0x00, 0x00, 0x00, 0x00, 0x00, 0x00, 0x00, 0x00,
  0x00, 0x00, 0x00, 0x00, 0x00, 0x00, 0x00, 0x00, 0x00, 0x00, 0x00, 0x00, 0x00, 0x00, 0x00, 0x00,
  0x00, 0x00, 0x00, 0x00, 0x00, 0x00, 0x00, 0x00, 0x00, 0x00, 0x00, 0x00, 0x00, 0x00, 0x00, 0x00,
  0x00, 0x00, 0x00, 0x00, 0x00, 0x00, 0x00, 0x00, 0x00, 0x00, 0x00, 0x00, 0x00, 0x00, 0x00, 0x00,
  0x00, 0x00, 0x00, 0x00, 0x00, 0x00, 0x00, 0x00, 0x00, 0x00, 0x00, 0x00, 0x00, 0x00, 0x00, 0x00,
  0x00, 0x00, 0x00, 0x00, 0x00, 0x00, 0x00, 0x00, 0x00, 0x00, 0x00, 0x00, 0x00, 0x00, 0x74, 0x5a,
  0x74, 0x5a, 0x74, 0x5a, 0x49, 0x49, 0x49, 0x49, 0x49, 0x49, 0x00, 0x00, 0x00, 0x00, 0x00, 0x00,
  0x00, 0x00, 0x00, 0x00, 0x00, 0x00, 0x74, 0x5a, 0x74, 0x5a, 0x74, 0x5a, 0x78, 0xbc, 0x78, 0xbc,
  0x78, 0xbc, 0x49, 0x49, 0x49, 0x49, 0x49, 0x49, 0x00, 0x00, 0x00, 0x00, 0x00, 0x00, 0x00, 0x00,
  0x00, 0x00, 0x74, 0x5a, 0x74, 0x5a, 0x74, 0x5a, 0x74, 0x5a, 0xb7, 0x9b, 0xb7, 0x9b, 0xb7, 0x9b,
  0xb7, 0x9b, 0xb7, 0x9b, 0xb7, 0x9b, 0xb7, 0x9b, 0xb7, 0x9b, 0xb7, 0x9b, 0xb7, 0x9b, 0xb7, 0x9b,
  0x49, 0x49, 0x49, 0x49, 0x49, 0x49, 0x49, 0x49, 0x74, 0x5a, 0x74, 0x5a, 0x74, 0x5a, 0xb7, 0x9b,
  0xb7, 0x9b, 0xb7, 0x9b, 0xb7, 0x9b, 0xb7, 0x9b, 0x49, 0x49, 0x49, 0x49, 0x49, 0x49, 0x78, 0xbc,
  0x78, 0xbc, 0x78, 0xbc, 0x78, 0xbc, 0x78, 0xbc, 0x78, 0xbc, 0x78, 0xbc, 0x78, 0xbc, 0x78, 0xbc,
  0x78, 0xbc, 0x78, 0xbc, 0x78, 0xbc, 0x78, 0xbc, 0x78, 0xbc, 0x78, 0xbc, 0x78, 0xbc, 0x78, 0xbc,
  0x78, 0xbc, 0xb7, 0x9b, 0xb7, 0x9b, 0xb7, 0x9b, 0xb7, 0x9b, 0xb7, 0x9b, 0xb7, 0x9b, 0x74, 0x5a,
  0x74, 0x5a, 0x74, 0x5a, 0x74, 0x5a, 0x74, 0x5a, 0x74, 0x5a, 0x82, 0x10, 0x82, 0x10, 0x82, 0x10,
  0x00, 0x00, 0x00, 0x00, 0x00, 0x00, 0x00, 0x00, 0x00, 0x00, 0x00, 0x00, 0x00, 0x00, 0x00, 0x00,
  0x00, 0x00, 0x00, 0x00, 0x00, 0x00, 0x00, 0x00, 0x00, 0x00, 0x00, 0x00, 0x00, 0x00, 0x00, 0x00,
  0x00, 0x00, 0x00, 0x00, 0x00, 0x00, 0x00, 0x00, 0x00, 0x00, 0x00, 0x00, 0x00, 0x00, 0x00, 0x00,
  0x00, 0x00, 0x00, 0x00, 0x00, 0x00, 0x00, 0x00, 0x00, 0x00, 0x00, 0x00, 0x00, 0x00, 0x00, 0x00,
  0x00, 0x00, 0x00, 0x00, 0x00, 0x00, 0x00, 0x00, 0x00, 0x00, 0x00, 0x00, 0x00, 0x00, 0x00, 0x00,
  0x00, 0x00, 0x00, 0x00, 0x00, 0x00, 0x00, 0x00, 0x00, 0x00, 0x00, 0x00, 0x00, 0x00, 0x00, 0x00,
  0x00, 0x00, 0x00, 0x00, 0x00, 0x00, 0x00, 0x00, 0x00, 0x00, 0x00, 0x00, 0x00, 0x00, 0x00, 0x00,
  0x00, 0x00, 0x00, 0x00, 0x00, 0x00, 0x00, 0x00, 0x00, 0x00, 0x00, 0x00, 0x00, 0x00, 0x00, 0x00,
  0x00, 0x00, 0x00, 0x00, 0x00, 0x00, 0x00, 0x00, 0x00, 0x00, 0x00, 0x00, 0x00, 0x00, 0x00, 0x00,
  0x00, 0x00, 0x00, 0x00, 0x00, 0x00, 0x00, 0x00, 0x00, 0x00, 0x00, 0x00, 0x00, 0x00, 0x00, 0x00,
  0x00, 0x00, 0x00, 0x00, 0x00, 0x00, 0x00, 0x00, 0x00, 0x00, 0x00, 0x00, 0x00, 0x00, 0x00, 0x00,
  0x00, 0x00, 0x00, 0x00, 0x00, 0x00, 0x00, 0x00, 0x00, 0x00, 0x00, 0x00, 0x00, 0x00, 0x00, 0x00,
  0x00, 0x00, 0x00, 0x00, 0x74, 0x5a, 0x74, 0x5a, 0x74, 0x5a, 0x74, 0x5a, 0x74, 0x5a, 0x74, 0x5a,
  0x00, 0x00, 0x00, 0x00, 0x00, 0x00, 0x00, 0x00, 0x00, 0x00, 0x00, 0x00, 0x74, 0x5a, 0x74, 0x5a,
  0x74, 0x5a, 0x00, 0x00, 0x00, 0x00, 0x00, 0x00, 0x00, 0x00, 0x00, 0x00, 0x00, 0x00, 0x00, 0x00,
  0x00, 0x00, 0x00, 0x00, 0x00, 0x00, 0x00, 0x00, 0x00, 0x00, 0x00, 0x00, 0x00, 0x00, 0x00, 0x00,
  0x00, 0x00, 0x00, 0x00, 0x00, 0x00, 0x74, 0x5a, 0x74, 0x5a, 0x74, 0x5a, 0x78, 0xbc, 0x78, 0xbc,
  0x78, 0xbc, 0x49, 0x49, 0x49, 0x49, 0x49, 0x49, 0x00, 0x00, 0x00, 0x00, 0x00, 0x00, 0x74, 0x5a,
  0x74, 0x5a, 0x74, 0x5a, 0x78, 0xbc, 0x78, 0xbc, 0x78, 0xbc, 0xb7, 0x9b, 0xb7, 0x9b, 0xb7, 0x9b,
  0x49, 0x49, 0x49, 0x49, 0x49, 0x49, 0x74, 0x5a, 0x74, 0x5a, 0xb7, 0x9b, 0xb7, 0x9b, 0xb7, 0x9b,
  0xb7, 0x9b, 0xb7, 0x9b, 0xb7, 0x9b, 0xb7, 0x9b, 0xb7, 0x9b, 0xb7, 0x9b, 0xb7, 0x9b, 0xb7, 0x9b,
  0xb7, 0x9b, 0xb7, 0x9b, 0xb7, 0x9b, 0xb7, 0x9b, 0x49, 0x49, 0x49, 0x49, 0x49, 0x49, 0x49, 0x49,
  0xb7, 0x9b, 0xb7, 0x9b, 0xb7, 0x9b, 0xb7, 0x9b, 0xb7, 0x9b, 0xb7, 0x9b, 0xb7, 0x9b, 0xb7, 0x9b,
  0x74, 0x5a, 0x74, 0x5a, 0x74, 0x5a, 0x78, 0xbc, 0x78, 0xbc, 0x78, 0xbc, 0x78, 0xbc, 0x78, 0xbc,
  0x78, 0xbc, 0x78, 0xbc, 0x78, 0xbc, 0x78, 0xbc, 0xb7, 0x9b, 0xb7, 0x9b, 0xb7, 0x9b, 0x78, 0xbc,
  0x78, 0xbc, 0x78, 0xbc, 0xb7, 0x9b, 0xb7, 0x9b, 0xb7, 0x9b, 0xb7, 0x9b, 0xb7, 0x9b, 0xb7, 0x9b,
  0x35, 0x7b, 0x35, 0x7b, 0x35, 0x7b, 0x74, 0x5a, 0x74, 0x5a, 0x74, 0x5a, 0x74, 0x5a, 0x74, 0x5a,
  0x74, 0x5a, 0x82, 0x10, 0x82, 0x10, 0x82, 0x10, 0x00, 0x00, 0x00, 0x00, 0x00, 0x00, 0x00, 0x00,
  0x00, 0x00, 0x00, 0x00, 0x00, 0x00, 0x00, 0x00, 0x00, 0x00, 0x00, 0x00, 0x00, 0x00, 0x00, 0x00,
  0x00, 0x00, 0x00, 0x00, 0x00, 0x00, 0x00, 0x00, 0x00, 0x00, 0x00, 0x00, 0x00, 0x00, 0x00, 0x00,
  0x00, 0x00, 0x00, 0x00, 0x00, 0x00, 0x00, 0x00, 0x00, 0x00, 0x00, 0x00, 0x00, 0x00, 0x00, 0x00,
  0x00, 0x00, 0x00, 0x00, 0x00, 0x00, 0x00, 0x00, 0x00, 0x00, 0x00, 0x00, 0x00, 0x00, 0x00, 0x00,
  0x00, 0x00, 0x00, 0x00, 0x00, 0x00, 0x00, 0x00, 0x00, 0x00, 0x00, 0x00, 0x00, 0x00, 0x00, 0x00,
  0x00, 0x00, 0x00, 0x00, 0x00, 0x00, 0x00, 0x00, 0x00, 0x00, 0x00, 0x00, 0x00, 0x00, 0x00, 0x00,
  0x00, 0x00, 0x00, 0x00, 0x00, 0x00, 0x00, 0x00, 0x00, 0x00, 0x00, 0x00, 0x00, 0x00, 0x00, 0x00,
  0x00, 0x00, 0x00, 0x00, 0x00, 0x00, 0x00, 0x00, 0x00, 0x00, 0x00, 0x00, 0x00, 0x00, 0x00, 0x00,
  0x00, 0x00, 0x00, 0x00, 0x00, 0x00, 0x00, 0x00, 0x00, 0x00, 0x00, 0x00, 0x00, 0x00, 0x00, 0x00,
  0x00, 0x00, 0x00, 0x00, 0x00, 0x00, 0x00, 0x00, 0x00, 0x00, 0x00, 0x00, 0x00, 0x00, 0x00, 0x00,
  0x00, 0x00, 0x00, 0x00, 0x00, 0x00, 0x00, 0x00, 0x00, 0x00, 0x00, 0x00, 0x00, 0x00, 0x00, 0x00,
  0x00, 0x00, 0x00, 0x00, 0x00, 0x00, 0x00, 0x00, 0x00, 0x00, 0x00, 0x00, 0x74, 0x5a, 0x74, 0x5a,
  0x74, 0x5a, 0x74, 0x5a, 0x74, 0x5a, 0x74, 0x5a, 0x00, 0x00, 0x00, 0x00, 0x00, 0x00, 0x00, 0x00,
  0x00, 0x00, 0x00, 0x00, 0x74, 0x5a, 0x74, 0x5a, 0x74, 0x5a, 0x00, 0x00, 0x00, 0x00, 0x00, 0x00,
  0x00, 0x00, 0x00, 0x00, 0x00, 0x00, 0x00, 0x00, 0x00, 0x00, 0x00, 0x00, 0x00, 0x00, 0x00, 0x00,
  0x00, 0x00, 0x00, 0x00, 0x00, 0x00, 0x00, 0x00, 0x00, 0x00, 0x00, 0x00, 0x00, 0x00, 0x74, 0x5a,
  0x74, 0x5a, 0x74, 0x5a, 0x78, 0xbc, 0x78, 0xbc, 0x78, 0xbc, 0x49, 0x49, 0x49, 0x49, 0x49, 0x49,
  0x00, 0x00, 0x00, 0x00, 0x00, 0x00, 0x74, 0x5a, 0x74, 0x5a, 0x74, 0x5a, 0x78, 0xbc, 0x78, 0xbc,
  0x78, 0xbc, 0xb7, 0x9b, 0xb7, 0x9b, 0xb7, 0x9b, 0x49, 0x49, 0x49, 0x49, 0x49, 0x49, 0x74, 0x5a,
  0x74, 0x5a, 0xb7, 0x9b, 0xb7, 0x9b, 0xb7, 0x9b, 0xb7, 0x9b, 0xb7, 0x9b, 0xb7, 0x9b, 0xb7, 0x9b,
  0xb7, 0x9b, 0xb7, 0x9b, 0xb7, 0x9b, 0xb7, 0x9b, 0xb7, 0x9b, 0xb7, 0x9b, 0xb7, 0x9b, 0xb7, 0x9b,
  0x49, 0x49, 0x49, 0x49, 0x49, 0x49, 0x49, 0x49, 0xb7, 0x9b, 0xb7, 0x9b, 0xb7, 0x9b, 0xb7, 0x9b,
  0xb7, 0x9b, 0xb7, 0x9b, 0xb7, 0x9b, 0xb7, 0x9b, 0x74, 0x5a, 0x74, 0x5a, 0x74, 0x5a, 0x78, 0xbc,
  0x78, 0xbc, 0x78, 0xbc, 0x78, 0xbc, 0x78, 0xbc, 0x78, 0xbc, 0x78, 0xbc, 0x78, 0xbc, 0x78, 0xbc,
  0xb7, 0x9b, 0xb7, 0x9b, 0xb7, 0x9b, 0x78, 0xbc, 0x78, 0xbc, 0x78, 0xbc, 0xb7, 0x9b, 0xb7, 0x9b,
  0xb7, 0x9b, 0xb7, 0x9b, 0xb7, 0x9b, 0xb7, 0x9b, 0x35, 0x7b, 0x35, 0x7b, 0x35, 0x7b, 0x74, 0x5a,
  0x74, 0x5a, 0x74, 0x5a, 0x74, 0x5a, 0x74, 0x5a, 0x74, 0x5a, 0x82, 0x10, 0x82, 0x10, 0x82, 0x10,
  0x00, 0x00, 0x00, 0x00, 0x00, 0x00, 0x00, 0x00, 0x00, 0x00, 0x00, 0x00, 0x00, 0x00, 0x00, 0x00,
  0x00, 0x00, 0x00, 0x00, 0x00, 0x00, 0x00, 0x00, 0x00, 0x00, 0x00, 0x00, 0x00, 0x00, 0x00, 0x00,
  0x00, 0x00, 0x00, 0x00, 0x00, 0x00, 0x00, 0x00, 0x00, 0x00, 0x00, 0x00, 0x00, 0x00, 0x00, 0x00,
  0x00, 0x00, 0x00, 0x00, 0x00, 0x00, 0x00, 0x00, 0x00, 0x00, 0x00, 0x00, 0x00, 0x00, 0x00, 0x00,
  0x00, 0x00, 0x00, 0x00, 0x00, 0x00, 0x00, 0x00, 0x00, 0x00, 0x00, 0x00, 0x00, 0x00, 0x00, 0x00,
  0x00, 0x00, 0x00, 0x00, 0x00, 0x00, 0x00, 0x00, 0x00, 0x00, 0x00, 0x00, 0x00, 0x00, 0x00, 0x00,
  0x00, 0x00, 0x00, 0x00, 0x00, 0x00, 0x00, 0x00, 0x00, 0x00, 0x00, 0x00, 0x00, 0x00, 0x00, 0x00,
  0x00, 0x00, 0x00, 0x00, 0x00, 0x00, 0x00, 0x00, 0x00, 0x00, 0x00, 0x00, 0x00, 0x00, 0x00, 0x00,
  0x00, 0x00, 0x00, 0x00, 0x00, 0x00, 0x00, 0x00, 0x00, 0x00, 0x00, 0x00, 0x00, 0x00, 0x00, 0x00,
  0x00, 0x00, 0x00, 0x00, 0x00, 0x00, 0x00, 0x00, 0x00, 0x00, 0x00, 0x00, 0x00, 0x00, 0x00, 0x00,
  0x00, 0x00, 0x00, 0x00, 0x00, 0x00, 0x00, 0x00, 0x00, 0x00, 0x00, 0x00, 0x00, 0x00, 0x00, 0x00,
  0x00, 0x00, 0x00, 0x00, 0x00, 0x00, 0x00, 0x00, 0x00, 0x00, 0x00, 0x00, 0x00, 0x00, 0x00, 0x00,
  0x00, 0x00, 0x00, 0x00, 0x74, 0x5a, 0x74, 0x5a, 0x74, 0x5a, 0x74, 0x5a, 0x74, 0x5a, 0x74, 0x5a,
  0x00, 0x00, 0x00, 0x00, 0x00, 0x00, 0x00, 0x00, 0x00, 0x00, 0x00, 0x00, 0x74, 0x5a, 0x74, 0x5a,
  0x74, 0x5a, 0x00, 0x00, 0x00, 0x00, 0x00, 0x00, 0x00, 0x00, 0x00, 0x00, 0x00, 0x00, 0x00, 0x00,
  0x00, 0x00, 0x00, 0x00, 0x00, 0x00, 0x00, 0x00, 0x00, 0x00, 0x00, 0x00, 0x00, 0x00, 0x00, 0x00,
  0x00, 0x00, 0x00, 0x00, 0x00, 0x00, 0x74, 0x5a, 0x74, 0x5a, 0x74, 0x5a, 0x78, 0xbc, 0x78, 0xbc,
  0x78, 0xbc, 0x49, 0x49, 0x49, 0x49, 0x49, 0x49, 0x00, 0x00, 0x00, 0x00, 0x00, 0x00, 0x74, 0x5a,
  0x74, 0x5a, 0x74, 0x5a, 0x78, 0xbc, 0x78, 0xbc, 0x78, 0xbc, 0xb7, 0x9b, 0xb7, 0x9b, 0xb7, 0x9b,
  0x49, 0x49, 0x49, 0x49, 0x49, 0x49, 0x74, 0x5a, 0x74, 0x5a, 0xb7, 0x9b, 0xb7, 0x9b, 0xb7, 0x9b,
  0xb7, 0x9b, 0xb7, 0x9b, 0xb7, 0x9b, 0xb7, 0x9b, 0xb7, 0x9b, 0xb7, 0x9b, 0xb7, 0x9b, 0xb7, 0x9b,
  0xb7, 0x9b, 0xb7, 0x9b, 0xb7, 0x9b, 0xb7, 0x9b, 0x49, 0x49, 0x49, 0x49, 0x49, 0x49, 0x49, 0x49,
  0xb7, 0x9b, 0xb7, 0x9b, 0xb7, 0x9b, 0xb7, 0x9b, 0xb7, 0x9b, 0xb7, 0x9b, 0xb7, 0x9b, 0xb7, 0x9b,
  0x74, 0x5a, 0x74, 0x5a, 0x74, 0x5a, 0x78, 0xbc, 0x78, 0xbc, 0x78, 0xbc, 0x78, 0xbc, 0x78, 0xbc,
  0x78, 0xbc, 0x78, 0xbc, 0x78, 0xbc, 0x78, 0xbc, 0xb7, 0x9b, 0xb7, 0x9b, 0xb7, 0x9b, 0x78, 0xbc,
  0x78, 0xbc, 0x78, 0xbc, 0xb7, 0x9b, 0xb7, 0x9b, 0xb7, 0x9b, 0xb7, 0x9b, 0xb7, 0x9b, 0xb7, 0x9b,
  0x35, 0x7b, 0x35, 0x7b, 0x35, 0x7b, 0x74, 0x5a, 0x74, 0x5a, 0x74, 0x5a, 0x74, 0x5a, 0x74, 0x5a,
  0x74, 0x5a, 0x82, 0x10, 0x82, 0x10, 0x82, 0x10, 0x00, 0x00, 0x00, 0x00, 0x00, 0x00, 0x00, 0x00,
  0x00, 0x00, 0x00, 0x00, 0x00, 0x00, 0x00, 0x00, 0x00, 0x00, 0x00, 0x00, 0x00, 0x00, 0x00, 0x00,
  0x00, 0x00, 0x00, 0x00, 0x00, 0x00, 0x00, 0x00, 0x00, 0x00, 0x00, 0x00, 0x00, 0x00, 0x00, 0x00,
  0x00, 0x00, 0x00, 0x00, 0x00, 0x00, 0x00, 0x00, 0x00, 0x00, 0x00, 0x00, 0x00, 0x00, 0x00, 0x00,
  0x00, 0x00, 0x00, 0x00, 0x00, 0x00, 0x00, 0x00, 0x00, 0x00, 0x00, 0x00, 0x00, 0x00, 0x00, 0x00,
  0x00, 0x00, 0x00, 0x00, 0x00, 0x00, 0x00, 0x00, 0x00, 0x00, 0x00, 0x00, 0x00, 0x00, 0x00, 0x00,
  0x00, 0x00, 0x00, 0x00, 0x00, 0x00, 0x00, 0x00, 0x00, 0x00, 0x00, 0x00, 0x00, 0x00, 0x00, 0x00,
  0x00, 0x00, 0x00, 0x00, 0x00, 0x00, 0x00, 0x00, 0x00, 0x00, 0x00, 0x00, 0x00, 0x00, 0x00, 0x00,
  0x00, 0x00, 0x00, 0x00, 0x00, 0x00, 0x00, 0x00, 0x00, 0x00, 0x00, 0x00, 0x00, 0x00, 0x00, 0x00,
  0x00, 0x00, 0x00, 0x00, 0x00, 0x00, 0x00, 0x00, 0x00, 0x00, 0x00, 0x00, 0x00, 0x00, 0x00, 0x00,
  0x00, 0x00, 0x00, 0x00, 0x00, 0x00, 0x00, 0x00, 0x00, 0x00, 0x00, 0x00, 0x00, 0x00, 0x00, 0x00,
  0x00, 0x00, 0x00, 0x00, 0x00, 0x00, 0x00, 0x00, 0x00, 0x00, 0x00, 0x00, 0x00, 0x00, 0x00, 0x00,
  0x00, 0x00, 0x00, 0x00, 0x00, 0x00, 0x49, 0x49, 0x49, 0x49, 0x49, 0x49, 0xb7, 0x9b, 0xb7, 0x9b,
  0xb7, 0x9b, 0xb7, 0x9b, 0xb7, 0x9b, 0xb7, 0x9b, 0x74, 0x5a, 0x74, 0x5a, 0x74, 0x5a, 0x74, 0x5a,
  0x74, 0x5a, 0x74, 0x5a, 0x78, 0xbc, 0x78, 0xbc, 0x78, 0xbc, 0x74, 0x5a, 0x74, 0x5a, 0x74, 0x5a,
  0x74, 0x5a, 0x74, 0x5a, 0x74, 0x5a, 0x74, 0x5a, 0x74, 0x5a, 0x74, 0x5a, 0x74, 0x5a, 0x74, 0x5a,
  0x74, 0x5a, 0x00, 0x00, 0x00, 0x00, 0x00, 0x00, 0x74, 0x5a, 0x74, 0x5a, 0x74, 0x5a, 0x49, 0x49,
  0x49, 0x49, 0x49, 0x49, 0x78, 0xbc, 0x78, 0xbc, 0x78, 0xbc, 0x78, 0xbc, 0x78, 0xbc, 0x78, 0xbc,
  0x49, 0x49, 0x49, 0x49, 0x49, 0x49, 0x74, 0x5a, 0x74, 0x5a, 0x74, 0x5a, 0x78, 0xbc, 0x78, 0xbc,
  0x78, 0xbc, 0xb7, 0x9b, 0xb7, 0x9b, 0xb7, 0x9b, 0x74, 0x5a, 0x74, 0x5a, 0x74, 0x5a, 0xb7, 0x9b,
  0xb7, 0x9b, 0xb7, 0x9b, 0xb7, 0x9b, 0xb7, 0x9b, 0xb7, 0x9b, 0xb7, 0x9b, 0xb7, 0x9b, 0xb7, 0x9b,
  0xb7, 0x9b, 0xb7, 0x9b, 0xb7, 0x9b, 0xb7, 0x9b, 0xb7, 0x9b, 0xb7, 0x9b, 0xb7, 0x9b, 0xb7, 0x9b,
  0xb7, 0x9b, 0xb7, 0x9b, 0xb7, 0x9b, 0xb7, 0x9b, 0xb7, 0x9b, 0xb7, 0x9b, 0xb7, 0x9b, 0xb7, 0x9b,
  0xb7, 0x9b, 0xb7, 0x9b, 0xb7, 0x9b, 0xb7, 0x9b, 0xb7, 0x9b, 0xb7, 0x9b, 0xb7, 0x9b, 0xb7, 0x9b,
  0xb7, 0x9b, 0xb7, 0x9b, 0x78, 0xbc, 0x78, 0xbc, 0x78, 0xbc, 0x78, 0xbc, 0xb7, 0x9b, 0xb7, 0x9b,
  0x78, 0xbc, 0x78, 0xbc, 0x78, 0xbc, 0xb7, 0x9b, 0xb7, 0x9b, 0xb7, 0x9b, 0xb7, 0x9b, 0xb7, 0x9b,
  0xb7, 0x9b, 0x35, 0x7b, 0x35, 0x7b, 0x35, 0x7b, 0x74, 0x5a, 0x74, 0x5a, 0x74, 0x5a, 0x74, 0x5a,
  0x74, 0x5a, 0x74, 0x5a, 0x74, 0x5a, 0x74, 0x5a, 0x74, 0x5a, 0x82, 0x10, 0x82, 0x10, 0x82, 0x10,
  0x00, 0x00, 0x00, 0x00, 0x00, 0x00, 0x00, 0x00, 0x00, 0x00, 0x00, 0x00, 0x00, 0x00, 0x00, 0x00,
  0x00, 0x00, 0x00, 0x00, 0x00, 0x00, 0x00, 0x00, 0x00, 0x00, 0x00, 0x00, 0x00, 0x00, 0x00, 0x00,
  0x00, 0x00, 0x00, 0x00, 0x00, 0x00, 0x00, 0x00, 0x00, 0x00, 0x00, 0x00, 0x00, 0x00, 0x00, 0x00,
  0x00, 0x00, 0x00, 0x00, 0x00, 0x00, 0x00, 0x00, 0x00, 0x00, 0x00, 0x00, 0x00, 0x00, 0x00, 0x00,
  0x00, 0x00, 0x00, 0x00, 0x00, 0x00, 0x00, 0x00, 0x00, 0x00, 0x00, 0x00, 0x00, 0x00, 0x00, 0x00,
  0x00, 0x00, 0x00, 0x00, 0x00, 0x00, 0x00, 0x00, 0x00, 0x00, 0x00, 0x00, 0x00, 0x00, 0x00, 0x00,
  0x00, 0x00, 0x00, 0x00, 0x00, 0x00, 0x00, 0x00, 0x00, 0x00, 0x00, 0x00, 0x00, 0x00, 0x00, 0x00,
  0x00, 0x00, 0x00, 0x00, 0x00, 0x00, 0x00, 0x00, 0x00, 0x00, 0x00, 0x00, 0x00, 0x00, 0x00, 0x00,
  0x00, 0x00, 0x00, 0x00, 0x00, 0x00, 0x00, 0x00, 0x00, 0x00, 0x00, 0x00, 0x00, 0x00, 0x00, 0x00,
  0x00, 0x00, 0x00, 0x00, 0x00, 0x00, 0x00, 0x00, 0x00, 0x00, 0x00, 0x00, 0x00, 0x00, 0x00, 0x00,
  0x00, 0x00, 0x00, 0x00, 0x00, 0x00, 0x00, 0x00, 0x00, 0x00, 0x00, 0x00, 0x00, 0x00, 0x00, 0x00,
  0x00, 0x00, 0x00, 0x00, 0x00, 0x00, 0x00, 0x00, 0x00, 0x00, 0x00, 0x00, 0x00, 0x00, 0x49, 0x49,
  0x49, 0x49, 0x49, 0x49, 0xb7, 0x9b, 0xb7, 0x9b, 0xb7, 0x9b, 0xb7, 0x9b, 0xb7, 0x9b, 0xb7, 0x9b,
  0x74, 0x5a, 0x74, 0x5a, 0x74, 0x5a, 0x74, 0x5a, 0x74, 0x5a, 0x74, 0x5a, 0x78, 0xbc, 0x78, 0xbc,
  0x78, 0xbc, 0x74, 0x5a, 0x74, 0x5a, 0x74, 0x5a, 0x74, 0x5a, 0x74, 0x5a, 0x74, 0x5a, 0x74, 0x5a,
  0x74, 0x5a, 0x74, 0x5a, 0x74, 0x5a, 0x74, 0x5a, 0x74, 0x5a, 0x00, 0x00, 0x00, 0x00, 0x00, 0x00,
  0x74, 0x5a, 0x74, 0x5a, 0x74, 0x5a, 0x49, 0x49, 0x49, 0x49, 0x49, 0x49, 0x78, 0xbc, 0x78, 0xbc,
  0x78, 0xbc, 0x78, 0xbc, 0x78, 0xbc, 0x78, 0xbc, 0x49, 0x49, 0x49, 0x49, 0x49, 0x49, 0x74, 0x5a,
  0x74, 0x5a, 0x74, 0x5a, 0x78, 0xbc, 0x78, 0xbc, 0x78, 0xbc, 0xb7, 0x9b, 0xb7, 0x9b, 0xb7, 0x9b,
  0x74, 0x5a, 0x74, 0x5a, 0x74, 0x5a, 0xb7, 0x9b, 0xb7, 0x9b, 0xb7, 0x9b, 0xb7, 0x9b, 0xb7, 0x9b,
  0xb7, 0x9b, 0xb7, 0x9b, 0xb7, 0x9b, 0xb7, 0x9b, 0xb7, 0x9b, 0xb7, 0x9b, 0xb7, 0x9b, 0xb7, 0x9b,
  0xb7, 0x9b, 0xb7, 0x9b, 0xb7, 0x9b, 0xb7, 0x9b, 0xb7, 0x9b, 0xb7, 0x9b, 0xb7, 0x9b, 0xb7, 0x9b,
  0xb7, 0x9b, 0xb7, 0x9b, 0xb7, 0x9b, 0xb7, 0x9b, 0xb7, 0x9b, 0xb7, 0x9b, 0xb7, 0x9b, 0xb7, 0x9b,
  0xb7, 0x9b, 0xb7, 0x9b, 0xb7, 0x9b, 0xb7, 0x9b, 0xb7, 0x9b, 0xb7, 0x9b, 0x78, 0xbc, 0x78, 0xbc,
  0x78, 0xbc, 0x78, 0xbc, 0xb7, 0x9b, 0xb7, 0x9b, 0x78, 0xbc, 0x78, 0xbc, 0x78, 0xbc, 0xb7, 0x9b,
  0xb7, 0x9b, 0xb7, 0x9b, 0xb7, 0x9b, 0xb7, 0x9b, 0xb7, 0x9b, 0x35, 0x7b, 0x35, 0x7b, 0x35, 0x7b,
  0x74, 0x5a, 0x74, 0x5a, 0x74, 0x5a, 0x74, 0x5a, 0x74, 0x5a, 0x74, 0x5a, 0x74, 0x5a, 0x74, 0x5a,
  0x74, 0x5a, 0x82, 0x10, 0x82, 0x10, 0x82, 0x10, 0x00, 0x00, 0x00, 0x00, 0x00, 0x00, 0x00, 0x00,
  0x00, 0x00, 0x00, 0x00, 0x00, 0x00, 0x00, 0x00, 0x00, 0x00, 0x00, 0x00, 0x00, 0x00, 0x00, 0x00,
  0x00, 0x00, 0x00, 0x00, 0x00, 0x00, 0x00, 0x00, 0x00, 0x00, 0x00, 0x00, 0x00, 0x00, 0x00, 0x00,
  0x00, 0x00, 0x00, 0x00, 0x00, 0x00, 0x00, 0x00, 0x00, 0x00, 0x00, 0x00, 0x00, 0x00, 0x00, 0x00,
  0x00, 0x00, 0x00, 0x00, 0x00, 0x00, 0x00, 0x00, 0x00, 0x00, 0x00, 0x00, 0x00, 0x00, 0x00, 0x00,
  0x00, 0x00, 0x00, 0x00, 0x00, 0x00, 0x00, 0x00, 0x00, 0x00, 0x00, 0x00, 0x00, 0x00, 0x00, 0x00,
  0x00, 0x00, 0x00, 0x00, 0x00, 0x00, 0x00, 0x00, 0x00, 0x00, 0x00, 0x00, 0x00, 0x00, 0x00, 0x00,
  0x00, 0x00, 0x00, 0x00, 0x00, 0x00, 0x00, 0x00, 0x00, 0x00, 0x00, 0x00, 0x00, 0x00, 0x00, 0x00,
  0x00, 0x00, 0x00, 0x00, 0x00, 0x00, 0x00, 0x00, 0x00, 0x00, 0x00, 0x00, 0x00, 0x00, 0x00, 0x00,
  0x00, 0x00, 0x00, 0x00, 0x00, 0x00, 0x00, 0x00, 0x00, 0x00, 0x00, 0x00, 0x00, 0x00, 0x00, 0x00,
  0x00, 0x00, 0x00, 0x00, 0x00, 0x00, 0x00, 0x00, 0x00, 0x00, 0x00, 0x00, 0x00, 0x00, 0x00, 0x00,
  0x00, 0x00, 0x00, 0x00, 0x00, 0x00, 0x00, 0x00, 0x00, 0x00, 0x00, 0x00, 0x00, 0x00, 0x00, 0x00,
  0x00, 0x00, 0x00, 0x00, 0x00, 0x00, 0x49, 0x49, 0x49, 0x49, 0x49, 0x49, 0xb7, 0x9b, 0xb7, 0x9b,
  0xb7, 0x9b, 0xb7, 0x9b, 0xb7, 0x9b, 0xb7, 0x9b, 0x74, 0x5a, 0x74, 0x5a, 0x74, 0x5a, 0x74, 0x5a,
  0x74, 0x5a, 0x74, 0x5a, 0x78, 0xbc, 0x78, 0xbc, 0x78, 0xbc, 0x74, 0x5a, 0x74, 0x5a, 0x74, 0x5a,
  0x74, 0x5a, 0x74, 0x5a, 0x74, 0x5a, 0x74, 0x5a, 0x74, 0x5a, 0x74, 0x5a, 0x74, 0x5a, 0x74, 0x5a,
  0x74, 0x5a, 0x00, 0x00, 0x00, 0x00, 0x00, 0x00, 0x74, 0x5a, 0x74, 0x5a, 0x74, 0x5a, 0x49, 0x49,
  0x49, 0x49, 0x49, 0x49, 0x78, 0xbc, 0x78, 0xbc, 0x78, 0xbc, 0x78, 0xbc, 0x78, 0xbc, 0x78, 0xbc,
  0x49, 0x49, 0x49, 0x49, 0x49, 0x49, 0x74, 0x5a, 0x74, 0x5a, 0x74, 0x5a, 0x78, 0xbc, 0x78, 0xbc,
  0x78, 0xbc, 0xb7, 0x9b, 0xb7, 0x9b, 0xb7, 0x9b, 0x74, 0x5a, 0x74, 0x5a, 0x74, 0x5a, 0xb7, 0x9b,
  0xb7, 0x9b, 0xb7, 0x9b, 0xb7, 0x9b, 0xb7, 0x9b, 0xb7, 0x9b, 0xb7, 0x9b, 0xb7, 0x9b, 0xb7, 0x9b,
  0xb7, 0x9b, 0xb7, 0x9b, 0xb7, 0x9b, 0xb7, 0x9b, 0xb7, 0x9b, 0xb7, 0x9b, 0xb7, 0x9b, 0xb7, 0x9b,
  0xb7, 0x9b, 0xb7, 0x9b, 0xb7, 0x9b, 0xb7, 0x9b, 0xb7, 0x9b, 0xb7, 0x9b, 0xb7, 0x9b, 0xb7, 0x9b,
  0xb7, 0x9b, 0xb7, 0x9b, 0xb7, 0x9b, 0xb7, 0x9b, 0xb7, 0x9b, 0xb7, 0x9b, 0xb7, 0x9b, 0xb7, 0x9b,
  0xb7, 0x9b, 0xb7, 0x9b, 0x78, 0xbc, 0x78, 0xbc, 0x78, 0xbc, 0x78, 0xbc, 0xb7, 0x9b, 0xb7, 0x9b,
  0x78, 0xbc, 0x78, 0xbc, 0x78, 0xbc, 0xb7, 0x9b, 0xb7, 0x9b, 0xb7, 0x9b, 0xb7, 0x9b, 0xb7, 0x9b,
  0xb7, 0x9b, 0x35, 0x7b, 0x35, 0x7b, 0x35, 0x7b, 0x74, 0x5a, 0x74, 0x5a, 0x74, 0x5a, 0x74, 0x5a,
  0x74, 0x5a, 0x74, 0x5a, 0x74, 0x5a, 0x74, 0x5a, 0x74, 0x5a, 0x82, 0x10, 0x82, 0x10, 0x82, 0x10,
  0x00, 0x00, 0x00, 0x00, 0x00, 0x00, 0x00, 0x00, 0x00, 0x00, 0x00, 0x00, 0x00, 0x00, 0x00, 0x00,
  0x00, 0x00, 0x00, 0x00, 0x00, 0x00, 0x00, 0x00, 0x00, 0x00, 0x00, 0x00, 0x00, 0x00, 0x00, 0x00,
  0x00, 0x00, 0x00, 0x00, 0x00, 0x00, 0x00, 0x00, 0x00, 0x00, 0x00, 0x00, 0x00, 0x00, 0x00, 0x00,
  0x00, 0x00, 0x00, 0x00, 0x00, 0x00, 0x00, 0x00, 0x00, 0x00, 0x00, 0x00, 0x00, 0x00, 0x00, 0x00,
  0x00, 0x00, 0x00, 0x00, 0x00, 0x00, 0x00, 0x00, 0x00, 0x00, 0x00, 0x00, 0x00, 0x00, 0x00, 0x00,
  0x00, 0x00, 0x00, 0x00, 0x00, 0x00, 0x00, 0x00, 0x00, 0x00, 0x00, 0x00, 0x00, 0x00, 0x00, 0x00,
  0x00, 0x00, 0x00, 0x00, 0x00, 0x00, 0x00, 0x00, 0x00, 0x00, 0x00, 0x00, 0x00, 0x00, 0x00, 0x00,
  0x00, 0x00, 0x00, 0x00, 0x00, 0x00, 0x00, 0x00, 0x00, 0x00, 0x00, 0x00, 0x00, 0x00, 0x00, 0x00,
  0x00, 0x00, 0x00, 0x00, 0x00, 0x00, 0x00, 0x00, 0x00, 0x00, 0x00, 0x00, 0x00, 0x00, 0x00, 0x00,
  0x00, 0x00, 0x00, 0x00, 0x00, 0x00, 0x00, 0x00, 0x00, 0x00, 0x00, 0x00, 0x00, 0x00, 0x00, 0x00,
  0x00, 0x00, 0x00, 0x00, 0x00, 0x00, 0x00, 0x00, 0x00, 0x00, 0x00, 0x00, 0x00, 0x00, 0x00, 0x00,
  0x00, 0x00, 0x00, 0x00, 0x00, 0x00, 0x00, 0x00, 0x00, 0x00, 0x00, 0x00, 0x00, 0x00, 0x49, 0x49,
  0x49, 0x49, 0x49, 0x49, 0xb7, 0x9b, 0xb7, 0x9b, 0xb7, 0x9b, 0xb7, 0x9b, 0xb7, 0x9b, 0xb7, 0x9b,
  0xb7, 0x9b, 0xb7, 0x9b, 0xb7, 0x9b, 0x78, 0xbc, 0x78, 0xbc, 0x78, 0xbc, 0x78, 0xbc, 0x78, 0xbc,
  0x78, 0xbc, 0x78, 0xbc, 0x78, 0xbc, 0x78, 0xbc, 0x78, 0xbc, 0x78, 0xbc, 0x78, 0xbc, 0x78, 0xbc,
  0x78, 0xbc, 0x78, 0xbc, 0x78, 0xbc, 0x78, 0xbc, 0x78, 0xbc, 0x74, 0x5a, 0x74, 0x5a, 0x74, 0x5a,
  0x78, 0xbc, 0x78, 0xbc, 0x78, 0xbc, 0x49, 0x49, 0x49, 0x49, 0x49, 0x49, 0x78, 0xbc, 0x78, 0xbc,
  0x78, 0xbc, 0x78, 0xbc, 0x78, 0xbc, 0x78, 0xbc, 0xb7, 0x9b, 0xb7, 0x9b, 0xb7, 0x9b, 0x49, 0x49,
  0x49, 0x49, 0x49, 0x49, 0xb7, 0x9b, 0xb7, 0x9b, 0xb7, 0x9b, 0xb7, 0x9b, 0xb7, 0x9b, 0xb7, 0x9b,
  0xb7, 0x9b, 0xb7, 0x9b, 0xb7, 0x9b, 0xb7, 0x9b, 0xb7, 0x9b, 0xb7, 0x9b, 0xb7, 0x9b, 0xb7, 0x9b,
  0xb7, 0x9b, 0xb7, 0x9b, 0xb7, 0x9b, 0xb7, 0x9b, 0xb7, 0x9b, 0xb7, 0x9b, 0xb7, 0x9b, 0xb7, 0x9b,
  0xb7, 0x9b, 0xb7, 0x9b, 0xb7, 0x9b, 0xb7, 0x9b, 0xb7, 0x9b, 0xb7, 0x9b, 0xb7, 0x9b, 0xb7, 0x9b,
  0xb7, 0x9b, 0xb7, 0x9b, 0xb7, 0x9b, 0xb7, 0x9b, 0xb7, 0x9b, 0xb7, 0x9b, 0xb7, 0x9b, 0xb7, 0x9b,
  0xb7, 0x9b, 0xb7, 0x9b, 0xb7, 0x9b, 0xb7, 0x9b, 0xb7, 0x9b, 0xb7, 0x9b, 0xb7, 0x9b, 0xb7, 0x9b,
  0xb7, 0x9b, 0xb7, 0x9b, 0x78, 0xbc, 0x78, 0xbc, 0xb7, 0x9b, 0xb7, 0x9b, 0xb7, 0x9b, 0xb7, 0x9b,
  0xb7, 0x9b, 0xb7, 0x9b, 0xb7, 0x9b, 0xb7, 0x9b, 0xb7, 0x9b, 0x74, 0x5a, 0x74, 0x5a, 0x74, 0x5a,
  0x74, 0x5a, 0x74, 0x5a, 0x74, 0x5a, 0x74, 0x5a, 0x74, 0x5a, 0x74, 0x5a, 0x82, 0x10, 0x82, 0x10,
  0x82, 0x10, 0x00, 0x00, 0x00, 0x00, 0x00, 0x00, 0x00, 0x00, 0x00, 0x00, 0x00, 0x00, 0x00, 0x00,
  0x00, 0x00, 0x00, 0x00, 0x00, 0x00, 0x00, 0x00, 0x00, 0x00, 0x00, 0x00, 0x00, 0x00, 0x00, 0x00,
  0x00, 0x00, 0x00, 0x00, 0x00, 0x00, 0x00, 0x00, 0x00, 0x00, 0x00, 0x00, 0x00, 0x00, 0x00, 0x00,
  0x00, 0x00, 0x00, 0x00, 0x00, 0x00, 0x00, 0x00, 0x00, 0x00, 0x00, 0x00, 0x00, 0x00, 0x00, 0x00,
  0x00, 0x00, 0x00, 0x00, 0x00, 0x00, 0x00, 0x00, 0x00, 0x00, 0x00, 0x00, 0x00, 0x00, 0x00, 0x00,
  0x00, 0x00, 0x00, 0x00, 0x00, 0x00, 0x00, 0x00, 0x00, 0x00, 0x00, 0x00, 0x00, 0x00, 0x00, 0x00,
  0x00, 0x00, 0x00, 0x00, 0x00, 0x00, 0x00, 0x00, 0x00, 0x00, 0x00, 0x00, 0x00, 0x00, 0x00, 0x00,
  0x00, 0x00, 0x00, 0x00, 0x00, 0x00, 0x00, 0x00, 0x00, 0x00, 0x00, 0x00, 0x00, 0x00, 0x00, 0x00,
  0x00, 0x00, 0x00, 0x00, 0x00, 0x00, 0x00, 0x00, 0x00, 0x00, 0x00, 0x00, 0x00, 0x00, 0x00, 0x00,
  0x00, 0x00, 0x00, 0x00, 0x00, 0x00, 0x00, 0x00, 0x00, 0x00, 0x00, 0x00, 0x00, 0x00, 0x00, 0x00,
  0x00, 0x00, 0x00, 0x00, 0x00, 0x00, 0x00, 0x00, 0x00, 0x00, 0x00, 0x00, 0x00, 0x00, 0x00, 0x00,
  0x00, 0x00, 0x00, 0x00, 0x00, 0x00, 0x00, 0x00, 0x00, 0x00, 0x00, 0x00, 0x00, 0x00, 0x00, 0x00,
  0x00, 0x00, 0x00, 0x00, 0x00, 0x00, 0x49, 0x49, 0x49, 0x49, 0x49, 0x49, 0xb7, 0x9b, 0xb7, 0x9b,
  0xb7, 0x9b, 0xb7, 0x9b, 0xb7, 0x9b, 0xb7, 0x9b, 0xb7, 0x9b, 0xb7, 0x9b, 0xb7, 0x9b, 0x78, 0xbc,
  0x78, 0xbc, 0x78, 0xbc, 0x78, 0xbc, 0x78, 0xbc, 0x78, 0xbc, 0x78, 0xbc, 0x78, 0xbc, 0x78, 0xbc,
  0x78, 0xbc, 0x78, 0xbc, 0x78, 0xbc, 0x78, 0xbc, 0x78, 0xbc, 0x78, 0xbc, 0x78, 0xbc, 0x78, 0xbc,
  0x78, 0xbc, 0x74, 0x5a, 0x74, 0x5a, 0x74, 0x5a, 0x78, 0xbc, 0x78, 0xbc, 0x78, 0xbc, 0x49, 0x49,
  0x49, 0x49, 0x49, 0x49, 0x78, 0xbc, 0x78, 0xbc, 0x78, 0xbc, 0x78, 0xbc, 0x78, 0xbc, 0x78, 0xbc,
  0xb7, 0x9b, 0xb7, 0x9b, 0xb7, 0x9b, 0x49, 0x49, 0x49, 0x49, 0x49, 0x49, 0xb7, 0x9b, 0xb7, 0x9b,
  0xb7, 0x9b, 0xb7, 0x9b, 0xb7, 0x9b, 0xb7, 0x9b, 0xb7, 0x9b, 0xb7, 0x9b, 0xb7, 0x9b, 0xb7, 0x9b,
  0xb7, 0x9b, 0xb7, 0x9b, 0xb7, 0x9b, 0xb7, 0x9b, 0xb7, 0x9b, 0xb7, 0x9b, 0xb7, 0x9b, 0xb7, 0x9b,
  0xb7, 0x9b, 0xb7, 0x9b, 0xb7, 0x9b, 0xb7, 0x9b, 0xb7, 0x9b, 0xb7, 0x9b, 0xb7, 0x9b, 0xb7, 0x9b,
  0xb7, 0x9b, 0xb7, 0x9b, 0xb7, 0x9b, 0xb7, 0x9b, 0xb7, 0x9b, 0xb7, 0x9b, 0xb7, 0x9b, 0xb7, 0x9b,
  0xb7, 0x9b, 0xb7, 0x9b, 0xb7, 0x9b, 0xb7, 0x9b, 0xb7, 0x9b, 0xb7, 0x9b, 0xb7, 0x9b, 0xb7, 0x9b,
  0xb7, 0x9b, 0xb7, 0x9b, 0xb7, 0x9b, 0xb7, 0x9b, 0xb7, 0x9b, 0xb7, 0x9b, 0x78, 0xbc, 0x78, 0xbc,
  0xb7, 0x9b, 0xb7, 0x9b, 0xb7, 0x9b, 0xb7, 0x9b, 0xb7, 0x9b, 0xb7, 0x9b, 0xb7, 0x9b, 0xb7, 0x9b,
  0xb7, 0x9b, 0x74, 0x5a, 0x74, 0x5a, 0x74, 0x5a, 0x74, 0x5a, 0x74, 0x5a, 0x74, 0x5a, 0x74, 0x5a,
  0x74, 0x5a, 0x74, 0x5a, 0x82, 0x10, 0x82, 0x10, 0x82, 0x10, 0x00, 0x00, 0x00, 0x00, 0x00, 0x00,
  0x00, 0x00, 0x00, 0x00, 0x00, 0x00, 0x00, 0x00, 0x00, 0x00, 0x00, 0x00, 0x00, 0x00, 0x00, 0x00,
  0x00, 0x00, 0x00, 0x00, 0x00, 0x00, 0x00, 0x00, 0x00, 0x00, 0x00, 0x00, 0x00, 0x00, 0x00, 0x00,
  0x00, 0x00, 0x00, 0x00, 0x00, 0x00, 0x00, 0x00, 0x00, 0x00, 0x00, 0x00, 0x00, 0x00, 0x00, 0x00,
  0x00, 0x00, 0x00, 0x00, 0x00, 0x00, 0x00, 0x00, 0x00, 0x00, 0x00, 0x00, 0x00, 0x00, 0x00, 0x00,
  0x00, 0x00, 0x00, 0x00, 0x00, 0x00, 0x00, 0x00, 0x00, 0x00, 0x00, 0x00, 0x00, 0x00, 0x00, 0x00,
  0x00, 0x00, 0x00, 0x00, 0x00, 0x00, 0x00, 0x00, 0x00, 0x00, 0x00, 0x00, 0x00, 0x00, 0x00, 0x00,
  0x00, 0x00, 0x00, 0x00, 0x00, 0x00, 0x00, 0x00, 0x00, 0x00, 0x00, 0x00, 0x00, 0x00, 0x00, 0x00,
  0x00, 0x00, 0x00, 0x00, 0x00, 0x00, 0x00, 0x00, 0x00, 0x00, 0x00, 0x00, 0x00, 0x00, 0x00, 0x00,
  0x00, 0x00, 0x00, 0x00, 0x00, 0x00, 0x00, 0x00, 0x00, 0x00, 0x00, 0x00, 0x00, 0x00, 0x00, 0x00,
  0x00, 0x00, 0x00, 0x00, 0x00, 0x00, 0x00, 0x00, 0x00, 0x00, 0x00, 0x00, 0x00, 0x00, 0x00, 0x00,
  0x00, 0x00, 0x00, 0x00, 0x00, 0x00, 0x00, 0x00, 0x00, 0x00, 0x00, 0x00, 0x00, 0x00, 0x00, 0x00,
  0x00, 0x00, 0x00, 0x00, 0x00, 0x00, 0x00, 0x00, 0x00, 0x00, 0x00, 0x00, 0x00, 0x00, 0x49, 0x49,
  0x49, 0x49, 0x49, 0x49, 0xb7, 0x9b, 0xb7, 0x9b, 0xb7, 0x9b, 0xb7, 0x9b, 0xb7, 0x9b, 0xb7, 0x9b,
  0xb7, 0x9b, 0xb7, 0x9b, 0xb7, 0x9b, 0x78, 0xbc, 0x78, 0xbc, 0x78, 0xbc, 0x78, 0xbc, 0x78, 0xbc,
  0x78, 0xbc, 0x78, 0xbc, 0x78, 0xbc, 0x78, 0xbc, 0x78, 0xbc, 0x78, 0xbc, 0x78, 0xbc, 0x78, 0xbc,
  0x78, 0xbc, 0x78, 0xbc, 0x78, 0xbc, 0x78, 0xbc, 0x78, 0xbc, 0x74, 0x5a, 0x74, 0x5a, 0x74, 0x5a,
  0x78, 0xbc, 0x78, 0xbc, 0x78, 0xbc, 0x49, 0x49, 0x49, 0x49, 0x49, 0x49, 0x78, 0xbc, 0x78, 0xbc,
  0x78, 0xbc, 0x78, 0xbc, 0x78, 0xbc, 0x78, 0xbc, 0xb7, 0x9b, 0xb7, 0x9b, 0xb7, 0x9b, 0x49, 0x49,
  0x49, 0x49, 0x49, 0x49, 0xb7, 0x9b, 0xb7, 0x9b, 0xb7, 0x9b, 0xb7, 0x9b, 0xb7, 0x9b, 0xb7, 0x9b,
  0xb7, 0x9b, 0xb7, 0x9b, 0xb7, 0x9b, 0xb7, 0x9b, 0xb7, 0x9b, 0xb7, 0x9b, 0xb7, 0x9b, 0xb7, 0x9b,
  0xb7, 0x9b, 0xb7, 0x9b, 0xb7, 0x9b, 0xb7, 0x9b, 0xb7, 0x9b, 0xb7, 0x9b, 0xb7, 0x9b, 0xb7, 0x9b,
  0xb7, 0x9b, 0xb7, 0x9b, 0xb7, 0x9b, 0xb7, 0x9b, 0xb7, 0x9b, 0xb7, 0x9b, 0xb7, 0x9b, 0xb7, 0x9b,
  0xb7, 0x9b, 0xb7, 0x9b, 0xb7, 0x9b, 0xb7, 0x9b, 0xb7, 0x9b, 0xb7, 0x9b, 0xb7, 0x9b, 0xb7, 0x9b,
  0xb7, 0x9b, 0xb7, 0x9b, 0xb7, 0x9b, 0xb7, 0x9b, 0xb7, 0x9b, 0xb7, 0x9b, 0xb7, 0x9b, 0xb7, 0x9b,
  0xb7, 0x9b, 0xb7, 0x9b, 0x78, 0xbc, 0x78, 0xbc, 0xb7, 0x9b, 0xb7, 0x9b, 0xb7, 0x9b, 0xb7, 0x9b,
  0xb7, 0x9b, 0xb7, 0x9b, 0xb7, 0x9b, 0xb7, 0x9b, 0xb7, 0x9b, 0x74, 0x5a, 0x74, 0x5a, 0x74, 0x5a,
  0x74, 0x5a, 0x74, 0x5a, 0x74, 0x5a, 0x74, 0x5a, 0x74, 0x5a, 0x74, 0x5a, 0x82, 0x10, 0x82, 0x10,
  0x82, 0x10, 0x00, 0x00, 0x00, 0x00, 0x00, 0x00, 0x00, 0x00, 0x00, 0x00, 0x00, 0x00, 0x00, 0x00,
  0x00, 0x00, 0x00, 0x00, 0x00, 0x00, 0x00, 0x00, 0x00, 0x00, 0x00, 0x00, 0x00, 0x00, 0x00, 0x00,
  0x00, 0x00, 0x00, 0x00, 0x00, 0x00, 0x00, 0x00, 0x00, 0x00, 0x00, 0x00, 0x00, 0x00, 0x00, 0x00,
  0x00, 0x00, 0x00, 0x00, 0x00, 0x00, 0x00, 0x00, 0x00, 0x00, 0x00, 0x00, 0x00, 0x00, 0x00, 0x00,
  0x00, 0x00, 0x00, 0x00, 0x00, 0x00, 0x00, 0x00, 0x00, 0x00, 0x00, 0x00, 0x00, 0x00, 0x00, 0x00,
  0x00, 0x00, 0x00, 0x00, 0x00, 0x00, 0x00, 0x00, 0x00, 0x00, 0x00, 0x00, 0x00, 0x00, 0x00, 0x00,
  0x00, 0x00, 0x00, 0x00, 0x00, 0x00, 0x00, 0x00, 0x00, 0x00, 0x00, 0x00, 0x00, 0x00, 0x00, 0x00,
  0x00, 0x00, 0x00, 0x00, 0x00, 0x00, 0x00, 0x00, 0x00, 0x00, 0x00, 0x00, 0x00, 0x00, 0x00, 0x00,
  0x00, 0x00, 0x00, 0x00, 0x00, 0x00, 0x00, 0x00, 0x00, 0x00, 0x00, 0x00, 0x00, 0x00, 0x00, 0x00,
  0x00, 0x00, 0x00, 0x00, 0x00, 0x00, 0x00, 0x00, 0x00, 0x00, 0x00, 0x00, 0x00, 0x00, 0x00, 0x00,
  0x00, 0x00, 0x00, 0x00, 0x00, 0x00, 0x00, 0x00, 0x00, 0x00, 0x00, 0x00, 0x00, 0x00, 0x00, 0x00,
  0x00, 0x00, 0x00, 0x00, 0x00, 0x00, 0x00, 0x00, 0x00, 0x00, 0x00, 0x00, 0x00, 0x00, 0x00, 0x00,
  0x00, 0x00, 0x00, 0x00, 0x00, 0x00, 0x00, 0x00, 0x00, 0x00, 0x00, 0x00, 0x49, 0x49, 0x49, 0x49,
  0x49, 0x49, 0xb7, 0x9b, 0xb7, 0x9b, 0xb7, 0x9b, 0xb7, 0x9b, 0xb7, 0x9b, 0xb7, 0x9b, 0xb7, 0x9b,
  0xb7, 0x9b, 0xb7, 0x9b, 0xb7, 0x9b, 0xb7, 0x9b, 0xb7, 0x9b, 0x78, 0xbc, 0x78, 0xbc, 0x78, 0xbc,
  0x78, 0xbc, 0x78, 0xbc, 0x78, 0xbc, 0x78, 0xbc, 0x78, 0xbc, 0x78, 0xbc, 0x78, 0xbc, 0x78, 0xbc,
  0x78, 0xbc, 0x78, 0xbc, 0x78, 0xbc, 0x78, 0xbc, 0x78, 0xbc, 0x78, 0xbc, 0x78, 0xbc, 0x49, 0x49,
  0x49, 0x49, 0x49, 0x49, 0xb7, 0x9b, 0xb7, 0x9b, 0xb7, 0x9b, 0x78, 0xbc, 0x78, 0xbc, 0x78, 0xbc,
  0xb7, 0x9b, 0xb7, 0x9b, 0xb7, 0x9b, 0x74, 0x5a, 0x74, 0x5a, 0x74, 0x5a, 0xb7, 0x9b, 0xb7, 0x9b,
  0xb7, 0x9b, 0xb7, 0x9b, 0xb7, 0x9b, 0xb7, 0x9b, 0xb7, 0x9b, 0xb7, 0x9b, 0xb7, 0x9b, 0xb7, 0x9b,
  0xb7, 0x9b, 0xb7, 0x9b, 0xb7, 0x9b, 0xb7, 0x9b, 0xb7, 0x9b, 0xb7, 0x9b, 0xb7, 0x9b, 0xb7, 0x9b,
  0xb7, 0x9b, 0xb7, 0x9b, 0xb7, 0x9b, 0xb7, 0x9b, 0xb7, 0x9b, 0xb7, 0x9b, 0xb7, 0x9b, 0xb7, 0x9b,
  0xb7, 0x9b, 0xb7, 0x9b, 0xb7, 0x9b, 0xb7, 0x9b, 0xb7, 0x9b, 0xb7, 0x9b, 0xb7, 0x9b, 0xb7, 0x9b,
  0xb7, 0x9b, 0xb7, 0x9b, 0xb7, 0x9b, 0xb7, 0x9b, 0xb7, 0x9b, 0xb7, 0x9b, 0xb7, 0x9b, 0xb7, 0x9b,
  0xb7, 0x9b, 0xb7, 0x9b, 0xb7, 0x9b, 0xb7, 0x9b, 0xb7, 0x9b, 0xb7, 0x9b, 0xb7, 0x9b, 0xb7, 0x9b,
  0xb7, 0x9b, 0xb7, 0x9b, 0xb7, 0x9b, 0xb7, 0x9b, 0xb7, 0x9b, 0xb7, 0x9b, 0xb7, 0x9b, 0xb7, 0x9b,
  0xb7, 0x9b, 0x74, 0x5a, 0x74, 0x5a, 0x74, 0x5a, 0x74, 0x5a, 0x74, 0x5a, 0x74, 0x5a, 0x74, 0x5a,
  0x74, 0x5a, 0x74, 0x5a, 0x82, 0x10, 0x82, 0x10, 0x82, 0x10, 0x00, 0x00, 0x00, 0x00, 0x00, 0x00,
  0x00, 0x00, 0x00, 0x00, 0x00, 0x00, 0x00, 0x00, 0x00, 0x00, 0x00, 0x00, 0x00, 0x00, 0x00, 0x00,
  0x00, 0x00, 0x00, 0x00, 0x00, 0x00, 0x00, 0x00, 0x49, 0x49, 0x49, 0x49, 0x49, 0x49, 0x00, 0x00,
  0x00, 0x00, 0x00, 0x00, 0x00, 0x00, 0x00, 0x00, 0x00, 0x00, 0x00, 0x00, 0x00, 0x00, 0x00, 0x00,
  0x00, 0x00, 0x00, 0x00, 0x00, 0x00, 0x00, 0x00, 0x00, 0x00, 0x00, 0x00, 0x00, 0x00, 0x00, 0x00,
  0x00, 0x00, 0x00, 0x00, 0x00, 0x00, 0x00, 0x00, 0x00, 0x00, 0x00, 0x00, 0x00, 0x00, 0x00, 0x00,
  0x00, 0x00, 0x00, 0x00, 0x00, 0x00, 0x00, 0x00, 0x00, 0x00, 0x00, 0x00, 0x00, 0x00, 0x00, 0x00,
  0x00, 0x00, 0x00, 0x00, 0x00, 0x00, 0x00, 0x00, 0x00, 0x00, 0x00, 0x00, 0x00, 0x00, 0x00, 0x00,
  0x00, 0x00, 0x00, 0x00, 0x00, 0x00, 0x00, 0x00, 0x00, 0x00, 0x00, 0x00, 0x00, 0x00, 0x00, 0x00,
  0x00, 0x00, 0x00, 0x00, 0x00, 0x00, 0x00, 0x00, 0x00, 0x00, 0x00, 0x00, 0x00, 0x00, 0x00, 0x00,
  0x00, 0x00, 0x00, 0x00, 0x00, 0x00, 0x00, 0x00, 0x00, 0x00, 0x00, 0x00, 0x00, 0x00, 0x00, 0x00,
  0x00, 0x00, 0x00, 0x00, 0x00, 0x00, 0x00, 0x00, 0x00, 0x00, 0x00, 0x00, 0x00, 0x00, 0x00, 0x00,
  0x00, 0x00, 0x00, 0x00, 0x00, 0x00, 0x00, 0x00, 0x00, 0x00, 0x00, 0x00, 0x00, 0x00, 0x00, 0x00,
  0x00, 0x00, 0x00, 0x00, 0x49, 0x49, 0x49, 0x49, 0x49, 0x49, 0xb7, 0x9b, 0xb7, 0x9b, 0xb7, 0x9b,
  0xb7, 0x9b, 0xb7, 0x9b, 0xb7, 0x9b, 0xb7, 0x9b, 0xb7, 0x9b, 0xb7, 0x9b, 0xb7, 0x9b, 0xb7, 0x9b,
  0xb7, 0x9b, 0x78, 0xbc, 0x78, 0xbc, 0x78, 0xbc, 0x78, 0xbc, 0x78, 0xbc, 0x78, 0xbc, 0x78, 0xbc,
  0x78, 0xbc, 0x78, 0xbc, 0x78, 0xbc, 0x78, 0xbc, 0x78, 0xbc, 0x78, 0xbc, 0x78, 0xbc, 0x78, 0xbc,
  0x78, 0xbc, 0x78, 0xbc, 0x78, 0xbc, 0x49, 0x49, 0x49, 0x49, 0x49, 0x49, 0xb7, 0x9b, 0xb7, 0x9b,
  0xb7, 0x9b, 0x78, 0xbc, 0x78, 0xbc, 0x78, 0xbc, 0xb7, 0x9b, 0xb7, 0x9b, 0xb7, 0x9b, 0x74, 0x5a,
  0x74, 0x5a, 0x74, 0x5a, 0xb7, 0x9b, 0xb7, 0x9b, 0xb7, 0x9b, 0xb7, 0x9b, 0xb7, 0x9b, 0xb7, 0x9b,
  0xb7, 0x9b, 0xb7, 0x9b, 0xb7, 0x9b, 0xb7, 0x9b, 0xb7, 0x9b, 0xb7, 0x9b, 0xb7, 0x9b, 0xb7, 0x9b,
  0xb7, 0x9b, 0xb7, 0x9b, 0xb7, 0x9b, 0xb7, 0x9b, 0xb7, 0x9b, 0xb7, 0x9b, 0xb7, 0x9b, 0xb7, 0x9b,
  0xb7, 0x9b, 0xb7, 0x9b, 0xb7, 0x9b, 0xb7, 0x9b, 0xb7, 0x9b, 0xb7, 0x9b, 0xb7, 0x9b, 0xb7, 0x9b,
  0xb7, 0x9b, 0xb7, 0x9b, 0xb7, 0x9b, 0xb7, 0x9b, 0xb7, 0x9b, 0xb7, 0x9b, 0xb7, 0x9b, 0xb7, 0x9b,
  0xb7, 0x9b, 0xb7, 0x9b, 0xb7, 0x9b, 0xb7, 0x9b, 0xb7, 0x9b, 0xb7, 0x9b, 0xb7, 0x9b, 0xb7, 0x9b,
  0xb7, 0x9b, 0xb7, 0x9b, 0xb7, 0x9b, 0xb7, 0x9b, 0xb7, 0x9b, 0xb7, 0x9b, 0xb7, 0x9b, 0xb7, 0x9b,
  0xb7, 0x9b, 0xb7, 0x9b, 0xb7, 0x9b, 0xb7, 0x9b, 0xb7, 0x9b, 0x74, 0x5a, 0x74, 0x5a, 0x74, 0x5a,
  0x74, 0x5a, 0x74, 0x5a, 0x74, 0x5a, 0x74, 0x5a, 0x74, 0x5a, 0x74, 0x5a, 0x82, 0x10, 0x82, 0x10,
  0x82, 0x10, 0x00, 0x00, 0x00, 0x00, 0x00, 0x00, 0x00, 0x00, 0x00, 0x00, 0x00, 0x00, 0x00, 0x00,
  0x00, 0x00, 0x00, 0x00, 0x00, 0x00, 0x00, 0x00, 0x00, 0x00, 0x00, 0x00, 0x00, 0x00, 0x00, 0x00,
  0x49, 0x49, 0x49, 0x49, 0x49, 0x49, 0x00, 0x00, 0x00, 0x00, 0x00, 0x00, 0x00, 0x00, 0x00, 0x00,
  0x00, 0x00, 0x00, 0x00, 0x00, 0x00, 0x00, 0x00, 0x00, 0x00, 0x00, 0x00, 0x00, 0x00, 0x00, 0x00,
  0x00, 0x00, 0x00, 0x00, 0x00, 0x00, 0x00, 0x00, 0x00, 0x00, 0x00, 0x00, 0x00, 0x00, 0x00, 0x00,
  0x00, 0x00, 0x00, 0x00, 0x00, 0x00, 0x00, 0x00, 0x00, 0x00, 0x00, 0x00, 0x00, 0x00, 0x00, 0x00,
  0x00, 0x00, 0x00, 0x00, 0x00, 0x00, 0x00, 0x00, 0x00, 0x00, 0x00, 0x00, 0x00, 0x00, 0x00, 0x00,
  0x00, 0x00, 0x00, 0x00, 0x00, 0x00, 0x00, 0x00, 0x00, 0x00, 0x00, 0x00, 0x00, 0x00, 0x00, 0x00,
  0x00, 0x00, 0x00, 0x00, 0x00, 0x00, 0x00, 0x00, 0x00, 0x00, 0x00, 0x00, 0x00, 0x00, 0x00, 0x00,
  0x00, 0x00, 0x00, 0x00, 0x00, 0x00, 0x00, 0x00, 0x00, 0x00, 0x00, 0x00, 0x00, 0x00, 0x00, 0x00,
  0x00, 0x00, 0x00, 0x00, 0x00, 0x00, 0x00, 0x00, 0x00, 0x00, 0x00, 0x00, 0x00, 0x00, 0x00, 0x00,
  0x00, 0x00, 0x00, 0x00, 0x00, 0x00, 0x00, 0x00, 0x00, 0x00, 0x00, 0x00, 0x00, 0x00, 0x00, 0x00,
  0x00, 0x00, 0x00, 0x00, 0x00, 0x00, 0x00, 0x00, 0x00, 0x00, 0x00, 0x00, 0x49, 0x49, 0x49, 0x49,
  0x49, 0x49, 0xb7, 0x9b, 0xb7, 0x9b, 0xb7, 0x9b, 0xb7, 0x9b, 0xb7, 0x9b, 0xb7, 0x9b, 0xb7, 0x9b,
  0xb7, 0x9b, 0xb7, 0x9b, 0xb7, 0x9b, 0xb7, 0x9b, 0xb7, 0x9b, 0x78, 0xbc, 0x78, 0xbc, 0x78, 0xbc,
  0x78, 0xbc, 0x78, 0xbc, 0x78, 0xbc, 0x78, 0xbc, 0x78, 0xbc, 0x78, 0xbc, 0x78, 0xbc, 0x78, 0xbc,
  0x78, 0xbc, 0x78, 0xbc, 0x78, 0xbc, 0x78, 0xbc, 0x78, 0xbc, 0x78, 0xbc, 0x78, 0xbc, 0x49, 0x49,
  0x49, 0x49, 0x49, 0x49, 0xb7, 0x9b, 0xb7, 0x9b, 0xb7, 0x9b, 0x78, 0xbc, 0x78, 0xbc, 0x78, 0xbc,
  0xb7, 0x9b, 0xb7, 0x9b, 0xb7, 0x9b, 0x74, 0x5a, 0x74, 0x5a, 0x74, 0x5a, 0xb7, 0x9b, 0xb7, 0x9b,
  0xb7, 0x9b, 0xb7, 0x9b, 0xb7, 0x9b, 0xb7, 0x9b, 0xb7, 0x9b, 0xb7, 0x9b, 0xb7, 0x9b, 0xb7, 0x9b,
  0xb7, 0x9b, 0xb7, 0x9b, 0xb7, 0x9b, 0xb7, 0x9b, 0xb7, 0x9b, 0xb7, 0x9b, 0xb7, 0x9b, 0xb7, 0x9b,
  0xb7, 0x9b, 0xb7, 0x9b, 0xb7, 0x9b, 0xb7, 0x9b, 0xb7, 0x9b, 0xb7, 0x9b, 0xb7, 0x9b, 0xb7, 0x9b,
  0xb7, 0x9b, 0xb7, 0x9b, 0xb7, 0x9b, 0xb7, 0x9b, 0xb7, 0x9b, 0xb7, 0x9b, 0xb7, 0x9b, 0xb7, 0x9b,
  0xb7, 0x9b, 0xb7, 0x9b, 0xb7, 0x9b, 0xb7, 0x9b, 0xb7, 0x9b, 0xb7, 0x9b, 0xb7, 0x9b, 0xb7, 0x9b,
  0xb7, 0x9b, 0xb7, 0x9b, 0xb7, 0x9b, 0xb7, 0x9b, 0xb7, 0x9b, 0xb7, 0x9b, 0xb7, 0x9b, 0xb7, 0x9b,
  0xb7, 0x9b, 0xb7, 0x9b, 0xb7, 0x9b, 0xb7, 0x9b, 0xb7, 0x9b, 0xb7, 0x9b, 0xb7, 0x9b, 0xb7, 0x9b,
  0xb7, 0x9b, 0x74, 0x5a, 0x74, 0x5a, 0x74, 0x5a, 0x74, 0x5a, 0x74, 0x5a, 0x74, 0x5a, 0x74, 0x5a,
  0x74, 0x5a, 0x74, 0x5a, 0x82, 0x10, 0x82, 0x10, 0x82, 0x10, 0x00, 0x00, 0x00, 0x00, 0x00, 0x00,
  0x00, 0x00, 0x00, 0x00, 0x00, 0x00, 0x00, 0x00, 0x00, 0x00, 0x00, 0x00, 0x00, 0x00, 0x00, 0x00,
  0x00, 0x00, 0x00, 0x00, 0x00, 0x00, 0x00, 0x00, 0x49, 0x49, 0x49, 0x49, 0x49, 0x49, 0x00, 0x00,
  0x00, 0x00, 0x00, 0x00, 0x00, 0x00, 0x00, 0x00, 0x00, 0x00, 0x00, 0x00, 0x00, 0x00, 0x00, 0x00,
  0x00, 0x00, 0x00, 0x00, 0x00, 0x00, 0x00, 0x00, 0x00, 0x00, 0x00, 0x00, 0x00, 0x00, 0x00, 0x00,
  0x00, 0x00, 0x00, 0x00, 0x00, 0x00, 0x00, 0x00, 0x00, 0x00, 0x00, 0x00, 0x00, 0x00, 0x00, 0x00,
  0x00, 0x00, 0x00, 0x00, 0x00, 0x00, 0x00, 0x00, 0x00, 0x00, 0x00, 0x00, 0x00, 0x00, 0x00, 0x00,
  0x00, 0x00, 0x00, 0x00, 0x00, 0x00, 0x00, 0x00, 0x00, 0x00, 0x00, 0x00, 0x00, 0x00, 0x00, 0x00,
  0x00, 0x00, 0x00, 0x00, 0x00, 0x00, 0x00, 0x00, 0x00, 0x00, 0x00, 0x00, 0x00, 0x00, 0x00, 0x00,
  0x00, 0x00, 0x00, 0x00, 0x00, 0x00, 0x00, 0x00, 0x00, 0x00, 0x00, 0x00, 0x00, 0x00, 0x00, 0x00,
  0x00, 0x00, 0x00, 0x00, 0x00, 0x00, 0x00, 0x00, 0x00, 0x00, 0x00, 0x00, 0x00, 0x00, 0x00, 0x00,
  0x00, 0x00, 0x00, 0x00, 0x00, 0x00, 0x00, 0x00, 0x00, 0x00, 0x00, 0x00, 0x00, 0x00, 0x00, 0x00,
  0x00, 0x00, 0x00, 0x00, 0x00, 0x00, 0x00, 0x00, 0x00, 0x00, 0x00, 0x00, 0x00, 0x00, 0x00, 0x00,
  0x00, 0x00, 0x00, 0x00, 0x00, 0x00, 0x00, 0x00, 0x00, 0x00, 0x49, 0x49, 0x49, 0x49, 0x49, 0x49,
  0xb7, 0x9b, 0xb7, 0x9b, 0xb7, 0x9b, 0xb7, 0x9b, 0xb7, 0x9b, 0xb7, 0x9b, 0xb7, 0x9b, 0xb7, 0x9b,
  0xb7, 0x9b, 0x78, 0xbc, 0x78, 0xbc, 0x78, 0xbc, 0x78, 0xbc, 0x78, 0xbc, 0x78, 0xbc, 0x78, 0xbc,
  0x78, 0xbc, 0x78, 0xbc, 0x78, 0xbc, 0x78, 0xbc, 0x78, 0xbc, 0x78, 0xbc, 0x78, 0xbc, 0x78, 0xbc,
  0x78, 0xbc, 0x78, 0xbc, 0x78, 0xbc, 0x49, 0x49, 0x49, 0x49, 0x49, 0x49, 0xb7, 0x9b, 0xb7, 0x9b,
  0xb7, 0x9b, 0xb7, 0x9b, 0xb7, 0x9b, 0xb7, 0x9b, 0xb7, 0x9b, 0xb7, 0x9b, 0xb7, 0x9b, 0xb7, 0x9b,
  0xb7, 0x9b, 0xb7, 0x9b, 0xb7, 0x9b, 0xb7, 0x9b, 0xb7, 0x9b, 0xb7, 0x9b, 0xb7, 0x9b, 0xb7, 0x9b,
  0xb7, 0x9b, 0xb7, 0x9b, 0xb7, 0x9b, 0xb7, 0x9b, 0xb7, 0x9b, 0xb7, 0x9b, 0xb7, 0x9b, 0xb7, 0x9b,
  0xb7, 0x9b, 0xb7, 0x9b, 0xb7, 0x9b, 0xb7, 0x9b, 0xb7, 0x9b, 0xb7, 0x9b, 0xb7, 0x9b, 0xb7, 0x9b,
  0xb7, 0x9b, 0xb7, 0x9b, 0xb7, 0x9b, 0xb7, 0x9b, 0xb7, 0x9b, 0xb7, 0x9b, 0xb7, 0x9b, 0xb7, 0x9b,
  0xb7, 0x9b, 0xb7, 0x9b, 0xb7, 0x9b, 0xb7, 0x9b, 0xb7, 0x9b, 0xb7, 0x9b, 0xb7, 0x9b, 0xb7, 0x9b,
  0xb7, 0x9b, 0xb7, 0x9b, 0xb7, 0x9b, 0xb7, 0x9b, 0xb7, 0x9b, 0xb7, 0x9b, 0xb7, 0x9b, 0xb7, 0x9b,
  0xb7, 0x9b, 0xb7, 0x9b, 0xb7, 0x9b, 0xb7, 0x9b, 0xb7, 0x9b, 0xb7, 0x9b, 0xb7, 0x9b, 0xb7, 0x9b,
  0xb7, 0x9b, 0xb7, 0x9b, 0x35, 0x7b, 0x35, 0x7b, 0x35, 0x7b, 0x74, 0x5a, 0x74, 0x5a, 0x74, 0x5a,
  0x74, 0x5a, 0x74, 0x5a, 0x74, 0x5a, 0x74, 0x5a, 0x74, 0x5a, 0x74, 0x5a, 0x82, 0x10, 0x82, 0x10,
  0x82, 0x10, 0x00, 0x00, 0x00, 0x00, 0x00, 0x00, 0x00, 0x00, 0x00, 0x00, 0x00, 0x00, 0x00, 0x00,
  0x00, 0x00, 0x00, 0x00, 0x00, 0x00, 0x00, 0x00, 0x00, 0x00, 0x00, 0x00, 0x00, 0x00, 0x00, 0x00,
  0x82, 0x10, 0x82, 0x10, 0x82, 0x10, 0xb7, 0x9b, 0xb7, 0x9b, 0xb7, 0x9b, 0x49, 0x49, 0x49, 0x49,
  0x49, 0x49, 0x00, 0x00, 0x00, 0x00, 0x00, 0x00, 0x00, 0x00, 0x00, 0x00, 0x00, 0x00, 0x00, 0x00,
  0x00, 0x00, 0x00, 0x00, 0x00, 0x00, 0x00, 0x00, 0x00, 0x00, 0x00, 0x00, 0x00, 0x00, 0x00, 0x00,
  0x00, 0x00, 0x00, 0x00, 0x00, 0x00, 0x00, 0x00, 0x00, 0x00, 0x00, 0x00, 0x00, 0x00, 0x00, 0x00,
  0x00, 0x00, 0x00, 0x00, 0x00, 0x00, 0x00, 0x00, 0x00, 0x00, 0x00, 0x00, 0x00, 0x00, 0x00, 0x00,
  0x00, 0x00, 0x00, 0x00, 0x00, 0x00, 0x00, 0x00, 0x00, 0x00, 0x00, 0x00, 0x00, 0x00, 0x00, 0x00,
  0x00, 0x00, 0x00, 0x00, 0x00, 0x00, 0x00, 0x00, 0x00, 0x00, 0x00, 0x00, 0x00, 0x00, 0x00, 0x00,
  0x00, 0x00, 0x00, 0x00, 0x00, 0x00, 0x00, 0x00, 0x00, 0x00, 0x00, 0x00, 0x00, 0x00, 0x00, 0x00,
  0x00, 0x00, 0x00, 0x00, 0x00, 0x00, 0x00, 0x00, 0x00, 0x00, 0x00, 0x00, 0x00, 0x00, 0x00, 0x00,
  0x00, 0x00, 0x00, 0x00, 0x00, 0x00, 0x00, 0x00, 0x00, 0x00, 0x00, 0x00, 0x00, 0x00, 0x00, 0x00,
  0x00, 0x00, 0x00, 0x00, 0x00, 0x00, 0x00, 0x00, 0x00, 0x00, 0x00, 0x00, 0x00, 0x00, 0x00, 0x00,
  0x00, 0x00, 0x49, 0x49, 0x49, 0x49, 0x49, 0x49, 0xb7, 0x9b, 0xb7, 0x9b, 0xb7, 0x9b, 0xb7, 0x9b,
  0xb7, 0x9b, 0xb7, 0x9b, 0xb7, 0x9b, 0xb7, 0x9b, 0xb7, 0x9b, 0x78, 0xbc, 0x78, 0xbc, 0x78, 0xbc,
  0x78, 0xbc, 0x78, 0xbc, 0x78, 0xbc, 0x78, 0xbc, 0x78, 0xbc, 0x78, 0xbc, 0x78, 0xbc, 0x78, 0xbc,
  0x78, 0xbc, 0x78, 0xbc, 0x78, 0xbc, 0x78, 0xbc, 0x78, 0xbc, 0x78, 0xbc, 0x78, 0xbc, 0x49, 0x49,
  0x49, 0x49, 0x49, 0x49, 0xb7, 0x9b, 0xb7, 0x9b, 0xb7, 0x9b, 0xb7, 0x9b, 0xb7, 0x9b, 0xb7, 0x9b,
  0xb7, 0x9b, 0xb7, 0x9b, 0xb7, 0x9b, 0xb7, 0x9b, 0xb7, 0x9b, 0xb7, 0x9b, 0xb7, 0x9b, 0xb7, 0x9b,
  0xb7, 0x9b, 0xb7, 0x9b, 0xb7, 0x9b, 0xb7, 0x9b, 0xb7, 0x9b, 0xb7, 0x9b, 0xb7, 0x9b, 0xb7, 0x9b,
  0xb7, 0x9b, 0xb7, 0x9b, 0xb7, 0x9b, 0xb7, 0x9b, 0xb7, 0x9b, 0xb7, 0x9b, 0xb7, 0x9b, 0xb7, 0x9b,
  0xb7, 0x9b, 0xb7, 0x9b, 0xb7, 0x9b, 0xb7, 0x9b, 0xb7, 0x9b, 0xb7, 0x9b, 0xb7, 0x9b, 0xb7, 0x9b,
  0xb7, 0x9b, 0xb7, 0x9b, 0xb7, 0x9b, 0xb7, 0x9b, 0xb7, 0x9b, 0xb7, 0x9b, 0xb7, 0x9b, 0xb7, 0x9b,
  0xb7, 0x9b, 0xb7, 0x9b, 0xb7, 0x9b, 0xb7, 0x9b, 0xb7, 0x9b, 0xb7, 0x9b, 0xb7, 0x9b, 0xb7, 0x9b,
  0xb7, 0x9b, 0xb7, 0x9b, 0xb7, 0x9b, 0xb7, 0x9b, 0xb7, 0x9b, 0xb7, 0x9b, 0xb7, 0x9b, 0xb7, 0x9b,
  0xb7, 0x9b, 0xb7, 0x9b, 0xb7, 0x9b, 0xb7, 0x9b, 0xb7, 0x9b, 0xb7, 0x9b, 0x35, 0x7b, 0x35, 0x7b,
  0x35, 0x7b, 0x74, 0x5a, 0x74, 0x5a, 0x74, 0x5a, 0x74, 0x5a, 0x74, 0x5a, 0x74, 0x5a, 0x74, 0x5a,
  0x74, 0x5a, 0x74, 0x5a, 0x82, 0x10, 0x82, 0x10, 0x82, 0x10, 0x00, 0x00, 0x00, 0x00, 0x00, 0x00,
  0x00, 0x00, 0x00, 0x00, 0x00, 0x00, 0x00, 0x00, 0x00, 0x00, 0x00, 0x00, 0x00, 0x00, 0x00, 0x00,
  0x00, 0x00, 0x00, 0x00, 0x00, 0x00, 0x00, 0x00, 0x82, 0x10, 0x82, 0x10, 0x82, 0x10, 0xb7, 0x9b,
  0xb7, 0x9b, 0xb7, 0x9b, 0x49, 0x49, 0x49, 0x49, 0x49, 0x49, 0x00, 0x00, 0x00, 0x00, 0x00, 0x00,
  0x00, 0x00, 0x00, 0x00, 0x00, 0x00, 0x00, 0x00, 0x00, 0x00, 0x00, 0x00, 0x00, 0x00, 0x00, 0x00,
  0x00, 0x00, 0x00, 0x00, 0x00, 0x00, 0x00, 0x00, 0x00, 0x00, 0x00, 0x00, 0x00, 0x00, 0x00, 0x00,
  0x00, 0x00, 0x00, 0x00, 0x00, 0x00, 0x00, 0x00, 0x00, 0x00, 0x00, 0x00, 0x00, 0x00, 0x00, 0x00,
  0x00, 0x00, 0x00, 0x00, 0x00, 0x00, 0x00, 0x00, 0x00, 0x00, 0x00, 0x00, 0x00, 0x00, 0x00, 0x00,
  0x00, 0x00, 0x00, 0x00, 0x00, 0x00, 0x00, 0x00, 0x00, 0x00, 0x00, 0x00, 0x00, 0x00, 0x00, 0x00,
  0x00, 0x00, 0x00, 0x00, 0x00, 0x00, 0x00, 0x00, 0x00, 0x00, 0x00, 0x00, 0x00, 0x00, 0x00, 0x00,
  0x00, 0x00, 0x00, 0x00, 0x00, 0x00, 0x00, 0x00, 0x00, 0x00, 0x00, 0x00, 0x00, 0x00, 0x00, 0x00,
  0x00, 0x00, 0x00, 0x00, 0x00, 0x00, 0x00, 0x00, 0x00, 0x00, 0x00, 0x00, 0x00, 0x00, 0x00, 0x00,
  0x00, 0x00, 0x00, 0x00, 0x00, 0x00, 0x00, 0x00, 0x00, 0x00, 0x00, 0x00, 0x00, 0x00, 0x00, 0x00,
  0x00, 0x00, 0x00, 0x00, 0x00, 0x00, 0x00, 0x00, 0x00, 0x00, 0x49, 0x49, 0x49, 0x49, 0x49, 0x49,
  0xb7, 0x9b, 0xb7, 0x9b, 0xb7, 0x9b, 0xb7, 0x9b, 0xb7, 0x9b, 0xb7, 0x9b, 0xb7, 0x9b, 0xb7, 0x9b,
  0xb7, 0x9b, 0x78, 0xbc, 0x78, 0xbc, 0x78, 0xbc, 0x78, 0xbc, 0x78, 0xbc, 0x78, 0xbc, 0x78, 0xbc,
  0x78, 0xbc, 0x78, 0xbc, 0x78, 0xbc, 0x78, 0xbc, 0x78, 0xbc, 0x78, 0xbc, 0x78, 0xbc, 0x78, 0xbc,
  0x78, 0xbc, 0x78, 0xbc, 0x78, 0xbc, 0x49, 0x49, 0x49, 0x49, 0x49, 0x49, 0xb7, 0x9b, 0xb7, 0x9b,
  0xb7, 0x9b, 0xb7, 0x9b, 0xb7, 0x9b, 0xb7, 0x9b, 0xb7, 0x9b, 0xb7, 0x9b, 0xb7, 0x9b, 0xb7, 0x9b,
  0xb7, 0x9b, 0xb7, 0x9b, 0xb7, 0x9b, 0xb7, 0x9b, 0xb7, 0x9b, 0xb7, 0x9b, 0xb7, 0x9b, 0xb7, 0x9b,
  0xb7, 0x9b, 0xb7, 0x9b, 0xb7, 0x9b, 0xb7, 0x9b, 0xb7, 0x9b, 0xb7, 0x9b, 0xb7, 0x9b, 0xb7, 0x9b,
  0xb7, 0x9b, 0xb7, 0x9b, 0xb7, 0x9b, 0xb7, 0x9b, 0xb7, 0x9b, 0xb7, 0x9b, 0xb7, 0x9b, 0xb7, 0x9b,
  0xb7, 0x9b, 0xb7, 0x9b, 0xb7, 0x9b, 0xb7, 0x9b, 0xb7, 0x9b, 0xb7, 0x9b, 0xb7, 0x9b, 0xb7, 0x9b,
  0xb7, 0x9b, 0xb7, 0x9b, 0xb7, 0x9b, 0xb7, 0x9b, 0xb7, 0x9b, 0xb7, 0x9b, 0xb7, 0x9b, 0xb7, 0x9b,
  0xb7, 0x9b, 0xb7, 0x9b, 0xb7, 0x9b, 0xb7, 0x9b, 0xb7, 0x9b, 0xb7, 0x9b, 0xb7, 0x9b, 0xb7, 0x9b,
  0xb7, 0x9b, 0xb7, 0x9b, 0xb7, 0x9b, 0xb7, 0x9b, 0xb7, 0x9b, 0xb7, 0x9b, 0xb7, 0x9b, 0xb7, 0x9b,
  0xb7, 0x9b, 0xb7, 0x9b, 0x35, 0x7b, 0x35, 0x7b, 0x35, 0x7b, 0x74, 0x5a, 0x74, 0x5a, 0x74, 0x5a,
  0x74, 0x5a, 0x74, 0x5a, 0x74, 0x5a, 0x74, 0x5a, 0x74, 0x5a, 0x74, 0x5a, 0x82, 0x10, 0x82, 0x10,
  0x82, 0x10, 0x00, 0x00, 0x00, 0x00, 0x00, 0x00, 0x00, 0x00, 0x00, 0x00, 0x00, 0x00, 0x00, 0x00,
  0x00, 0x00, 0x00, 0x00, 0x00, 0x00, 0x00, 0x00, 0x00, 0x00, 0x00, 0x00, 0x00, 0x00, 0x00, 0x00,
  0x82, 0x10, 0x82, 0x10, 0x82, 0x10, 0xb7, 0x9b, 0xb7, 0x9b, 0xb7, 0x9b, 0x49, 0x49, 0x49, 0x49,
  0x49, 0x49, 0x00, 0x00, 0x00, 0x00, 0x00, 0x00, 0x00, 0x00, 0x00, 0x00, 0x00, 0x00, 0x00, 0x00,
  0x00, 0x00, 0x00, 0x00, 0x00, 0x00, 0x00, 0x00, 0x00, 0x00, 0x00, 0x00, 0x00, 0x00, 0x00, 0x00,
  0x00, 0x00, 0x00, 0x00, 0x00, 0x00, 0x00, 0x00, 0x00, 0x00, 0x00, 0x00, 0x00, 0x00, 0x00, 0x00,
  0x00, 0x00, 0x00, 0x00, 0x00, 0x00, 0x00, 0x00, 0x00, 0x00, 0x00, 0x00, 0x00, 0x00, 0x00, 0x00,
  0x00, 0x00, 0x00, 0x00, 0x00, 0x00, 0x00, 0x00, 0x00, 0x00, 0x00, 0x00, 0x00, 0x00, 0x00, 0x00,
  0x00, 0x00, 0x00, 0x00, 0x00, 0x00, 0x00, 0x00, 0x00, 0x00, 0x00, 0x00, 0x00, 0x00, 0x00, 0x00,
  0x00, 0x00, 0x00, 0x00, 0x00, 0x00, 0x00, 0x00, 0x00, 0x00, 0x00, 0x00, 0x00, 0x00, 0x00, 0x00,
  0x00, 0x00, 0x00, 0x00, 0x00, 0x00, 0x00, 0x00, 0x00, 0x00, 0x00, 0x00, 0x00, 0x00, 0x00, 0x00,
  0x00, 0x00, 0x00, 0x00, 0x00, 0x00, 0x00, 0x00, 0x00, 0x00, 0x00, 0x00, 0x00, 0x00, 0x00, 0x00,
  0x00, 0x00, 0x00, 0x00, 0x00, 0x00, 0x00, 0x00, 0x00, 0x00, 0x00, 0x00, 0x00, 0x00, 0x00, 0x00,
  0x00, 0x00, 0x00, 0x00, 0x00, 0x00, 0x00, 0x00, 0x49, 0x49, 0x49, 0x49, 0x49, 0x49, 0xb7, 0x9b,
  0xb7, 0x9b, 0xb7, 0x9b, 0xb7, 0x9b, 0xb7, 0x9b, 0xb7, 0x9b, 0xb7, 0x9b, 0xb7, 0x9b, 0xb7, 0x9b,
  0xb7, 0x9b, 0xb7, 0x9b, 0xb7, 0x9b, 0x78, 0xbc, 0x78, 0xbc, 0x78, 0xbc, 0xb7, 0x9b, 0xb7, 0x9b,
  0xb7, 0x9b, 0x78, 0xbc, 0x78, 0xbc, 0x78, 0xbc, 0x49, 0x49, 0x49, 0x49, 0x49, 0x49, 0x49, 0x49,
  0x49, 0x49, 0x49, 0x49, 0xb7, 0x9b, 0xb7, 0x9b, 0xb7, 0x9b, 0xb7, 0x9b, 0xb7, 0x9b, 0xb7, 0x9b,
  0xb7, 0x9b, 0xb7, 0x9b, 0xb7, 0x9b, 0xb7, 0x9b, 0xb7, 0x9b, 0xb7, 0x9b, 0xb7, 0x9b, 0xb7, 0x9b,
  0xb7, 0x9b, 0xb7, 0x9b, 0xb7, 0x9b, 0xb7, 0x9b, 0xb7, 0x9b, 0xb7, 0x9b, 0xb7, 0x9b, 0xb7, 0x9b,
  0xb7, 0x9b, 0xb7, 0x9b, 0xb7, 0x9b, 0xb7, 0x9b, 0xb7, 0x9b, 0xb7, 0x9b, 0xb7, 0x9b, 0xb7, 0x9b,
  0xb7, 0x9b, 0xb7, 0x9b, 0xb7, 0x9b, 0xb7, 0x9b, 0xb7, 0x9b, 0xb7, 0x9b, 0xb7, 0x9b, 0xb7, 0x9b,
  0xb7, 0x9b, 0xb7, 0x9b, 0xb7, 0x9b, 0xb7, 0x9b, 0xb7, 0x9b, 0xb7, 0x9b, 0xb7, 0x9b, 0xb7, 0x9b,
  0xb7, 0x9b, 0xb7, 0x9b, 0xb7, 0x9b, 0xb7, 0x9b, 0xb7, 0x9b, 0xb7, 0x9b, 0xb7, 0x9b, 0xb7, 0x9b,
  0xb7, 0x9b, 0xb7, 0x9b, 0xb7, 0x9b, 0xb7, 0x9b, 0xb7, 0x9b, 0xb7, 0x9b, 0xb7, 0x9b, 0xb7, 0x9b,
  0xb7, 0x9b, 0xb7, 0x9b, 0xb7, 0x9b, 0xb7, 0x9b, 0xb7, 0x9b, 0xb7, 0x9b, 0xb7, 0x9b, 0xb7, 0x9b,
  0xb7, 0x9b, 0x74, 0x5a, 0x74, 0x5a, 0x74, 0x5a, 0x74, 0x5a, 0x74, 0x5a, 0x74, 0x5a, 0x74, 0x5a,
  0x74, 0x5a, 0x74, 0x5a, 0x82, 0x10, 0x82, 0x10, 0x82, 0x10, 0x49, 0x49, 0x49, 0x49, 0x49, 0x49,
  0x00, 0x00, 0x00, 0x00, 0x00, 0x00, 0x00, 0x00, 0x00, 0x00, 0x00, 0x00, 0x00, 0x00, 0x00, 0x00,
  0x00, 0x00, 0x82, 0x10, 0x82, 0x10, 0x82, 0x10, 0xb7, 0x9b, 0xb7, 0x9b, 0xb7, 0x9b, 0xb7, 0x9b,
  0xb7, 0x9b, 0xb7, 0x9b, 0x49, 0x49, 0x49, 0x49, 0x49, 0x49, 0x00, 0x00, 0x00, 0x00, 0x00, 0x00,
  0x49, 0x49, 0x49, 0x49, 0x49, 0x49, 0x49, 0x49, 0x49, 0x49, 0x49, 0x49, 0x00, 0x00, 0x00, 0x00,
  0x00, 0x00, 0x00, 0x00, 0x00, 0x00, 0x00, 0x00, 0x00, 0x00, 0x00, 0x00, 0x00, 0x00, 0x00, 0x00,
  0x00, 0x00, 0x00, 0x00, 0x00, 0x00, 0x00, 0x00, 0x00, 0x00, 0x00, 0x00, 0x00, 0x00, 0x00, 0x00,
  0x00, 0x00, 0x00, 0x00, 0x00, 0x00, 0x00, 0x00, 0x00, 0x00, 0x00, 0x00, 0x00, 0x00, 0x00, 0x00,
  0x00, 0x00, 0x00, 0x00, 0x00, 0x00, 0x00, 0x00, 0x00, 0x00, 0x00, 0x00, 0x00, 0x00, 0x00, 0x00,
  0x00, 0x00, 0x00, 0x00, 0x00, 0x00, 0x00, 0x00, 0x00, 0x00, 0x00, 0x00, 0x00, 0x00, 0x00, 0x00,
  0x00, 0x00, 0x00, 0x00, 0x00, 0x00, 0x00, 0x00, 0x00, 0x00, 0x00, 0x00, 0x00, 0x00, 0x00, 0x00,
  0x00, 0x00, 0x00, 0x00, 0x00, 0x00, 0x00, 0x00, 0x00, 0x00, 0x00, 0x00, 0x00, 0x00, 0x00, 0x00,
  0x00, 0x00, 0x00, 0x00, 0x00, 0x00, 0x00, 0x00, 0x00, 0x00, 0x00, 0x00, 0x00, 0x00, 0x00, 0x00,
  0x00, 0x00, 0x00, 0x00, 0x00, 0x00, 0x00, 0x00, 0x00, 0x00, 0x00, 0x00, 0x00, 0x00, 0x00, 0x00,
  0x49, 0x49, 0x49, 0x49, 0x49, 0x49, 0xb7, 0x9b, 0xb7, 0x9b, 0xb7, 0x9b, 0xb7, 0x9b, 0xb7, 0x9b,
  0xb7, 0x9b, 0xb7, 0x9b, 0xb7, 0x9b, 0xb7, 0x9b, 0xb7, 0x9b, 0xb7, 0x9b, 0xb7, 0x9b, 0x78, 0xbc,
  0x78, 0xbc, 0x78, 0xbc, 0xb7, 0x9b, 0xb7, 0x9b, 0xb7, 0x9b, 0x78, 0xbc, 0x78, 0xbc, 0x78, 0xbc,
  0x49, 0x49, 0x49, 0x49, 0x49, 0x49, 0x49, 0x49, 0x49, 0x49, 0x49, 0x49, 0xb7, 0x9b, 0xb7, 0x9b,
  0xb7, 0x9b, 0xb7, 0x9b, 0xb7, 0x9b, 0xb7, 0x9b, 0xb7, 0x9b, 0xb7, 0x9b, 0xb7, 0x9b, 0xb7, 0x9b,
  0xb7, 0x9b, 0xb7, 0x9b, 0xb7, 0x9b, 0xb7, 0x9b, 0xb7, 0x9b, 0xb7, 0x9b, 0xb7, 0x9b, 0xb7, 0x9b,
  0xb7, 0x9b, 0xb7, 0x9b, 0xb7, 0x9b, 0xb7, 0x9b, 0xb7, 0x9b, 0xb7, 0x9b, 0xb7, 0x9b, 0xb7, 0x9b,
  0xb7, 0x9b, 0xb7, 0x9b, 0xb7, 0x9b, 0xb7, 0x9b, 0xb7, 0x9b, 0xb7, 0x9b, 0xb7, 0x9b, 0xb7, 0x9b,
  0xb7, 0x9b, 0xb7, 0x9b, 0xb7, 0x9b, 0xb7, 0x9b, 0xb7, 0x9b, 0xb7, 0x9b, 0xb7, 0x9b, 0xb7, 0x9b,
  0xb7, 0x9b, 0xb7, 0x9b, 0xb7, 0x9b, 0xb7, 0x9b, 0xb7, 0x9b, 0xb7, 0x9b, 0xb7, 0x9b, 0xb7, 0x9b,
  0xb7, 0x9b, 0xb7, 0x9b, 0xb7, 0x9b, 0xb7, 0x9b, 0xb7, 0x9b, 0xb7, 0x9b, 0xb7, 0x9b, 0xb7, 0x9b,
  0xb7, 0x9b, 0xb7, 0x9b, 0xb7, 0x9b, 0xb7, 0x9b, 0xb7, 0x9b, 0xb7, 0x9b, 0xb7, 0x9b, 0xb7, 0x9b,
  0xb7, 0x9b, 0xb7, 0x9b, 0xb7, 0x9b, 0xb7, 0x9b, 0xb7, 0x9b, 0x74, 0x5a, 0x74, 0x5a, 0x74, 0x5a,
  0x74, 0x5a, 0x74, 0x5a, 0x74, 0x5a, 0x74, 0x5a, 0x74, 0x5a, 0x74, 0x5a, 0x82, 0x10, 0x82, 0x10,
  0x82, 0x10, 0x49, 0x49, 0x49, 0x49, 0x49, 0x49, 0x00, 0x00, 0x00, 0x00, 0x00, 0x00, 0x00, 0x00,
  0x00, 0x00, 0x00, 0x00, 0x00, 0x00, 0x00, 0x00, 0x00, 0x00, 0x82, 0x10, 0x82, 0x10, 0x82, 0x10,
  0xb7, 0x9b, 0xb7, 0x9b, 0xb7, 0x9b, 0xb7, 0x9b, 0xb7, 0x9b, 0xb7, 0x9b, 0x49, 0x49, 0x49, 0x49,
  0x49, 0x49, 0x00, 0x00, 0x00, 0x00, 0x00, 0x00, 0x49, 0x49, 0x49, 0x49, 0x49, 0x49, 0x49, 0x49,
  0x49, 0x49, 0x49, 0x49, 0x00, 0x00, 0x00, 0x00, 0x00, 0x00, 0x00, 0x00, 0x00, 0x00, 0x00, 0x00,
  0x00, 0x00, 0x00, 0x00, 0x00, 0x00, 0x00, 0x00, 0x00, 0x00, 0x00, 0x00, 0x00, 0x00, 0x00, 0x00,
  0x00, 0x00, 0x00, 0x00, 0x00, 0x00, 0x00, 0x00, 0x00, 0x00, 0x00, 0x00, 0x00, 0x00, 0x00, 0x00,
  0x00, 0x00, 0x00, 0x00, 0x00, 0x00, 0x00, 0x00, 0x00, 0x00, 0x00, 0x00, 0x00, 0x00, 0x00, 0x00,
  0x00, 0x00, 0x00, 0x00, 0x00, 0x00, 0x00, 0x00, 0x00, 0x00, 0x00, 0x00, 0x00, 0x00, 0x00, 0x00,
  0x00, 0x00, 0x00, 0x00, 0x00, 0x00, 0x00, 0x00, 0x00, 0x00, 0x00, 0x00, 0x00, 0x00, 0x00, 0x00,
  0x00, 0x00, 0x00, 0x00, 0x00, 0x00, 0x00, 0x00, 0x00, 0x00, 0x00, 0x00, 0x00, 0x00, 0x00, 0x00,
  0x00, 0x00, 0x00, 0x00, 0x00, 0x00, 0x00, 0x00, 0x00, 0x00, 0x00, 0x00, 0x00, 0x00, 0x00, 0x00,
  0x00, 0x00, 0x00, 0x00, 0x00, 0x00, 0x00, 0x00, 0x00, 0x00, 0x00, 0x00, 0x00, 0x00, 0x00, 0x00,
  0x00, 0x00, 0x00, 0x00, 0x00, 0x00, 0x00, 0x00, 0x49, 0x49, 0x49, 0x49, 0x49, 0x49, 0xb7, 0x9b,
  0xb7, 0x9b, 0xb7, 0x9b, 0xb7, 0x9b, 0xb7, 0x9b, 0xb7, 0x9b, 0xb7, 0x9b, 0xb7, 0x9b, 0xb7, 0x9b,
  0xb7, 0x9b, 0xb7, 0x9b, 0xb7, 0x9b, 0x78, 0xbc, 0x78, 0xbc, 0x78, 0xbc, 0xb7, 0x9b, 0xb7, 0x9b,
  0xb7, 0x9b, 0x78, 0xbc, 0x78, 0xbc, 0x78, 0xbc, 0x49, 0x49, 0x49, 0x49, 0x49, 0x49, 0x49, 0x49,
  0x49, 0x49, 0x49, 0x49, 0xb7, 0x9b, 0xb7, 0x9b, 0xb7, 0x9b, 0xb7, 0x9b, 0xb7, 0x9b, 0xb7, 0x9b,
  0xb7, 0x9b, 0xb7, 0x9b, 0xb7, 0x9b, 0xb7, 0x9b, 0xb7, 0x9b, 0xb7, 0x9b, 0xb7, 0x9b, 0xb7, 0x9b,
  0xb7, 0x9b, 0xb7, 0x9b, 0xb7, 0x9b, 0xb7, 0x9b, 0xb7, 0x9b, 0xb7, 0x9b, 0xb7, 0x9b, 0xb7, 0x9b,
  0xb7, 0x9b, 0xb7, 0x9b, 0xb7, 0x9b, 0xb7, 0x9b, 0xb7, 0x9b, 0xb7, 0x9b, 0xb7, 0x9b, 0xb7, 0x9b,
  0xb7, 0x9b, 0xb7, 0x9b, 0xb7, 0x9b, 0xb7, 0x9b, 0xb7, 0x9b, 0xb7, 0x9b, 0xb7, 0x9b, 0xb7, 0x9b,
  0xb7, 0x9b, 0xb7, 0x9b, 0xb7, 0x9b, 0xb7, 0x9b, 0xb7, 0x9b, 0xb7, 0x9b, 0xb7, 0x9b, 0xb7, 0x9b,
  0xb7, 0x9b, 0xb7, 0x9b, 0xb7, 0x9b, 0xb7, 0x9b, 0xb7, 0x9b, 0xb7, 0x9b, 0xb7, 0x9b, 0xb7, 0x9b,
  0xb7, 0x9b, 0xb7, 0x9b, 0xb7, 0x9b, 0xb7, 0x9b, 0xb7, 0x9b, 0xb7, 0x9b, 0xb7, 0x9b, 0xb7, 0x9b,
  0xb7, 0x9b, 0xb7, 0x9b, 0xb7, 0x9b, 0xb7, 0x9b, 0xb7, 0x9b, 0xb7, 0x9b, 0xb7, 0x9b, 0xb7, 0x9b,
  0xb7, 0x9b, 0x74, 0x5a, 0x74, 0x5a, 0x74, 0x5a, 0x74, 0x5a, 0x74, 0x5a, 0x74, 0x5a, 0x74, 0x5a,
  0x74, 0x5a, 0x74, 0x5a, 0x82, 0x10, 0x82, 0x10, 0x82, 0x10, 0x49, 0x49, 0x49, 0x49, 0x49, 0x49,
  0x00, 0x00, 0x00, 0x00, 0x00, 0x00, 0x00, 0x00, 0x00, 0x00, 0x00, 0x00, 0x00, 0x00, 0x00, 0x00,
  0x00, 0x00, 0x82, 0x10, 0x82, 0x10, 0x82, 0x10, 0xb7, 0x9b, 0xb7, 0x9b, 0xb7, 0x9b, 0xb7, 0x9b,
  0xb7, 0x9b, 0xb7, 0x9b, 0x49, 0x49, 0x49, 0x49, 0x49, 0x49, 0x00, 0x00, 0x00, 0x00, 0x00, 0x00,
  0x49, 0x49, 0x49, 0x49, 0x49, 0x49, 0x49, 0x49, 0x49, 0x49, 0x49, 0x49, 0x00, 0x00, 0x00, 0x00,
  0x00, 0x00, 0x00, 0x00, 0x00, 0x00, 0x00, 0x00, 0x00, 0x00, 0x00, 0x00, 0x00, 0x00, 0x00, 0x00,
  0x00, 0x00, 0x00, 0x00, 0x00, 0x00, 0x00, 0x00, 0x00, 0x00, 0x00, 0x00, 0x00, 0x00, 0x00, 0x00,
  0x00, 0x00, 0x00, 0x00, 0x00, 0x00, 0x00, 0x00, 0x00, 0x00, 0x00, 0x00, 0x00, 0x00, 0x00, 0x00,
  0x00, 0x00, 0x00, 0x00, 0x00, 0x00, 0x00, 0x00, 0x00, 0x00, 0x00, 0x00, 0x00, 0x00, 0x00, 0x00,
  0x00, 0x00, 0x00, 0x00, 0x00, 0x00, 0x00, 0x00, 0x00, 0x00, 0x00, 0x00, 0x00, 0x00, 0x00, 0x00,
  0x00, 0x00, 0x00, 0x00, 0x00, 0x00, 0x00, 0x00, 0x00, 0x00, 0x00, 0x00, 0x00, 0x00, 0x00, 0x00,
  0x00, 0x00, 0x00, 0x00, 0x00, 0x00, 0x00, 0x00, 0x00, 0x00, 0x00, 0x00, 0x00, 0x00, 0x00, 0x00,
  0x00, 0x00, 0x00, 0x00, 0x00, 0x00, 0x00, 0x00, 0x00, 0x00, 0x00, 0x00, 0x00, 0x00, 0x00, 0x00,
  0x00, 0x00, 0x00, 0x00, 0x00, 0x00, 0x00, 0x00, 0x00, 0x00, 0x00, 0x00, 0x00, 0x00, 0x00, 0x00,
  0x00, 0x00, 0x00, 0x00, 0x00, 0x00, 0x49, 0x49, 0x49, 0x49, 0x49, 0x49, 0x49, 0x49, 0x49, 0x49,
  0x49, 0x49, 0xb7, 0x9b, 0xb7, 0x9b, 0xb7, 0x9b, 0xb7, 0x9b, 0xb7, 0x9b, 0xb7, 0x9b, 0xb7, 0x9b,
  0xb7, 0x9b, 0xb7, 0x9b, 0x78, 0xbc, 0x78, 0xbc, 0x78, 0xbc, 0xb7, 0x9b, 0xb7, 0x9b, 0xb7, 0x9b,
  0x78, 0xbc, 0x78, 0xbc, 0x78, 0xbc, 0xb7, 0x9b, 0xb7, 0x9b, 0xb7, 0x9b, 0xb7, 0x9b, 0xb7, 0x9b,
  0xb7, 0x9b, 0x78, 0xbc, 0x78, 0xbc, 0x78, 0xbc, 0x78, 0xbc, 0x78, 0xbc, 0x78, 0xbc, 0x78, 0xbc,
  0x78, 0xbc, 0x78, 0xbc, 0x78, 0xbc, 0x78, 0xbc, 0x78, 0xbc, 0x78, 0xbc, 0x78, 0xbc, 0x78, 0xbc,
  0xb7, 0x9b, 0xb7, 0x9b, 0xb7, 0x9b, 0x78, 0xbc, 0x78, 0xbc, 0x78, 0xbc, 0x78, 0xbc, 0x78, 0xbc,
  0x78, 0xbc, 0xb7, 0x9b, 0xb7, 0x9b, 0xb7, 0x9b, 0xb7, 0x9b, 0xb7, 0x9b, 0xb7, 0x9b, 0xb7, 0x9b,
  0xb7, 0x9b, 0xb7, 0x9b, 0xb7, 0x9b, 0xb7, 0x9b, 0xb7, 0x9b, 0xb7, 0x9b, 0xb7, 0x9b, 0xb7, 0x9b,
  0xb7, 0x9b, 0xb7, 0x9b, 0xb7, 0x9b, 0xb7, 0x9b, 0xb7, 0x9b, 0xb7, 0x9b, 0xb7, 0x9b, 0xb7, 0x9b,
  0xb7, 0x9b, 0xb7, 0x9b, 0xb7, 0x9b, 0xb7, 0x9b, 0xb7, 0x9b, 0xb7, 0x9b, 0xb7, 0x9b, 0xb7, 0x9b,
  0xb7, 0x9b, 0xb7, 0x9b, 0xb7, 0x9b, 0xb7, 0x9b, 0xb7, 0x9b, 0xb7, 0x9b, 0xb7, 0x9b, 0xb7, 0x9b,
  0xb7, 0x9b, 0xb7, 0x9b, 0x35, 0x7b, 0x35, 0x7b, 0x35, 0x7b, 0x74, 0x5a, 0x74, 0x5a, 0x74, 0x5a,
  0x74, 0x5a, 0x74, 0x5a, 0x74, 0x5a, 0x74, 0x5a, 0x74, 0x5a, 0x74, 0x5a, 0x82, 0x10, 0x82, 0x10,
  0x82, 0x10, 0x00, 0x00, 0x00, 0x00, 0x00, 0x00, 0x00, 0x00, 0x00, 0x00, 0x00, 0x00, 0x00, 0x00,
  0x00, 0x00, 0x00, 0x00, 0x82, 0x10, 0x82, 0x10, 0x82, 0x10, 0x78, 0xbc, 0x78, 0xbc, 0x78, 0xbc,
  0xb7, 0x9b, 0xb7, 0x9b, 0xb7, 0x9b, 0xb7, 0x9b, 0xb7, 0x9b, 0xb7, 0x9b, 0xb7, 0x9b, 0xb7, 0x9b,
  0xb7, 0x9b, 0x49, 0x49, 0x49, 0x49, 0x49, 0x49, 0xb7, 0x9b, 0xb7, 0x9b, 0xb7, 0x9b, 0x82, 0x10,
  0x82, 0x10, 0x82, 0x10, 0x00, 0x00, 0x00, 0x00, 0x00, 0x00, 0x00, 0x00, 0x00, 0x00, 0x00, 0x00,
  0x00, 0x00, 0x00, 0x00, 0x00, 0x00, 0x00, 0x00, 0x00, 0x00, 0x00, 0x00, 0x00, 0x00, 0x00, 0x00,
  0x00, 0x00, 0x00, 0x00, 0x00, 0x00, 0x00, 0x00, 0x00, 0x00, 0x00, 0x00, 0x00, 0x00, 0x00, 0x00,
  0x00, 0x00, 0x00, 0x00, 0x00, 0x00, 0x00, 0x00, 0x00, 0x00, 0x00, 0x00, 0x00, 0x00, 0x00, 0x00,
  0x00, 0x00, 0x00, 0x00, 0x00, 0x00, 0x00, 0x00, 0x00, 0x00, 0x00, 0x00, 0x00, 0x00, 0x00, 0x00,
  0x00, 0x00, 0x00, 0x00, 0x00, 0x00, 0x00, 0x00, 0x00, 0x00, 0x00, 0x00, 0x00, 0x00, 0x00, 0x00,
  0x00, 0x00, 0x00, 0x00, 0x00, 0x00, 0x00, 0x00, 0x00, 0x00, 0x00, 0x00, 0x00, 0x00, 0x00, 0x00,
  0x00, 0x00, 0x00, 0x00, 0x00, 0x00, 0x00, 0x00, 0x00, 0x00, 0x00, 0x00, 0x00, 0x00, 0x00, 0x00,
  0x00, 0x00, 0x00, 0x00, 0x00, 0x00, 0x00, 0x00, 0x00, 0x00, 0x00, 0x00, 0x00, 0x00, 0x00, 0x00,
  0x00, 0x00, 0x00, 0x00, 0x00, 0x00, 0x00, 0x00, 0x00, 0x00, 0x00, 0x00, 0x00, 0x00, 0x49, 0x49,
  0x49, 0x49, 0x49, 0x49, 0x49, 0x49, 0x49, 0x49, 0x49, 0x49, 0xb7, 0x9b, 0xb7, 0x9b, 0xb7, 0x9b,
  0xb7, 0x9b, 0xb7, 0x9b, 0xb7, 0x9b, 0xb7, 0x9b, 0xb7, 0x9b, 0xb7, 0x9b, 0x78, 0xbc, 0x78, 0xbc,
  0x78, 0xbc, 0xb7, 0x9b, 0xb7, 0x9b, 0xb7, 0x9b, 0x78, 0xbc, 0x78, 0xbc, 0x78, 0xbc, 0xb7, 0x9b,
  0xb7, 0x9b, 0xb7, 0x9b, 0xb7, 0x9b, 0xb7, 0x9b, 0xb7, 0x9b, 0x78, 0xbc, 0x78, 0xbc, 0x78, 0xbc,
  0x78, 0xbc, 0x78, 0xbc, 0x78, 0xbc, 0x78, 0xbc, 0x78, 0xbc, 0x78, 0xbc, 0x78, 0xbc, 0x78, 0xbc,
  0x78, 0xbc, 0x78, 0xbc, 0x78, 0xbc, 0x78, 0xbc, 0xb7, 0x9b, 0xb7, 0x9b, 0xb7, 0x9b, 0x78, 0xbc,
  0x78, 0xbc, 0x78, 0xbc, 0x78, 0xbc, 0x78, 0xbc, 0x78, 0xbc, 0xb7, 0x9b, 0xb7, 0x9b, 0xb7, 0x9b,
  0xb7, 0x9b, 0xb7, 0x9b, 0xb7, 0x9b, 0xb7, 0x9b, 0xb7, 0x9b, 0xb7, 0x9b, 0xb7, 0x9b, 0xb7, 0x9b,
  0xb7, 0x9b, 0xb7, 0x9b, 0xb7, 0x9b, 0xb7, 0x9b, 0xb7, 0x9b, 0xb7, 0x9b, 0xb7, 0x9b, 0xb7, 0x9b,
  0xb7, 0x9b, 0xb7, 0x9b, 0xb7, 0x9b, 0xb7, 0x9b, 0xb7, 0x9b, 0xb7, 0x9b, 0xb7, 0x9b, 0xb7, 0x9b,
  0xb7, 0x9b, 0xb7, 0x9b, 0xb7, 0x9b, 0xb7, 0x9b, 0xb7, 0x9b, 0xb7, 0x9b, 0xb7, 0x9b, 0xb7, 0x9b,
  0xb7, 0x9b, 0xb7, 0x9b, 0xb7, 0x9b, 0xb7, 0x9b, 0xb7, 0x9b, 0xb7, 0x9b, 0x35, 0x7b, 0x35, 0x7b,
  0x35, 0x7b, 0x74, 0x5a, 0x74, 0x5a, 0x74, 0x5a, 0x74, 0x5a, 0x74, 0x5a, 0x74, 0x5a, 0x74, 0x5a,
  0x74, 0x5a, 0x74, 0x5a, 0x82, 0x10, 0x82, 0x10, 0x82, 0x10, 0x00, 0x00, 0x00, 0x00, 0x00, 0x00,
  0x00, 0x00, 0x00, 0x00, 0x00, 0x00, 0x00, 0x00, 0x00, 0x00, 0x00, 0x00, 0x82, 0x10, 0x82, 0x10,
  0x82, 0x10, 0x78, 0xbc, 0x78, 0xbc, 0x78, 0xbc, 0xb7, 0x9b, 0xb7, 0x9b, 0xb7, 0x9b, 0xb7, 0x9b,
  0xb7, 0x9b, 0xb7, 0x9b, 0xb7, 0x9b, 0xb7, 0x9b, 0xb7, 0x9b, 0x49, 0x49, 0x49, 0x49, 0x49, 0x49,
  0xb7, 0x9b, 0xb7, 0x9b, 0xb7, 0x9b, 0x82, 0x10, 0x82, 0x10, 0x82, 0x10, 0x00, 0x00, 0x00, 0x00,
  0x00, 0x00, 0x00, 0x00, 0x00, 0x00, 0x00, 0x00, 0x00, 0x00, 0x00, 0x00, 0x00, 0x00, 0x00, 0x00,
  0x00, 0x00, 0x00, 0x00, 0x00, 0x00, 0x00, 0x00, 0x00, 0x00, 0x00, 0x00, 0x00, 0x00, 0x00, 0x00,
  0x00, 0x00, 0x00, 0x00, 0x00, 0x00, 0x00, 0x00, 0x00, 0x00, 0x00, 0x00, 0x00, 0x00, 0x00, 0x00,
  0x00, 0x00, 0x00, 0x00, 0x00, 0x00, 0x00, 0x00, 0x00, 0x00, 0x00, 0x00, 0x00, 0x00, 0x00, 0x00,
  0x00, 0x00, 0x00, 0x00, 0x00, 0x00, 0x00, 0x00, 0x00, 0x00, 0x00, 0x00, 0x00, 0x00, 0x00, 0x00,
  0x00, 0x00, 0x00, 0x00, 0x00, 0x00, 0x00, 0x00, 0x00, 0x00, 0x00, 0x00, 0x00, 0x00, 0x00, 0x00,
  0x00, 0x00, 0x00, 0x00, 0x00, 0x00, 0x00, 0x00, 0x00, 0x00, 0x00, 0x00, 0x00, 0x00, 0x00, 0x00,
  0x00, 0x00, 0x00, 0x00, 0x00, 0x00, 0x00, 0x00, 0x00, 0x00, 0x00, 0x00, 0x00, 0x00, 0x00, 0x00,
  0x00, 0x00, 0x00, 0x00, 0x00, 0x00, 0x00, 0x00, 0x00, 0x00, 0x00, 0x00, 0x00, 0x00, 0x00, 0x00,
  0x00, 0x00, 0x00, 0x00, 0x00, 0x00, 0x49, 0x49, 0x49, 0x49, 0x49, 0x49, 0x49, 0x49, 0x49, 0x49,
  0x49, 0x49, 0xb7, 0x9b, 0xb7, 0x9b, 0xb7, 0x9b, 0xb7, 0x9b, 0xb7, 0x9b, 0xb7, 0x9b, 0xb7, 0x9b,
  0xb7, 0x9b, 0xb7, 0x9b, 0x78, 0xbc, 0x78, 0xbc, 0x78, 0xbc, 0xb7, 0x9b, 0xb7, 0x9b, 0xb7, 0x9b,
  0x78, 0xbc, 0x78, 0xbc, 0x78, 0xbc, 0xb7, 0x9b, 0xb7, 0x9b, 0xb7, 0x9b, 0xb7, 0x9b, 0xb7, 0x9b,
  0xb7, 0x9b, 0x78, 0xbc, 0x78, 0xbc, 0x78, 0xbc, 0x78, 0xbc, 0x78, 0xbc, 0x78, 0xbc, 0x78, 0xbc,
  0x78, 0xbc, 0x78, 0xbc, 0x78, 0xbc, 0x78, 0xbc, 0x78, 0xbc, 0x78, 0xbc, 0x78, 0xbc, 0x78, 0xbc,
  0xb7, 0x9b, 0xb7, 0x9b, 0xb7, 0x9b, 0x78, 0xbc, 0x78, 0xbc, 0x78, 0xbc, 0x78, 0xbc, 0x78, 0xbc,
  0x78, 0xbc, 0xb7, 0x9b, 0xb7, 0x9b, 0xb7, 0x9b, 0xb7, 0x9b, 0xb7, 0x9b, 0xb7, 0x9b, 0xb7, 0x9b,
  0xb7, 0x9b, 0xb7, 0x9b, 0xb7, 0x9b, 0xb7, 0x9b, 0xb7, 0x9b, 0xb7, 0x9b, 0xb7, 0x9b, 0xb7, 0x9b,
  0xb7, 0x9b, 0xb7, 0x9b, 0xb7, 0x9b, 0xb7, 0x9b, 0xb7, 0x9b, 0xb7, 0x9b, 0xb7, 0x9b, 0xb7, 0x9b,
  0xb7, 0x9b, 0xb7, 0x9b, 0xb7, 0x9b, 0xb7, 0x9b, 0xb7, 0x9b, 0xb7, 0x9b, 0xb7, 0x9b, 0xb7, 0x9b,
  0xb7, 0x9b, 0xb7, 0x9b, 0xb7, 0x9b, 0xb7, 0x9b, 0xb7, 0x9b, 0xb7, 0x9b, 0xb7, 0x9b, 0xb7, 0x9b,
  0xb7, 0x9b, 0xb7, 0x9b, 0x35, 0x7b, 0x35, 0x7b, 0x35, 0x7b, 0x74, 0x5a, 0x74, 0x5a, 0x74, 0x5a,
  0x74, 0x5a, 0x74, 0x5a, 0x74, 0x5a, 0x74, 0x5a, 0x74, 0x5a, 0x74, 0x5a, 0x82, 0x10, 0x82, 0x10,
  0x82, 0x10, 0x00, 0x00, 0x00, 0x00, 0x00, 0x00, 0x00, 0x00, 0x00, 0x00, 0x00, 0x00, 0x00, 0x00,
  0x00, 0x00, 0x00, 0x00, 0x82, 0x10, 0x82, 0x10, 0x82, 0x10, 0x78, 0xbc, 0x78, 0xbc, 0x78, 0xbc,
  0xb7, 0x9b, 0xb7, 0x9b, 0xb7, 0x9b, 0xb7, 0x9b, 0xb7, 0x9b, 0xb7, 0x9b, 0xb7, 0x9b, 0xb7, 0x9b,
  0xb7, 0x9b, 0x49, 0x49, 0x49, 0x49, 0x49, 0x49, 0xb7, 0x9b, 0xb7, 0x9b, 0xb7, 0x9b, 0x82, 0x10,
  0x82, 0x10, 0x82, 0x10, 0x00, 0x00, 0x00, 0x00, 0x00, 0x00, 0x00, 0x00, 0x00, 0x00, 0x00, 0x00,
  0x00, 0x00, 0x00, 0x00, 0x00, 0x00, 0x00, 0x00, 0x00, 0x00, 0x00, 0x00, 0x00, 0x00, 0x00, 0x00,
  0x00, 0x00, 0x00, 0x00, 0x00, 0x00, 0x00, 0x00, 0x00, 0x00, 0x00, 0x00, 0x00, 0x00, 0x00, 0x00,
  0x00, 0x00, 0x00, 0x00, 0x00, 0x00, 0x00, 0x00, 0x00, 0x00, 0x00, 0x00, 0x00, 0x00, 0x00, 0x00,
  0x00, 0x00, 0x00, 0x00, 0x00, 0x00, 0x00, 0x00, 0x00, 0x00, 0x00, 0x00, 0x00, 0x00, 0x00, 0x00,
  0x00, 0x00, 0x00, 0x00, 0x00, 0x00, 0x00, 0x00, 0x00, 0x00, 0x00, 0x00, 0x00, 0x00, 0x00, 0x00,
  0x00, 0x00, 0x00, 0x00, 0x00, 0x00, 0x00, 0x00, 0x00, 0x00, 0x00, 0x00, 0x00, 0x00, 0x00, 0x00,
  0x00, 0x00, 0x00, 0x00, 0x00, 0x00, 0x00, 0x00, 0x00, 0x00, 0x00, 0x00, 0x00, 0x00, 0x00, 0x00,
  0x00, 0x00, 0x00, 0x00, 0x00, 0x00, 0x00, 0x00, 0x00, 0x00, 0x00, 0x00, 0x00, 0x00, 0x00, 0x00,
  0x00, 0x00, 0x00, 0x00, 0x00, 0x00, 0x00, 0x00, 0x00, 0x00, 0x00, 0x00, 0x00, 0x00, 0x00, 0x00,
  0x00, 0x00, 0x00, 0x00, 0x49, 0x49, 0x49, 0x49, 0x49, 0x49, 0x49, 0x49, 0x49, 0x49, 0x49, 0x49,
  0xb7, 0x9b, 0xb7, 0x9b, 0xb7, 0x9b, 0xb7, 0x9b, 0xb7, 0x9b, 0xb7, 0x9b, 0xb7, 0x9b, 0xb7, 0x9b,
  0xb7, 0x9b, 0xb7, 0x9b, 0xb7, 0x9b, 0xb7, 0x9b, 0x74, 0x5a, 0x74, 0x5a, 0x74, 0x5a, 0x78, 0xbc,
  0x78, 0xbc, 0x78, 0xbc, 0x78, 0xbc, 0x78, 0xbc, 0x78, 0xbc, 0x78, 0xbc, 0x78, 0xbc, 0x78, 0xbc,
  0x78, 0xbc, 0x78, 0xbc, 0x78, 0xbc, 0x78, 0xbc, 0x78, 0xbc, 0x78, 0xbc, 0x78, 0xbc, 0x78, 0xbc,
  0x78, 0xbc, 0xb7, 0x9b, 0xb7, 0x9b, 0xb7, 0x9b, 0x78, 0xbc, 0x78, 0xbc, 0x78, 0xbc, 0xb7, 0x9b,
  0xb7, 0x9b, 0xb7, 0x9b, 0xb7, 0x9b, 0xb7, 0x9b, 0xb7, 0x9b, 0xb7, 0x9b, 0xb7, 0x9b, 0xb7, 0x9b,
  0xb7, 0x9b, 0xb7, 0x9b, 0xb7, 0x9b, 0xb7, 0x9b, 0xb7, 0x9b, 0xb7, 0x9b, 0xb7, 0x9b, 0xb7, 0x9b,
  0xb7, 0x9b, 0xb7, 0x9b, 0xb7, 0x9b, 0xb7, 0x9b, 0xb7, 0x9b, 0xb7, 0x9b, 0xb7, 0x9b, 0xb7, 0x9b,
  0xb7, 0x9b, 0xb7, 0x9b, 0xb7, 0x9b, 0xb7, 0x9b, 0xb7, 0x9b, 0xb7, 0x9b, 0xb7, 0x9b, 0xb7, 0x9b,
  0xb7, 0x9b, 0xb7, 0x9b, 0xb7, 0x9b, 0xb7, 0x9b, 0xb7, 0x9b, 0xb7, 0x9b, 0xb7, 0x9b, 0xb7, 0x9b,
  0xb7, 0x9b, 0xb7, 0x9b, 0xb7, 0x9b, 0xb7, 0x9b, 0xb7, 0x9b, 0xb7, 0x9b, 0x74, 0x5a, 0x74, 0x5a,
  0x74, 0x5a, 0x74, 0x5a, 0x74, 0x5a, 0x74, 0x5a, 0x74, 0x5a, 0x74, 0x5a, 0x74, 0x5a, 0x74, 0x5a,
  0x74, 0x5a, 0x74, 0x5a, 0x00, 0x00, 0x00, 0x00, 0x00, 0x00, 0x00, 0x00, 0x00, 0x00, 0x00, 0x00,
  0x82, 0x10, 0x82, 0x10, 0x82, 0x10, 0x82, 0x10, 0x82, 0x10, 0x82, 0x10, 0x78, 0xbc, 0x78, 0xbc,
  0x78, 0xbc, 0x78, 0xbc, 0x78, 0xbc, 0x78, 0xbc, 0x49, 0x49, 0x49, 0x49, 0x49, 0x49, 0xb7, 0x9b,
  0xb7, 0x9b, 0xb7, 0x9b, 0xb7, 0x9b, 0xb7, 0x9b, 0xb7, 0x9b, 0xb7, 0x9b, 0xb7, 0x9b, 0xb7, 0x9b,
  0x82, 0x10, 0x82, 0x10, 0x82, 0x10, 0x00, 0x00, 0x00, 0x00, 0x00, 0x00, 0x00, 0x00, 0x00, 0x00,
  0x00, 0x00, 0x00, 0x00, 0x00, 0x00, 0x00, 0x00, 0x00, 0x00, 0x00, 0x00, 0x00, 0x00, 0x00, 0x00,
  0x00, 0x00, 0x00, 0x00, 0x00, 0x00, 0x00, 0x00, 0x00, 0x00, 0x00, 0x00, 0x00, 0x00, 0x00, 0x00,
  0x00, 0x00, 0x00, 0x00, 0x00, 0x00, 0x00, 0x00, 0x00, 0x00, 0x00, 0x00, 0x00, 0x00, 0x00, 0x00,
  0x00, 0x00, 0x00, 0x00, 0x00, 0x00, 0x00, 0x00, 0x00, 0x00, 0x00, 0x00, 0x00, 0x00, 0x00, 0x00,
  0x00, 0x00, 0x00, 0x00, 0x00, 0x00, 0x00, 0x00, 0x00, 0x00, 0x00, 0x00, 0x00, 0x00, 0x00, 0x00,
  0x00, 0x00, 0x00, 0x00, 0x00, 0x00, 0x00, 0x00, 0x00, 0x00, 0x00, 0x00, 0x00, 0x00, 0x00, 0x00,
  0x00, 0x00, 0x00, 0x00, 0x00, 0x00, 0x00, 0x00, 0x00, 0x00, 0x00, 0x00, 0x00, 0x00, 0x00, 0x00,
  0x00, 0x00, 0x00, 0x00, 0x00, 0x00, 0x00, 0x00, 0x00, 0x00, 0x00, 0x00, 0x00, 0x00, 0x00, 0x00,
  0x00, 0x00, 0x00, 0x00, 0x00, 0x00, 0x00, 0x00, 0x00, 0x00, 0x00, 0x00, 0x00, 0x00, 0x00, 0x00,
  0x00, 0x00, 0x00, 0x00, 0x00, 0x00, 0x00, 0x00, 0x00, 0x00, 0x00, 0x00, 0x49, 0x49, 0x49, 0x49,
  0x49, 0x49, 0x49, 0x49, 0x49, 0x49, 0x49, 0x49, 0xb7, 0x9b, 0xb7, 0x9b, 0xb7, 0x9b, 0xb7, 0x9b,
  0xb7, 0x9b, 0xb7, 0x9b, 0xb7, 0x9b, 0xb7, 0x9b, 0xb7, 0x9b, 0xb7, 0x9b, 0xb7, 0x9b, 0xb7, 0x9b,
  0x74, 0x5a, 0x74, 0x5a, 0x74, 0x5a, 0x78, 0xbc, 0x78, 0xbc, 0x78, 0xbc, 0x78, 0xbc, 0x78, 0xbc,
  0x78, 0xbc, 0x78, 0xbc, 0x78, 0xbc, 0x78, 0xbc, 0x78, 0xbc, 0x78, 0xbc, 0x78, 0xbc, 0x78, 0xbc,
  0x78, 0xbc, 0x78, 0xbc, 0x78, 0xbc, 0x78, 0xbc, 0x78, 0xbc, 0xb7, 0x9b, 0xb7, 0x9b, 0xb7, 0x9b,
  0x78, 0xbc, 0x78, 0xbc, 0x78, 0xbc, 0xb7, 0x9b, 0xb7, 0x9b, 0xb7, 0x9b, 0xb7, 0x9b, 0xb7, 0x9b,
  0xb7, 0x9b, 0xb7, 0x9b, 0xb7, 0x9b, 0xb7, 0x9b, 0xb7, 0x9b, 0xb7, 0x9b, 0xb7, 0x9b, 0xb7, 0x9b,
  0xb7, 0x9b, 0xb7, 0x9b, 0xb7, 0x9b, 0xb7, 0x9b, 0xb7, 0x9b, 0xb7, 0x9b, 0xb7, 0x9b, 0xb7, 0x9b,
  0xb7, 0x9b, 0xb7, 0x9b, 0xb7, 0x9b, 0xb7, 0x9b, 0xb7, 0x9b, 0xb7, 0x9b, 0xb7, 0x9b, 0xb7, 0x9b,
  0xb7, 0x9b, 0xb7, 0x9b, 0xb7, 0x9b, 0xb7, 0x9b, 0xb7, 0x9b, 0xb7, 0x9b, 0xb7, 0x9b, 0xb7, 0x9b,
  0xb7, 0x9b, 0xb7, 0x9b, 0xb7, 0x9b, 0xb7, 0x9b, 0xb7, 0x9b, 0xb7, 0x9b, 0xb7, 0x9b, 0xb7, 0x9b,
  0xb7, 0x9b, 0xb7, 0x9b, 0x74, 0x5a, 0x74, 0x5a, 0x74, 0x5a, 0x74, 0x5a, 0x74, 0x5a, 0x74, 0x5a,
  0x74, 0x5a, 0x74, 0x5a, 0x74, 0x5a, 0x74, 0x5a, 0x74, 0x5a, 0x74, 0x5a, 0x00, 0x00, 0x00, 0x00,
  0x00, 0x00, 0x00, 0x00, 0x00, 0x00, 0x00, 0x00, 0x82, 0x10, 0x82, 0x10, 0x82, 0x10, 0x82, 0x10,
  0x82, 0x10, 0x82, 0x10, 0x78, 0xbc, 0x78, 0xbc, 0x78, 0xbc, 0x78, 0xbc, 0x78, 0xbc, 0x78, 0xbc,
  0x49, 0x49, 0x49, 0x49, 0x49, 0x49, 0xb7, 0x9b, 0xb7, 0x9b, 0xb7, 0x9b, 0xb7, 0x9b, 0xb7, 0x9b,
  0xb7, 0x9b, 0xb7, 0x9b, 0xb7, 0x9b, 0xb7, 0x9b, 0x82, 0x10, 0x82, 0x10, 0x82, 0x10, 0x00, 0x00,
  0x00, 0x00, 0x00, 0x00, 0x00, 0x00, 0x00, 0x00, 0x00, 0x00, 0x00, 0x00, 0x00, 0x00, 0x00, 0x00,
  0x00, 0x00, 0x00, 0x00, 0x00, 0x00, 0x00, 0x00, 0x00, 0x00, 0x00, 0x00, 0x00, 0x00, 0x00, 0x00,
  0x00, 0x00, 0x00, 0x00, 0x00, 0x00, 0x00, 0x00, 0x00, 0x00, 0x00, 0x00, 0x00, 0x00, 0x00, 0x00,
  0x00, 0x00, 0x00, 0x00, 0x00, 0x00, 0x00, 0x00, 0x00, 0x00, 0x00, 0x00, 0x00, 0x00, 0x00, 0x00,
  0x00, 0x00, 0x00, 0x00, 0x00, 0x00, 0x00, 0x00, 0x00, 0x00, 0x00, 0x00, 0x00, 0x00, 0x00, 0x00,
  0x00, 0x00, 0x00, 0x00, 0x00, 0x00, 0x00, 0x00, 0x00, 0x00, 0x00, 0x00, 0x00, 0x00, 0x00, 0x00,
  0x00, 0x00, 0x00, 0x00, 0x00, 0x00, 0x00, 0x00, 0x00, 0x00, 0x00, 0x00, 0x00, 0x00, 0x00, 0x00,
  0x00, 0x00, 0x00, 0x00, 0x00, 0x00, 0x00, 0x00, 0x00, 0x00, 0x00, 0x00, 0x00, 0x00, 0x00, 0x00,
  0x00, 0x00, 0x00, 0x00, 0x00, 0x00, 0x00, 0x00, 0x00, 0x00, 0x00, 0x00, 0x00, 0x00, 0x00, 0x00,
  0x00, 0x00, 0x00, 0x00, 0x00, 0x00, 0x00, 0x00, 0x00, 0x00, 0x00, 0x00, 0x00, 0x00, 0x00, 0x00,
  0x00, 0x00, 0x00, 0x00, 0x00, 0x00, 0x00, 0x00, 0x00, 0x00, 0x49, 0x49, 0x49, 0x49, 0x49, 0x49,
  0xb7, 0x9b, 0xb7, 0x9b, 0xb7, 0x9b, 0xb7, 0x9b, 0xb7, 0x9b, 0xb7, 0x9b, 0xb7, 0x9b, 0xb7, 0x9b,
  0xb7, 0x9b, 0x49, 0x49, 0x49, 0x49, 0x49, 0x49, 0x78, 0xbc, 0x78, 0xbc, 0x78, 0xbc, 0x78, 0xbc,
  0x78, 0xbc, 0x78, 0xbc, 0x78, 0xbc, 0x78, 0xbc, 0x78, 0xbc, 0x78, 0xbc, 0x78, 0xbc, 0x78, 0xbc,
  0x78, 0xbc, 0x78, 0xbc, 0x78, 0xbc, 0x78, 0xbc, 0x78, 0xbc, 0x78, 0xbc, 0x78, 0xbc, 0x78, 0xbc,
  0x78, 0xbc, 0x78, 0xbc, 0x78, 0xbc, 0x78, 0xbc, 0xb7, 0x9b, 0xb7, 0x9b, 0xb7, 0x9b, 0x78, 0xbc,
  0x78, 0xbc, 0xb7, 0x9b, 0xb7, 0x9b, 0xb7, 0x9b, 0xb7, 0x9b, 0xb7, 0x9b, 0xb7, 0x9b, 0xb7, 0x9b,
  0xb7, 0x9b, 0xb7, 0x9b, 0xb7, 0x9b, 0xb7, 0x9b, 0xb7, 0x9b, 0xb7, 0x9b, 0xb7, 0x9b, 0xb7, 0x9b,
  0xb7, 0x9b, 0xb7, 0x9b, 0xb7, 0x9b, 0xb7, 0x9b, 0xb7, 0x9b, 0xb7, 0x9b, 0xb7, 0x9b, 0xb7, 0x9b,
  0xb7, 0x9b, 0xb7, 0x9b, 0xb7, 0x9b, 0xb7, 0x9b, 0xb7, 0x9b, 0xb7, 0x9b, 0xb7, 0x9b, 0xb7, 0x9b,
  0xb7, 0x9b, 0xb7, 0x9b, 0xb7, 0x9b, 0xb7, 0x9b, 0xb7, 0x9b, 0xb7, 0x9b, 0xb7, 0x9b, 0xb7, 0x9b,
  0xb7, 0x9b, 0xb7, 0x9b, 0xb7, 0x9b, 0x35, 0x7b, 0x35, 0x7b, 0x35, 0x7b, 0x74, 0x5a, 0x74, 0x5a,
  0x74, 0x5a, 0x74, 0x5a, 0x74, 0x5a, 0x74, 0x5a, 0x74, 0x5a, 0x74, 0x5a, 0x74, 0x5a, 0x74, 0x5a,
  0x74, 0x5a, 0x74, 0x5a, 0x82, 0x10, 0x82, 0x10, 0x82, 0x10, 0x82, 0x10, 0x82, 0x10, 0x82, 0x10,
  0x78, 0xbc, 0x78, 0xbc, 0x78, 0xbc, 0x78, 0xbc, 0x78, 0xbc, 0x78, 0xbc, 0x78, 0xbc, 0x78, 0xbc,
  0x78, 0xbc, 0x49, 0x49, 0x49, 0x49, 0x49, 0x49, 0x78, 0xbc, 0x78, 0xbc, 0x78, 0xbc, 0x49, 0x49,
  0x49, 0x49, 0x49, 0x49, 0xb7, 0x9b, 0xb7, 0x9b, 0xb7, 0x9b, 0xb7, 0x9b, 0xb7, 0x9b, 0xb7, 0x9b,
  0x82, 0x10, 0x82, 0x10, 0x82, 0x10, 0x00, 0x00, 0x00, 0x00, 0x00, 0x00, 0x00, 0x00, 0x00, 0x00,
  0x00, 0x00, 0x00, 0x00, 0x00, 0x00, 0x00, 0x00, 0x00, 0x00, 0x00, 0x00, 0x00, 0x00, 0x00, 0x00,
  0x00, 0x00, 0x00, 0x00, 0x00, 0x00, 0x00, 0x00, 0x00, 0x00, 0x00, 0x00, 0x00, 0x00, 0x00, 0x00,
  0x00, 0x00, 0x00, 0x00, 0x00, 0x00, 0x00, 0x00, 0x00, 0x00, 0x00, 0x00, 0x00, 0x00, 0x00, 0x00,
  0x00, 0x00, 0x00, 0x00, 0x00, 0x00, 0x00, 0x00, 0x00, 0x00, 0x00, 0x00, 0x00, 0x00, 0x00, 0x00,
  0x00, 0x00, 0x00, 0x00, 0x00, 0x00, 0x00, 0x00, 0x00, 0x00, 0x00, 0x00, 0x00, 0x00, 0x00, 0x00,
  0x00, 0x00, 0x00, 0x00, 0x00, 0x00, 0x00, 0x00, 0x00, 0x00, 0x00, 0x00, 0x00, 0x00, 0x00, 0x00,
  0x00, 0x00, 0x00, 0x00, 0x00, 0x00, 0x00, 0x00, 0x00, 0x00, 0x00, 0x00, 0x00, 0x00, 0x00, 0x00,
  0x00, 0x00, 0x00, 0x00, 0x00, 0x00, 0x00, 0x00, 0x00, 0x00, 0x00, 0x00, 0x00, 0x00, 0x00, 0x00,
  0x00, 0x00, 0x00, 0x00, 0x00, 0x00, 0x00, 0x00, 0x00, 0x00, 0x00, 0x00, 0x00, 0x00, 0x00, 0x00,
  0x00, 0x00, 0x00, 0x00, 0x00, 0x00, 0x00, 0x00, 0x00, 0x00, 0x00, 0x00, 0x00, 0x00, 0x00, 0x00,
  0x00, 0x00, 0x49, 0x49, 0x49, 0x49, 0x49, 0x49, 0xb7, 0x9b, 0xb7, 0x9b, 0xb7, 0x9b, 0xb7, 0x9b,
  0xb7, 0x9b, 0xb7, 0x9b, 0xb7, 0x9b, 0xb7, 0x9b, 0xb7, 0x9b, 0x49, 0x49, 0x49, 0x49, 0x49, 0x49,
  0x78, 0xbc, 0x78, 0xbc, 0x78, 0xbc, 0x78, 0xbc, 0x78, 0xbc, 0x78, 0xbc, 0x78, 0xbc, 0x78, 0xbc,
  0x78, 0xbc, 0x78, 0xbc, 0x78, 0xbc, 0x78, 0xbc, 0x78, 0xbc, 0x78, 0xbc, 0x78, 0xbc, 0x78, 0xbc,
  0x78, 0xbc, 0x78, 0xbc, 0x78, 0xbc, 0x78, 0xbc, 0x78, 0xbc, 0x78, 0xbc, 0x78, 0xbc, 0x78, 0xbc,
  0xb7, 0x9b, 0xb7, 0x9b, 0xb7, 0x9b, 0x78, 0xbc, 0x78, 0xbc, 0xb7, 0x9b, 0xb7, 0x9b, 0xb7, 0x9b,
  0xb7, 0x9b, 0xb7, 0x9b, 0xb7, 0x9b, 0xb7, 0x9b, 0xb7, 0x9b, 0xb7, 0x9b, 0xb7, 0x9b, 0xb7, 0x9b,
  0xb7, 0x9b, 0xb7, 0x9b, 0xb7, 0x9b, 0xb7, 0x9b, 0xb7, 0x9b, 0xb7, 0x9b, 0xb7, 0x9b, 0xb7, 0x9b,
  0xb7, 0x9b, 0xb7, 0x9b, 0xb7, 0x9b, 0xb7, 0x9b, 0xb7, 0x9b, 0xb7, 0x9b, 0xb7, 0x9b, 0xb7, 0x9b,
  0xb7, 0x9b, 0xb7, 0x9b, 0xb7, 0x9b, 0xb7, 0x9b, 0xb7, 0x9b, 0xb7, 0x9b, 0xb7, 0x9b, 0xb7, 0x9b,
  0xb7, 0x9b, 0xb7, 0x9b, 0xb7, 0x9b, 0xb7, 0x9b, 0xb7, 0x9b, 0xb7, 0x9b, 0xb7, 0x9b, 0x35, 0x7b,
  0x35, 0x7b, 0x35, 0x7b, 0x74, 0x5a, 0x74, 0x5a, 0x74, 0x5a, 0x74, 0x5a, 0x74, 0x5a, 0x74, 0x5a,
  0x74, 0x5a, 0x74, 0x5a, 0x74, 0x5a, 0x74, 0x5a, 0x74, 0x5a, 0x74, 0x5a, 0x82, 0x10, 0x82, 0x10,
  0x82, 0x10, 0x82, 0x10, 0x82, 0x10, 0x82, 0x10, 0x78, 0xbc, 0x78, 0xbc, 0x78, 0xbc, 0x78, 0xbc,
  0x78, 0xbc, 0x78, 0xbc, 0x78, 0xbc, 0x78, 0xbc, 0x78, 0xbc, 0x49, 0x49, 0x49, 0x49, 0x49, 0x49,
  0x78, 0xbc, 0x78, 0xbc, 0x78, 0xbc, 0x49, 0x49, 0x49, 0x49, 0x49, 0x49, 0xb7, 0x9b, 0xb7, 0x9b,
  0xb7, 0x9b, 0xb7, 0x9b, 0xb7, 0x9b, 0xb7, 0x9b, 0x82, 0x10, 0x82, 0x10, 0x82, 0x10, 0x00, 0x00,
  0x00, 0x00, 0x00, 0x00, 0x00, 0x00, 0x00, 0x00, 0x00, 0x00, 0x00, 0x00, 0x00, 0x00, 0x00, 0x00,
  0x00, 0x00, 0x00, 0x00, 0x00, 0x00, 0x00, 0x00, 0x00, 0x00, 0x00, 0x00, 0x00, 0x00, 0x00, 0x00,
  0x00, 0x00, 0x00, 0x00, 0x00, 0x00, 0x00, 0x00, 0x00, 0x00, 0x00, 0x00, 0x00, 0x00, 0x00, 0x00,
  0x00, 0x00, 0x00, 0x00, 0x00, 0x00, 0x00, 0x00, 0x00, 0x00, 0x00, 0x00, 0x00, 0x00, 0x00, 0x00,
  0x00, 0x00, 0x00, 0x00, 0x00, 0x00, 0x00, 0x00, 0x00, 0x00, 0x00, 0x00, 0x00, 0x00, 0x00, 0x00,
  0x00, 0x00, 0x00, 0x00, 0x00, 0x00, 0x00, 0x00, 0x00, 0x00, 0x00, 0x00, 0x00, 0x00, 0x00, 0x00,
  0x00, 0x00, 0x00, 0x00, 0x00, 0x00, 0x00, 0x00, 0x00, 0x00, 0x00, 0x00, 0x00, 0x00, 0x00, 0x00,
  0x00, 0x00, 0x00, 0x00, 0x00, 0x00, 0x00, 0x00, 0x00, 0x00, 0x00, 0x00, 0x00, 0x00, 0x00, 0x00,
  0x00, 0x00, 0x00, 0x00, 0x00, 0x00, 0x00, 0x00, 0x00, 0x00, 0x00, 0x00, 0x00, 0x00, 0x00, 0x00,
  0x00, 0x00, 0x00, 0x00, 0x00, 0x00, 0x00, 0x00, 0x00, 0x00, 0x00, 0x00, 0x00, 0x00, 0x00, 0x00,
  0x00, 0x00, 0x00, 0x00, 0x00, 0x00, 0x00, 0x00, 0x00, 0x00, 0x49, 0x49, 0x49, 0x49, 0x49, 0x49,
  0xb7, 0x9b, 0xb7, 0x9b, 0xb7, 0x9b, 0xb7, 0x9b, 0xb7, 0x9b, 0xb7, 0x9b, 0xb7, 0x9b, 0xb7, 0x9b,
  0xb7, 0x9b, 0x49, 0x49, 0x49, 0x49, 0x49, 0x49, 0x78, 0xbc, 0x78, 0xbc, 0x78, 0xbc, 0x78, 0xbc,
  0x78, 0xbc, 0x78, 0xbc, 0x78, 0xbc, 0x78, 0xbc, 0x78, 0xbc, 0x78, 0xbc, 0x78, 0xbc, 0x78, 0xbc,
  0x78, 0xbc, 0x78, 0xbc, 0x78, 0xbc, 0x78, 0xbc, 0x78, 0xbc, 0x78, 0xbc, 0x78, 0xbc, 0x78, 0xbc,
  0x78, 0xbc, 0x78, 0xbc, 0x78, 0xbc, 0x78, 0xbc, 0xb7, 0x9b, 0xb7, 0x9b, 0xb7, 0x9b, 0x78, 0xbc,
  0x78, 0xbc, 0xb7, 0x9b, 0xb7, 0x9b, 0xb7, 0x9b, 0xb7, 0x9b, 0xb7, 0x9b, 0xb7, 0x9b, 0xb7, 0x9b,
  0xb7, 0x9b, 0xb7, 0x9b, 0xb7, 0x9b, 0xb7, 0x9b, 0xb7, 0x9b, 0xb7, 0x9b, 0xb7, 0x9b, 0xb7, 0x9b,
  0xb7, 0x9b, 0xb7, 0x9b, 0xb7, 0x9b, 0xb7, 0x9b, 0xb7, 0x9b, 0xb7, 0x9b, 0xb7, 0x9b, 0xb7, 0x9b,
  0xb7, 0x9b, 0xb7, 0x9b, 0xb7, 0x9b, 0xb7, 0x9b, 0xb7, 0x9b, 0xb7, 0x9b, 0xb7, 0x9b, 0xb7, 0x9b,
  0xb7, 0x9b, 0xb7, 0x9b, 0xb7, 0x9b, 0xb7, 0x9b, 0xb7, 0x9b, 0xb7, 0x9b, 0xb7, 0x9b, 0xb7, 0x9b,
  0xb7, 0x9b, 0xb7, 0x9b, 0xb7, 0x9b, 0x35, 0x7b, 0x35, 0x7b, 0x35, 0x7b, 0x74, 0x5a, 0x74, 0x5a,
  0x74, 0x5a, 0x74, 0x5a, 0x74, 0x5a, 0x74, 0x5a, 0x74, 0x5a, 0x74, 0x5a, 0x74, 0x5a, 0x74, 0x5a,
  0x74, 0x5a, 0x74, 0x5a, 0x82, 0x10, 0x82, 0x10, 0x82, 0x10, 0x82, 0x10, 0x82, 0x10, 0x82, 0x10,
  0x78, 0xbc, 0x78, 0xbc, 0x78, 0xbc, 0x78, 0xbc, 0x78, 0xbc, 0x78, 0xbc, 0x78, 0xbc, 0x78, 0xbc,
  0x78, 0xbc, 0x49, 0x49, 0x49, 0x49, 0x49, 0x49, 0x78, 0xbc, 0x78, 0xbc, 0x78, 0xbc, 0x49, 0x49,
  0x49, 0x49, 0x49, 0x49, 0xb7, 0x9b, 0xb7, 0x9b, 0xb7, 0x9b, 0xb7, 0x9b, 0xb7, 0x9b, 0xb7, 0x9b,
  0x82, 0x10, 0x82, 0x10, 0x82, 0x10, 0x00, 0x00, 0x00, 0x00, 0x00, 0x00, 0x00, 0x00, 0x00, 0x00,
  0x00, 0x00, 0x00, 0x00, 0x00, 0x00, 0x00, 0x00, 0x00, 0x00, 0x00, 0x00, 0x00, 0x00, 0x00, 0x00,
  0x00, 0x00, 0x00, 0x00, 0x00, 0x00, 0x00, 0x00, 0x00, 0x00, 0x00, 0x00, 0x00, 0x00, 0x00, 0x00,
  0x00, 0x00, 0x00, 0x00, 0x00, 0x00, 0x00, 0x00, 0x00, 0x00, 0x00, 0x00, 0x00, 0x00, 0x00, 0x00,
  0x00, 0x00, 0x00, 0x00, 0x00, 0x00, 0x00, 0x00, 0x00, 0x00, 0x00, 0x00, 0x00, 0x00, 0x00, 0x00,
  0x00, 0x00, 0x00, 0x00, 0x00, 0x00, 0x00, 0x00, 0x00, 0x00, 0x00, 0x00, 0x00, 0x00, 0x00, 0x00,
  0x00, 0x00, 0x00, 0x00, 0x00, 0x00, 0x00, 0x00, 0x00, 0x00, 0x00, 0x00, 0x00, 0x00, 0x00, 0x00,
  0x00, 0x00, 0x00, 0x00, 0x00, 0x00, 0x00, 0x00, 0x00, 0x00, 0x00, 0x00, 0x00, 0x00, 0x00, 0x00,
  0x00, 0x00, 0x00, 0x00, 0x00, 0x00, 0x00, 0x00, 0x00, 0x00, 0x00, 0x00, 0x00, 0x00, 0x00, 0x00,
  0x00, 0x00, 0x00, 0x00, 0x00, 0x00, 0x00, 0x00, 0x00, 0x00, 0x00, 0x00, 0x00, 0x00, 0x00, 0x00,
  0x00, 0x00, 0x00, 0x00, 0x00, 0x00, 0x00, 0x00, 0x00, 0x00, 0x00, 0x00, 0x00, 0x00, 0x00, 0x00,
  0x00, 0x00, 0x00, 0x00, 0x00, 0x00, 0x00, 0x00, 0x49, 0x49, 0x49, 0x49, 0x49, 0x49, 0xb7, 0x9b,
  0xb7, 0x9b, 0xb7, 0x9b, 0xb7, 0x9b, 0xb7, 0x9b, 0xb7, 0x9b, 0x78, 0xbc, 0x78, 0xbc, 0x78, 0xbc,
  0x78, 0xbc, 0x78, 0xbc, 0x78, 0xbc, 0x78, 0xbc, 0x78, 0xbc, 0x78, 0xbc, 0x78, 0xbc, 0x78, 0xbc,
  0x78, 0xbc, 0x78, 0xbc, 0x78, 0xbc, 0x78, 0xbc, 0x78, 0xbc, 0x78, 0xbc, 0x78, 0xbc, 0x78, 0xbc,
  0x78, 0xbc, 0x78, 0xbc, 0x78, 0xbc, 0x78, 0xbc, 0x78, 0xbc, 0x78, 0xbc, 0x78, 0xbc, 0x78, 0xbc,
  0xb7, 0x9b, 0xb7, 0x9b, 0xb7, 0x9b, 0xb7, 0x9b, 0xb7, 0x9b, 0xb7, 0x9b, 0xb7, 0x9b, 0xb7, 0x9b,
  0xb7, 0x9b, 0xb7, 0x9b, 0xb7, 0x9b, 0xb7, 0x9b, 0xb7, 0x9b, 0xb7, 0x9b, 0xb7, 0x9b, 0xb7, 0x9b,
  0xb7, 0x9b, 0xb7, 0x9b, 0xb7, 0x9b, 0xb7, 0x9b, 0xb7, 0x9b, 0xb7, 0x9b, 0xb7, 0x9b, 0xb7, 0x9b,
  0xb7, 0x9b, 0xb7, 0x9b, 0xb7, 0x9b, 0xb7, 0x9b, 0xb7, 0x9b, 0xb7, 0x9b, 0xb7, 0x9b, 0xb7, 0x9b,
  0xb7, 0x9b, 0xb7, 0x9b, 0xb7, 0x9b, 0xb7, 0x9b, 0xb7, 0x9b, 0xb7, 0x9b, 0xb7, 0x9b, 0xb7, 0x9b,
  0xb7, 0x9b, 0xb7, 0x9b, 0xb7, 0x9b, 0xb7, 0x9b, 0x35, 0x7b, 0x35, 0x7b, 0x35, 0x7b, 0x74, 0x5a,
  0x74, 0x5a, 0x74, 0x5a, 0x74, 0x5a, 0x74, 0x5a, 0x74, 0x5a, 0x74, 0x5a, 0x74, 0x5a, 0x74, 0x5a,
  0x74, 0x5a, 0x74, 0x5a, 0x74, 0x5a, 0x49, 0x49, 0x49, 0x49, 0x49, 0x49, 0x82, 0x10, 0x82, 0x10,
  0x82, 0x10, 0xb7, 0x9b, 0xb7, 0x9b, 0xb7, 0x9b, 0x78, 0xbc, 0x78, 0xbc, 0x78, 0xbc, 0xb7, 0x9b,
  0xb7, 0x9b, 0xb7, 0x9b, 0x78, 0xbc, 0x78, 0xbc, 0x78, 0xbc, 0x78, 0xbc, 0x78, 0xbc, 0x78, 0xbc,
  0x78, 0xbc, 0x78, 0xbc, 0x78, 0xbc, 0x78, 0xbc, 0x78, 0xbc, 0x78, 0xbc, 0x49, 0x49, 0x49, 0x49,
  0x49, 0x49, 0xb7, 0x9b, 0xb7, 0x9b, 0xb7, 0x9b, 0xb7, 0x9b, 0xb7, 0x9b, 0xb7, 0x9b, 0x00, 0x00,
  0x00, 0x00, 0x00, 0x00, 0x00, 0x00, 0x00, 0x00, 0x00, 0x00, 0x00, 0x00, 0x00, 0x00, 0x00, 0x00,
  0x00, 0x00, 0x00, 0x00, 0x00, 0x00, 0x00, 0x00, 0x00, 0x00, 0x00, 0x00, 0x00, 0x00, 0x00, 0x00,
  0x00, 0x00, 0x00, 0x00, 0x00, 0x00, 0x00, 0x00, 0x00, 0x00, 0x00, 0x00, 0x00, 0x00, 0x00, 0x00,
  0x00, 0x00, 0x00, 0x00, 0x00, 0x00, 0x00, 0x00, 0x00, 0x00, 0x00, 0x00, 0x00, 0x00, 0x00, 0x00,
  0x00, 0x00, 0x00, 0x00, 0x00, 0x00, 0x00, 0x00, 0x00, 0x00, 0x00, 0x00, 0x00, 0x00, 0x00, 0x00,
  0x00, 0x00, 0x00, 0x00, 0x00, 0x00, 0x00, 0x00, 0x00, 0x00, 0x00, 0x00, 0x00, 0x00, 0x00, 0x00,
  0x00, 0x00, 0x00, 0x00, 0x00, 0x00, 0x00, 0x00, 0x00, 0x00, 0x00, 0x00, 0x00, 0x00, 0x00, 0x00,
  0x00, 0x00, 0x00, 0x00, 0x00, 0x00, 0x00, 0x00, 0x00, 0x00, 0x00, 0x00, 0x00, 0x00, 0x00, 0x00,
  0x00, 0x00, 0x00, 0x00, 0x00, 0x00, 0x00, 0x00, 0x00, 0x00, 0x00, 0x00, 0x00, 0x00, 0x00, 0x00,
  0x00, 0x00, 0x00, 0x00, 0x00, 0x00, 0x00, 0x00, 0x00, 0x00, 0x00, 0x00, 0x00, 0x00, 0x00, 0x00,
  0x00, 0x00, 0x00, 0x00, 0x00, 0x00, 0x00, 0x00, 0x00, 0x00, 0x00, 0x00, 0x00, 0x00, 0x00, 0x00,
  0x49, 0x49, 0x49, 0x49, 0x49, 0x49, 0xb7, 0x9b, 0xb7, 0x9b, 0xb7, 0x9b, 0xb7, 0x9b, 0xb7, 0x9b,
  0xb7, 0x9b, 0x78, 0xbc, 0x78, 0xbc, 0x78, 0xbc, 0x78, 0xbc, 0x78, 0xbc, 0x78, 0xbc, 0x78, 0xbc,
  0x78, 0xbc, 0x78, 0xbc, 0x78, 0xbc, 0x78, 0xbc, 0x78, 0xbc, 0x78, 0xbc, 0x78, 0xbc, 0x78, 0xbc,
  0x78, 0xbc, 0x78, 0xbc, 0x78, 0xbc, 0x78, 0xbc, 0x78, 0xbc, 0x78, 0xbc, 0x78, 0xbc, 0x78, 0xbc,
  0x78, 0xbc, 0x78, 0xbc, 0x78, 0xbc, 0x78, 0xbc, 0xb7, 0x9b, 0xb7, 0x9b, 0xb7, 0x9b, 0xb7, 0x9b,
  0xb7, 0x9b, 0xb7, 0x9b, 0xb7, 0x9b, 0xb7, 0x9b, 0xb7, 0x9b, 0xb7, 0x9b, 0xb7, 0x9b, 0xb7, 0x9b,
  0xb7, 0x9b, 0xb7, 0x9b, 0xb7, 0x9b, 0xb7, 0x9b, 0xb7, 0x9b, 0xb7, 0x9b, 0xb7, 0x9b, 0xb7, 0x9b,
  0xb7, 0x9b, 0xb7, 0x9b, 0xb7, 0x9b, 0xb7, 0x9b, 0xb7, 0x9b, 0xb7, 0x9b, 0xb7, 0x9b, 0xb7, 0x9b,
  0xb7, 0x9b, 0xb7, 0x9b, 0xb7, 0x9b, 0xb7, 0x9b, 0xb7, 0x9b, 0xb7, 0x9b, 0xb7, 0x9b, 0xb7, 0x9b,
  0xb7, 0x9b, 0xb7, 0x9b, 0xb7, 0x9b, 0xb7, 0x9b, 0xb7, 0x9b, 0xb7, 0x9b, 0xb7, 0x9b, 0xb7, 0x9b,
  0x35, 0x7b, 0x35, 0x7b, 0x35, 0x7b, 0x74, 0x5a, 0x74, 0x5a, 0x74, 0x5a, 0x74, 0x5a, 0x74, 0x5a,
  0x74, 0x5a, 0x74, 0x5a, 0x74, 0x5a, 0x74, 0x5a, 0x74, 0x5a, 0x74, 0x5a, 0x74, 0x5a, 0x49, 0x49,
  0x49, 0x49, 0x49, 0x49, 0x82, 0x10, 0x82, 0x10, 0x82, 0x10, 0xb7, 0x9b, 0xb7, 0x9b, 0xb7, 0x9b,
  0x78, 0xbc, 0x78, 0xbc, 0x78, 0xbc, 0xb7, 0x9b, 0xb7, 0x9b, 0xb7, 0x9b, 0x78, 0xbc, 0x78, 0xbc,
  0x78, 0xbc, 0x78, 0xbc, 0x78, 0xbc, 0x78, 0xbc, 0x78, 0xbc, 0x78, 0xbc, 0x78, 0xbc, 0x78, 0xbc,
  0x78, 0xbc, 0x78, 0xbc, 0x49, 0x49, 0x49, 0x49, 0x49, 0x49, 0xb7, 0x9b, 0xb7, 0x9b, 0xb7, 0x9b,
  0xb7, 0x9b, 0xb7, 0x9b, 0xb7, 0x9b, 0x00, 0x00, 0x00, 0x00, 0x00, 0x00, 0x00, 0x00, 0x00, 0x00,
  0x00, 0x00, 0x00, 0x00, 0x00, 0x00, 0x00, 0x00, 0x00, 0x00, 0x00, 0x00, 0x00, 0x00, 0x00, 0x00,
  0x00, 0x00, 0x00, 0x00, 0x00, 0x00, 0x00, 0x00, 0x00, 0x00, 0x00, 0x00, 0x00, 0x00, 0x00, 0x00,
  0x00, 0x00, 0x00, 0x00, 0x00, 0x00, 0x00, 0x00, 0x00, 0x00, 0x00, 0x00, 0x00, 0x00, 0x00, 0x00,
  0x00, 0x00, 0x00, 0x00, 0x00, 0x00, 0x00, 0x00, 0x00, 0x00, 0x00, 0x00, 0x00, 0x00, 0x00, 0x00,
  0x00, 0x00, 0x00, 0x00, 0x00, 0x00, 0x00, 0x00, 0x00, 0x00, 0x00, 0x00, 0x00, 0x00, 0x00, 0x00,
  0x00, 0x00, 0x00, 0x00, 0x00, 0x00, 0x00, 0x00, 0x00, 0x00, 0x00, 0x00, 0x00, 0x00, 0x00, 0x00,
  0x00, 0x00, 0x00, 0x00, 0x00, 0x00, 0x00, 0x00, 0x00, 0x00, 0x00, 0x00, 0x00, 0x00, 0x00, 0x00,
  0x00, 0x00, 0x00, 0x00, 0x00, 0x00, 0x00, 0x00, 0x00, 0x00, 0x00, 0x00, 0x00, 0x00, 0x00, 0x00,
  0x00, 0x00, 0x00, 0x00, 0x00, 0x00, 0x00, 0x00, 0x00, 0x00, 0x00, 0x00, 0x00, 0x00, 0x00, 0x00,
  0x00, 0x00, 0x00, 0x00, 0x00, 0x00, 0x00, 0x00, 0x00, 0x00, 0x00, 0x00, 0x00, 0x00, 0x00, 0x00,
  0x00, 0x00, 0x00, 0x00, 0x00, 0x00, 0x00, 0x00, 0x49, 0x49, 0x49, 0x49, 0x49, 0x49, 0xb7, 0x9b,
  0xb7, 0x9b, 0xb7, 0x9b, 0xb7, 0x9b, 0xb7, 0x9b, 0xb7, 0x9b, 0x78, 0xbc, 0x78, 0xbc, 0x78, 0xbc,
  0x78, 0xbc, 0x78, 0xbc, 0x78, 0xbc, 0x78, 0xbc, 0x78, 0xbc, 0x78, 0xbc, 0x78, 0xbc, 0x78, 0xbc,
  0x78, 0xbc, 0x78, 0xbc, 0x78, 0xbc, 0x78, 0xbc, 0x78, 0xbc, 0x78, 0xbc, 0x78, 0xbc, 0x78, 0xbc,
  0x78, 0xbc, 0x78, 0xbc, 0x78, 0xbc, 0x78, 0xbc, 0x78, 0xbc, 0x78, 0xbc, 0x78, 0xbc, 0x78, 0xbc,
  0xb7, 0x9b, 0xb7, 0x9b, 0xb7, 0x9b, 0xb7, 0x9b, 0xb7, 0x9b, 0xb7, 0x9b, 0xb7, 0x9b, 0xb7, 0x9b,
  0xb7, 0x9b, 0xb7, 0x9b, 0xb7, 0x9b, 0xb7, 0x9b, 0xb7, 0x9b, 0xb7, 0x9b, 0xb7, 0x9b, 0xb7, 0x9b,
  0xb7, 0x9b, 0xb7, 0x9b, 0xb7, 0x9b, 0xb7, 0x9b, 0xb7, 0x9b, 0xb7, 0x9b, 0xb7, 0x9b, 0xb7, 0x9b,
  0xb7, 0x9b, 0xb7, 0x9b, 0xb7, 0x9b, 0xb7, 0x9b, 0xb7, 0x9b, 0xb7, 0x9b, 0xb7, 0x9b, 0xb7, 0x9b,
  0xb7, 0x9b, 0xb7, 0x9b, 0xb7, 0x9b, 0xb7, 0x9b, 0xb7, 0x9b, 0xb7, 0x9b, 0xb7, 0x9b, 0xb7, 0x9b,
  0xb7, 0x9b, 0xb7, 0x9b, 0xb7, 0x9b, 0xb7, 0x9b, 0x35, 0x7b, 0x35, 0x7b, 0x35, 0x7b, 0x74, 0x5a,
  0x74, 0x5a, 0x74, 0x5a, 0x74, 0x5a, 0x74, 0x5a, 0x74, 0x5a, 0x74, 0x5a, 0x74, 0x5a, 0x74, 0x5a,
  0x74, 0x5a, 0x74, 0x5a, 0x74, 0x5a, 0x49, 0x49, 0x49, 0x49, 0x49, 0x49, 0x82, 0x10, 0x82, 0x10,
  0x82, 0x10, 0xb7, 0x9b, 0xb7, 0x9b, 0xb7, 0x9b, 0x78, 0xbc, 0x78, 0xbc, 0x78, 0xbc, 0xb7, 0x9b,
  0xb7, 0x9b, 0xb7, 0x9b, 0x78, 0xbc, 0x78, 0xbc, 0x78, 0xbc, 0x78, 0xbc, 0x78, 0xbc, 0x78, 0xbc,
  0x78, 0xbc, 0x78, 0xbc, 0x78, 0xbc, 0x78, 0xbc, 0x78, 0xbc, 0x78, 0xbc, 0x49, 0x49, 0x49, 0x49,
  0x49, 0x49, 0xb7, 0x9b, 0xb7, 0x9b, 0xb7, 0x9b, 0xb7, 0x9b, 0xb7, 0x9b, 0xb7, 0x9b, 0x00, 0x00,
  0x00, 0x00, 0x00, 0x00, 0x00, 0x00, 0x00, 0x00, 0x00, 0x00, 0x00, 0x00, 0x00, 0x00, 0x00, 0x00,
  0x00, 0x00, 0x00, 0x00, 0x00, 0x00, 0x00, 0x00, 0x00, 0x00, 0x00, 0x00, 0x00, 0x00, 0x00, 0x00,
  0x00, 0x00, 0x00, 0x00, 0x00, 0x00, 0x00, 0x00, 0x00, 0x00, 0x00, 0x00, 0x00, 0x00, 0x00, 0x00,
  0x00, 0x00, 0x00, 0x00, 0x00, 0x00, 0x00, 0x00, 0x00, 0x00, 0x00, 0x00, 0x00, 0x00, 0x00, 0x00,
  0x00, 0x00, 0x00, 0x00, 0x00, 0x00, 0x00, 0x00, 0x00, 0x00, 0x00, 0x00, 0x00, 0x00, 0x00, 0x00,
  0x00, 0x00, 0x00, 0x00, 0x00, 0x00, 0x00, 0x00, 0x00, 0x00, 0x00, 0x00, 0x00, 0x00, 0x00, 0x00,
  0x00, 0x00, 0x00, 0x00, 0x00, 0x00, 0x00, 0x00, 0x00, 0x00, 0x00, 0x00, 0x00, 0x00, 0x00, 0x00,
  0x00, 0x00, 0x00, 0x00, 0x00, 0x00, 0x00, 0x00, 0x00, 0x00, 0x00, 0x00, 0x00, 0x00, 0x00, 0x00,
  0x00, 0x00, 0x00, 0x00, 0x00, 0x00, 0x00, 0x00, 0x00, 0x00, 0x00, 0x00, 0x00, 0x00, 0x00, 0x00,
  0x00, 0x00, 0x00, 0x00, 0x00, 0x00, 0x00, 0x00, 0x00, 0x00, 0x00, 0x00, 0x00, 0x00, 0x00, 0x00,
  0x00, 0x00, 0x00, 0x00, 0x00, 0x00, 0x00, 0x00, 0x00, 0x00, 0x00, 0x00, 0x00, 0x00, 0x00, 0x00,
  0x49, 0x49, 0x49, 0x49, 0x49, 0x49, 0xb7, 0x9b, 0xb7, 0x9b, 0xb7, 0x9b, 0xb7, 0x9b, 0xb7, 0x9b,
  0xb7, 0x9b, 0x78, 0xbc, 0x78, 0xbc, 0x78, 0xbc, 0x78, 0xbc, 0x78, 0xbc, 0x78, 0xbc, 0x78, 0xbc,
  0x78, 0xbc, 0x78, 0xbc, 0x78, 0xbc, 0x78, 0xbc, 0x78, 0xbc, 0x78, 0xbc, 0x78, 0xbc, 0x78, 0xbc,
  0x78, 0xbc, 0x78, 0xbc, 0x78, 0xbc, 0x78, 0xbc, 0x78, 0xbc, 0x78, 0xbc, 0x78, 0xbc, 0x78, 0xbc,
  0x78, 0xbc, 0x78, 0xbc, 0x78, 0xbc, 0x78, 0xbc, 0xb7, 0x9b, 0xb7, 0x9b, 0xb7, 0x9b, 0xb7, 0x9b,
  0xb7, 0x9b, 0xb7, 0x9b, 0xb7, 0x9b, 0xb7, 0x9b, 0xb7, 0x9b, 0xb7, 0x9b, 0xb7, 0x9b, 0xb7, 0x9b,
  0xb7, 0x9b, 0xb7, 0x9b, 0xb7, 0x9b, 0xb7, 0x9b, 0xb7, 0x9b, 0xb7, 0x9b, 0xb7, 0x9b, 0xb7, 0x9b,
  0xb7, 0x9b, 0xb7, 0x9b, 0xb7, 0x9b, 0xb7, 0x9b, 0xb7, 0x9b, 0xb7, 0x9b, 0xb7, 0x9b, 0xb7, 0x9b,
  0xb7, 0x9b, 0xb7, 0x9b, 0xb7, 0x9b, 0xb7, 0x9b, 0xb7, 0x9b, 0xb7, 0x9b, 0xb7, 0x9b, 0xb7, 0x9b,
  0xb7, 0x9b, 0xb7, 0x9b, 0xb7, 0x9b, 0xb7, 0x9b, 0xb7, 0x9b, 0xb7, 0x9b, 0xb7, 0x9b, 0xb7, 0x9b,
  0x35, 0x7b, 0x35, 0x7b, 0x35, 0x7b, 0x74, 0x5a, 0x74, 0x5a, 0x74, 0x5a, 0x74, 0x5a, 0x74, 0x5a,
  0x74, 0x5a, 0x74, 0x5a, 0x74, 0x5a, 0x74, 0x5a, 0x74, 0x5a, 0x74, 0x5a, 0x74, 0x5a, 0x49, 0x49,
  0x49, 0x49, 0x49, 0x49, 0x82, 0x10, 0x82, 0x10, 0x82, 0x10, 0xb7, 0x9b, 0xb7, 0x9b, 0xb7, 0x9b,
  0x78, 0xbc, 0x78, 0xbc, 0x78, 0xbc, 0xb7, 0x9b, 0xb7, 0x9b, 0xb7, 0x9b, 0x78, 0xbc, 0x78, 0xbc,
  0x78, 0xbc, 0x78, 0xbc, 0x78, 0xbc, 0x78, 0xbc, 0x78, 0xbc, 0x78, 0xbc, 0x78, 0xbc, 0x78, 0xbc,
  0x78, 0xbc, 0x78, 0xbc, 0x49, 0x49, 0x49, 0x49, 0x49, 0x49, 0xb7, 0x9b, 0xb7, 0x9b, 0xb7, 0x9b,
  0xb7, 0x9b, 0xb7, 0x9b, 0xb7, 0x9b, 0x00, 0x00, 0x00, 0x00, 0x00, 0x00, 0x00, 0x00, 0x00, 0x00,
  0x00, 0x00, 0x00, 0x00, 0x00, 0x00, 0x00, 0x00, 0x00, 0x00, 0x00, 0x00, 0x00, 0x00, 0x00, 0x00,
  0x00, 0x00, 0x00, 0x00, 0x00, 0x00, 0x00, 0x00, 0x00, 0x00, 0x00, 0x00, 0x00, 0x00, 0x00, 0x00,
  0x00, 0x00, 0x00, 0x00, 0x00, 0x00, 0x00, 0x00, 0x00, 0x00, 0x00, 0x00, 0x00, 0x00, 0x00, 0x00,
  0x00, 0x00, 0x00, 0x00, 0x00, 0x00, 0x00, 0x00, 0x00, 0x00, 0x00, 0x00, 0x00, 0x00, 0x00, 0x00,
  0x00, 0x00, 0x00, 0x00, 0x00, 0x00, 0x00, 0x00, 0x00, 0x00, 0x00, 0x00, 0x00, 0x00, 0x00, 0x00,
  0x00, 0x00, 0x00, 0x00, 0x00, 0x00, 0x00, 0x00, 0x00, 0x00, 0x00, 0x00, 0x00, 0x00, 0x00, 0x00,
  0x00, 0x00, 0x00, 0x00, 0x00, 0x00, 0x00, 0x00, 0x00, 0x00, 0x00, 0x00, 0x00, 0x00, 0x00, 0x00,
  0x00, 0x00, 0x00, 0x00, 0x00, 0x00, 0x00, 0x00, 0x00, 0x00, 0x00, 0x00, 0x00, 0x00, 0x00, 0x00,
  0x00, 0x00, 0x00, 0x00, 0x00, 0x00, 0x00, 0x00, 0x00, 0x00, 0x00, 0x00, 0x00, 0x00, 0x00, 0x00,
  0x00, 0x00, 0x00, 0x00, 0x00, 0x00, 0x00, 0x00, 0x00, 0x00, 0x00, 0x00, 0x00, 0x00, 0x00, 0x00,
  0x00, 0x00, 0x00, 0x00, 0x00, 0x00, 0x00, 0x00, 0x00, 0x00, 0x00, 0x00, 0x00, 0x00, 0x49, 0x49,
  0x49, 0x49, 0x49, 0x49, 0x82, 0x10, 0x82, 0x10, 0x82, 0x10, 0x78, 0xbc, 0x78, 0xbc, 0x78, 0xbc,
  0x78, 0xbc, 0x78, 0xbc, 0x78, 0xbc, 0x78, 0xbc, 0x78, 0xbc, 0x78, 0xbc, 0x78, 0xbc, 0x78, 0xbc,
  0x78, 0xbc, 0x78, 0xbc, 0x78, 0xbc, 0x78, 0xbc, 0x78, 0xbc, 0x78, 0xbc, 0x78, 0xbc, 0x78, 0xbc,
  0x78, 0xbc, 0x78, 0xbc, 0x78, 0xbc, 0x78, 0xbc, 0x78, 0xbc, 0x78, 0xbc, 0x78, 0xbc, 0x78, 0xbc,
  0xb7, 0x9b, 0xb7, 0x9b, 0xb7, 0x9b, 0xb7, 0x9b, 0xb7, 0x9b, 0xb7, 0x9b, 0xb7, 0x9b, 0xb7, 0x9b,
  0xb7, 0x9b, 0xb7, 0x9b, 0xb7, 0x9b, 0xb7, 0x9b, 0xb7, 0x9b, 0xb7, 0x9b, 0xb7, 0x9b, 0xb7, 0x9b,
  0xb7, 0x9b, 0xb7, 0x9b, 0xb7, 0x9b, 0xb7, 0x9b, 0xb7, 0x9b, 0xb7, 0x9b, 0xb7, 0x9b, 0xb7, 0x9b,
  0xb7, 0x9b, 0xb7, 0x9b, 0xb7, 0x9b, 0xb7, 0x9b, 0xb7, 0x9b, 0xb7, 0x9b, 0xb7, 0x9b, 0xb7, 0x9b,
  0xb7, 0x9b, 0xb7, 0x9b, 0xb7, 0x9b, 0xb7, 0x9b, 0xb7, 0x9b, 0xb7, 0x9b, 0xb7, 0x9b, 0xb7, 0x9b,
  0xb7, 0x9b, 0xb7, 0x9b, 0xb7, 0x9b, 0xb7, 0x9b, 0x74, 0x5a, 0x74, 0x5a, 0x74, 0x5a, 0x74, 0x5a,
  0x74, 0x5a, 0x74, 0x5a, 0x74, 0x5a, 0x74, 0x5a, 0x74, 0x5a, 0x74, 0x5a, 0x74, 0x5a, 0x74, 0x5a,
  0x49, 0x49, 0x49, 0x49, 0x49, 0x49, 0xb7, 0x9b, 0xb7, 0x9b, 0xb7, 0x9b, 0xb7, 0x9b, 0xb7, 0x9b,
  0xb7, 0x9b, 0x78, 0xbc, 0x78, 0xbc, 0x78, 0xbc, 0xb7, 0x9b, 0xb7, 0x9b, 0xb7, 0x9b, 0x78, 0xbc,
  0x78, 0xbc, 0x78, 0xbc, 0x78, 0xbc, 0x78, 0xbc, 0x78, 0xbc, 0x78, 0xbc, 0x78, 0xbc, 0x78, 0xbc,
  0x78, 0xbc, 0x78, 0xbc, 0x78, 0xbc, 0x78, 0xbc, 0x78, 0xbc, 0x78, 0xbc, 0x78, 0xbc, 0x78, 0xbc,
  0x78, 0xbc, 0x78, 0xbc, 0x78, 0xbc, 0x78, 0xbc, 0x82, 0x10, 0x82, 0x10, 0x82, 0x10, 0x00, 0x00,
  0x00, 0x00, 0x00, 0x00, 0x00, 0x00, 0x00, 0x00, 0x00, 0x00, 0x00, 0x00, 0x00, 0x00, 0x00, 0x00,
  0x00, 0x00, 0x00, 0x00, 0x00, 0x00, 0x00, 0x00, 0x00, 0x00, 0x00, 0x00, 0x00, 0x00, 0x00, 0x00,
  0x00, 0x00, 0x00, 0x00, 0x00, 0x00, 0x00, 0x00, 0x00, 0x00, 0x00, 0x00, 0x00, 0x00, 0x00, 0x00,
  0x00, 0x00, 0x00, 0x00, 0x00, 0x00, 0x00, 0x00, 0x00, 0x00, 0x00, 0x00, 0x00, 0x00, 0x00, 0x00,
  0x00, 0x00, 0x00, 0x00, 0x00, 0x00, 0x00, 0x00, 0x00, 0x00, 0x00, 0x00, 0x00, 0x00, 0x00, 0x00,
  0x00, 0x00, 0x00, 0x00, 0x00, 0x00, 0x00, 0x00, 0x00, 0x00, 0x00, 0x00, 0x00, 0x00, 0x00, 0x00,
  0x00, 0x00, 0x00, 0x00, 0x00, 0x00, 0x00, 0x00, 0x00, 0x00, 0x00, 0x00, 0x00, 0x00, 0x00, 0x00,
  0x00, 0x00, 0x00, 0x00, 0x00, 0x00, 0x00, 0x00, 0x00, 0x00, 0x00, 0x00, 0x00, 0x00, 0x00, 0x00,
  0x00, 0x00, 0x00, 0x00, 0x00, 0x00, 0x00, 0x00, 0x00, 0x00, 0x00, 0x00, 0x00, 0x00, 0x00, 0x00,
  0x00, 0x00, 0x00, 0x00, 0x00, 0x00, 0x00, 0x00, 0x00, 0x00, 0x00, 0x00, 0x00, 0x00, 0x00, 0x00,
  0x00, 0x00, 0x00, 0x00, 0x00, 0x00, 0x00, 0x00, 0x00, 0x00, 0x00, 0x00, 0x00, 0x00, 0x00, 0x00,
  0x00, 0x00, 0x00, 0x00, 0x00, 0x00, 0x49, 0x49, 0x49, 0x49, 0x49, 0x49, 0x82, 0x10, 0x82, 0x10,
  0x82, 0x10, 0x78, 0xbc, 0x78, 0xbc, 0x78, 0xbc, 0x78, 0xbc, 0x78, 0xbc, 0x78, 0xbc, 0x78, 0xbc,
  0x78, 0xbc, 0x78, 0xbc, 0x78, 0xbc, 0x78, 0xbc, 0x78, 0xbc, 0x78, 0xbc, 0x78, 0xbc, 0x78, 0xbc,
  0x78, 0xbc, 0x78, 0xbc, 0x78, 0xbc, 0x78, 0xbc, 0x78, 0xbc, 0x78, 0xbc, 0x78, 0xbc, 0x78, 0xbc,
  0x78, 0xbc, 0x78, 0xbc, 0x78, 0xbc, 0x78, 0xbc, 0xb7, 0x9b, 0xb7, 0x9b, 0xb7, 0x9b, 0xb7, 0x9b,
  0xb7, 0x9b, 0xb7, 0x9b, 0xb7, 0x9b, 0xb7, 0x9b, 0xb7, 0x9b, 0xb7, 0x9b, 0xb7, 0x9b, 0xb7, 0x9b,
  0xb7, 0x9b, 0xb7, 0x9b, 0xb7, 0x9b, 0xb7, 0x9b, 0xb7, 0x9b, 0xb7, 0x9b, 0xb7, 0x9b, 0xb7, 0x9b,
  0xb7, 0x9b, 0xb7, 0x9b, 0xb7, 0x9b, 0xb7, 0x9b, 0xb7, 0x9b, 0xb7, 0x9b, 0xb7, 0x9b, 0xb7, 0x9b,
  0xb7, 0x9b, 0xb7, 0x9b, 0xb7, 0x9b, 0xb7, 0x9b, 0xb7, 0x9b, 0xb7, 0x9b, 0xb7, 0x9b, 0xb7, 0x9b,
  0xb7, 0x9b, 0xb7, 0x9b, 0xb7, 0x9b, 0xb7, 0x9b, 0xb7, 0x9b, 0xb7, 0x9b, 0xb7, 0x9b, 0xb7, 0x9b,
  0x74, 0x5a, 0x74, 0x5a, 0x74, 0x5a, 0x74, 0x5a, 0x74, 0x5a, 0x74, 0x5a, 0x74, 0x5a, 0x74, 0x5a,
  0x74, 0x5a, 0x74, 0x5a, 0x74, 0x5a, 0x74, 0x5a, 0x49, 0x49, 0x49, 0x49, 0x49, 0x49, 0xb7, 0x9b,
  0xb7, 0x9b, 0xb7, 0x9b, 0xb7, 0x9b, 0xb7, 0x9b, 0xb7, 0x9b, 0x78, 0xbc, 0x78, 0xbc, 0x78, 0xbc,
  0xb7, 0x9b, 0xb7, 0x9b, 0xb7, 0x9b, 0x78, 0xbc, 0x78, 0xbc, 0x78, 0xbc, 0x78, 0xbc, 0x78, 0xbc,
  0x78, 0xbc, 0x78, 0xbc, 0x78, 0xbc, 0x78, 0xbc, 0x78, 0xbc, 0x78, 0xbc, 0x78, 0xbc, 0x78, 0xbc,
  0x78, 0xbc, 0x78, 0xbc, 0x78, 0xbc, 0x78, 0xbc, 0x78, 0xbc, 0x78, 0xbc, 0x78, 0xbc, 0x78, 0xbc,
  0x82, 0x10, 0x82, 0x10, 0x82, 0x10, 0x00, 0x00, 0x00, 0x00, 0x00, 0x00, 0x00, 0x00, 0x00, 0x00,
  0x00, 0x00, 0x00, 0x00, 0x00, 0x00, 0x00, 0x00, 0x00, 0x00, 0x00, 0x00, 0x00, 0x00, 0x00, 0x00,
  0x00, 0x00, 0x00, 0x00, 0x00, 0x00, 0x00, 0x00, 0x00, 0x00, 0x00, 0x00, 0x00, 0x00, 0x00, 0x00,
  0x00, 0x00, 0x00, 0x00, 0x00, 0x00, 0x00, 0x00, 0x00, 0x00, 0x00, 0x00, 0x00, 0x00, 0x00, 0x00,
  0x00, 0x00, 0x00, 0x00, 0x00, 0x00, 0x00, 0x00, 0x00, 0x00, 0x00, 0x00, 0x00, 0x00, 0x00, 0x00,
  0x00, 0x00, 0x00, 0x00, 0x00, 0x00, 0x00, 0x00, 0x00, 0x00, 0x00, 0x00, 0x00, 0x00, 0x00, 0x00,
  0x00, 0x00, 0x00, 0x00, 0x00, 0x00, 0x00, 0x00, 0x00, 0x00, 0x00, 0x00, 0x00, 0x00, 0x00, 0x00,
  0x00, 0x00, 0x00, 0x00, 0x00, 0x00, 0x00, 0x00, 0x00, 0x00, 0x00, 0x00, 0x00, 0x00, 0x00, 0x00,
  0x00, 0x00, 0x00, 0x00, 0x00, 0x00, 0x00, 0x00, 0x00, 0x00, 0x00, 0x00, 0x00, 0x00, 0x00, 0x00,
  0x00, 0x00, 0x00, 0x00, 0x00, 0x00, 0x00, 0x00, 0x00, 0x00, 0x00, 0x00, 0x00, 0x00, 0x00, 0x00,
  0x00, 0x00, 0x00, 0x00, 0x00, 0x00, 0x00, 0x00, 0x00, 0x00, 0x00, 0x00, 0x00, 0x00, 0x00, 0x00,
  0x00, 0x00, 0x00, 0x00, 0x00, 0x00, 0x00, 0x00, 0x00, 0x00, 0x00, 0x00, 0x00, 0x00, 0x49, 0x49,
  0x49, 0x49, 0x49, 0x49, 0x82, 0x10, 0x82, 0x10, 0x82, 0x10, 0x78, 0xbc, 0x78, 0xbc, 0x78, 0xbc,
  0x78, 0xbc, 0x78, 0xbc, 0x78, 0xbc, 0x78, 0xbc, 0x78, 0xbc, 0x78, 0xbc, 0x78, 0xbc, 0x78, 0xbc,
  0x78, 0xbc, 0x78, 0xbc, 0x78, 0xbc, 0x78, 0xbc, 0x78, 0xbc, 0x78, 0xbc, 0x78, 0xbc, 0x78, 0xbc,
  0x78, 0xbc, 0x78, 0xbc, 0x78, 0xbc, 0x78, 0xbc, 0x78, 0xbc, 0x78, 0xbc, 0x78, 0xbc, 0x78, 0xbc,
  0xb7, 0x9b, 0xb7, 0x9b, 0xb7, 0x9b, 0xb7, 0x9b, 0xb7, 0x9b, 0xb7, 0x9b, 0xb7, 0x9b, 0xb7, 0x9b,
  0xb7, 0x9b, 0xb7, 0x9b, 0xb7, 0x9b, 0xb7, 0x9b, 0xb7, 0x9b, 0xb7, 0x9b, 0xb7, 0x9b, 0xb7, 0x9b,
  0xb7, 0x9b, 0xb7, 0x9b, 0xb7, 0x9b, 0xb7, 0x9b, 0xb7, 0x9b, 0xb7, 0x9b, 0xb7, 0x9b, 0xb7, 0x9b,
  0xb7, 0x9b, 0xb7, 0x9b, 0xb7, 0x9b, 0xb7, 0x9b, 0xb7, 0x9b, 0xb7, 0x9b, 0xb7, 0x9b, 0xb7, 0x9b,
  0xb7, 0x9b, 0xb7, 0x9b, 0xb7, 0x9b, 0xb7, 0x9b, 0xb7, 0x9b, 0xb7, 0x9b, 0xb7, 0x9b, 0xb7, 0x9b,
  0xb7, 0x9b, 0xb7, 0x9b, 0xb7, 0x9b, 0xb7, 0x9b, 0x74, 0x5a, 0x74, 0x5a, 0x74, 0x5a, 0x74, 0x5a,
  0x74, 0x5a, 0x74, 0x5a, 0x74, 0x5a, 0x74, 0x5a, 0x74, 0x5a, 0x74, 0x5a, 0x74, 0x5a, 0x74, 0x5a,
  0x49, 0x49, 0x49, 0x49, 0x49, 0x49, 0xb7, 0x9b, 0xb7, 0x9b, 0xb7, 0x9b, 0xb7, 0x9b, 0xb7, 0x9b,
  0xb7, 0x9b, 0x78, 0xbc, 0x78, 0xbc, 0x78, 0xbc, 0xb7, 0x9b, 0xb7, 0x9b, 0xb7, 0x9b, 0x78, 0xbc,
  0x78, 0xbc, 0x78, 0xbc, 0x78, 0xbc, 0x78, 0xbc, 0x78, 0xbc, 0x78, 0xbc, 0x78, 0xbc, 0x78, 0xbc,
  0x78, 0xbc, 0x78, 0xbc, 0x78, 0xbc, 0x78, 0xbc, 0x78, 0xbc, 0x78, 0xbc, 0x78, 0xbc, 0x78, 0xbc,
  0x78, 0xbc, 0x78, 0xbc, 0x78, 0xbc, 0x78, 0xbc, 0x82, 0x10, 0x82, 0x10, 0x82, 0x10, 0x00, 0x00,
  0x00, 0x00, 0x00, 0x00, 0x00, 0x00, 0x00, 0x00, 0x00, 0x00, 0x00, 0x00, 0x00, 0x00, 0x00, 0x00,
  0x00, 0x00, 0x00, 0x00, 0x00, 0x00, 0x00, 0x00, 0x00, 0x00, 0x00, 0x00, 0x00, 0x00, 0x00, 0x00,
  0x00, 0x00, 0x00, 0x00, 0x00, 0x00, 0x00, 0x00, 0x00, 0x00, 0x00, 0x00, 0x00, 0x00, 0x00, 0x00,
  0x00, 0x00, 0x00, 0x00, 0x00, 0x00, 0x00, 0x00, 0x00, 0x00, 0x00, 0x00, 0x00, 0x00, 0x00, 0x00,
  0x00, 0x00, 0x00, 0x00, 0x00, 0x00, 0x00, 0x00, 0x00, 0x00, 0x00, 0x00, 0x00, 0x00, 0x00, 0x00,
  0x00, 0x00, 0x00, 0x00, 0x00, 0x00, 0x00, 0x00, 0x00, 0x00, 0x00, 0x00, 0x00, 0x00, 0x00, 0x00,
  0x00, 0x00, 0x00, 0x00, 0x00, 0x00, 0x00, 0x00, 0x00, 0x00, 0x00, 0x00, 0x00, 0x00, 0x00, 0x00,
  0x82, 0x10, 0x82, 0x10, 0x00, 0x00, 0x00, 0x00, 0x00, 0x00, 0x00, 0x00, 0x00, 0x00, 0x00, 0x00,
  0x82, 0x10, 0x82, 0x10, 0x82, 0x10, 0x49, 0x49, 0x49, 0x49, 0x49, 0x49, 0x00, 0x00, 0x00, 0x00,
  0x00, 0x00, 0x00, 0x00, 0x00, 0x00, 0x00, 0x00, 0x00, 0x00, 0x00, 0x00, 0x00, 0x00, 0x00, 0x00,
  0x00, 0x00, 0x00, 0x00, 0x00, 0x00, 0x00, 0x00, 0x00, 0x00, 0x00, 0x00, 0x00, 0x00, 0x00, 0x00,
  0x00, 0x00, 0x00, 0x00, 0x00, 0x00, 0x49, 0x49, 0x49, 0x49, 0x49, 0x49, 0x82, 0x10, 0x82, 0x10,
  0x82, 0x10, 0x78, 0xbc, 0x78, 0xbc, 0x78, 0xbc, 0x78, 0xbc, 0x78, 0xbc, 0x78, 0xbc, 0x78, 0xbc,
  0x78, 0xbc, 0x78, 0xbc, 0x78, 0xbc, 0x78, 0xbc, 0x78, 0xbc, 0x78, 0xbc, 0x78, 0xbc, 0x78, 0xbc,
  0x78, 0xbc, 0x78, 0xbc, 0x78, 0xbc, 0x78, 0xbc, 0x78, 0xbc, 0x78, 0xbc, 0x78, 0xbc, 0x78, 0xbc,
  0x78, 0xbc, 0xb7, 0x9b, 0xb7, 0x9b, 0xb7, 0x9b, 0xb7, 0x9b, 0xb7, 0x9b, 0xb7, 0x9b, 0xb7, 0x9b,
  0xb7, 0x9b, 0xb7, 0x9b, 0xb7, 0x9b, 0xb7, 0x9b, 0xb7, 0x9b, 0xb7, 0x9b, 0xb7, 0x9b, 0xb7, 0x9b,
  0xb7, 0x9b, 0xb7, 0x9b, 0xb7, 0x9b, 0xb7, 0x9b, 0xb7, 0x9b, 0xb7, 0x9b, 0xb7, 0x9b, 0xb7, 0x9b,
  0xb7, 0x9b, 0xb7, 0x9b, 0xb7, 0x9b, 0xb7, 0x9b, 0xb7, 0x9b, 0xb7, 0x9b, 0xb7, 0x9b, 0xb7, 0x9b,
  0xb7, 0x9b, 0xb7, 0x9b, 0x74, 0x5a, 0x74, 0x5a, 0xb7, 0x9b, 0xb7, 0x9b, 0xb7, 0x9b, 0xb7, 0x9b,
  0xb7, 0x9b, 0xb7, 0x9b, 0xb7, 0x9b, 0xb7, 0x9b, 0xb7, 0x9b, 0xb7, 0x9b, 0xb7, 0x9b, 0xb7, 0x9b,
  0x74, 0x5a, 0x74, 0x5a, 0x74, 0x5a, 0x74, 0x5a, 0x74, 0x5a, 0x74, 0x5a, 0x74, 0x5a, 0x74, 0x5a,
  0x74, 0x5a, 0x74, 0x5a, 0x74, 0x5a, 0x74, 0x5a, 0xb7, 0x9b, 0xb7, 0x9b, 0xb7, 0x9b, 0xb7, 0x9b,
  0xb7, 0x9b, 0xb7, 0x9b, 0xb7, 0x9b, 0xb7, 0x9b, 0xb7, 0x9b, 0xb7, 0x9b, 0xb7, 0x9b, 0xb7, 0x9b,
  0x78, 0xbc, 0x78, 0xbc, 0x78, 0xbc, 0xb7, 0x9b, 0xb7, 0x9b, 0xb7, 0x9b, 0x78, 0xbc, 0x78, 0xbc,
  0x78, 0xbc, 0x78, 0xbc, 0x78, 0xbc, 0x78, 0xbc, 0x78, 0xbc, 0x78, 0xbc, 0x78, 0xbc, 0x78, 0xbc,
  0x78, 0xbc, 0x78, 0xbc, 0xb7, 0x9b, 0xb7, 0x9b, 0xb7, 0x9b, 0x82, 0x10, 0x82, 0x10, 0x82, 0x10,
  0x00, 0x00, 0x00, 0x00, 0x00, 0x00, 0x00, 0x00, 0x00, 0x00, 0x00, 0x00, 0x00, 0x00, 0x00, 0x00,
  0x00, 0x00, 0x00, 0x00, 0x00, 0x00, 0x00, 0x00, 0x00, 0x00, 0x00, 0x00, 0x00, 0x00, 0x00, 0x00,
  0x00, 0x00, 0x00, 0x00, 0x00, 0x00, 0x00, 0x00, 0x00, 0x00, 0x00, 0x00, 0x00, 0x00, 0x00, 0x00,
  0x00, 0x00, 0x00, 0x00, 0x00, 0x00, 0x00, 0x00, 0x00, 0x00, 0x00, 0x00, 0x00, 0x00, 0x00, 0x00,
  0x00, 0x00, 0x00, 0x00, 0x00, 0x00, 0x00, 0x00, 0x00, 0x00, 0x00, 0x00, 0x00, 0x00, 0x00, 0x00,
  0x00, 0x00, 0x00, 0x00, 0x00, 0x00, 0x00, 0x00, 0x00, 0x00, 0x00, 0x00, 0x00, 0x00, 0x00, 0x00,
  0x00, 0x00, 0x00, 0x00, 0x00, 0x00, 0x00, 0x00, 0x00, 0x00, 0x00, 0x00, 0x00, 0x00, 0x00, 0x00,
  0x00, 0x00, 0x00, 0x00, 0x00, 0x00, 0x00, 0x00, 0x82, 0x10, 0x82, 0x10, 0x00, 0x00, 0x00, 0x00,
  0x00, 0x00, 0x00, 0x00, 0x00, 0x00, 0x00, 0x00, 0x82, 0x10, 0x82, 0x10, 0x82, 0x10, 0x49, 0x49,
  0x49, 0x49, 0x49, 0x49, 0x00, 0x00, 0x00, 0x00, 0x00, 0x00, 0x00, 0x00, 0x00, 0x00, 0x00, 0x00,
  0x00, 0x00, 0x00, 0x00, 0x00, 0x00, 0x00, 0x00, 0x00, 0x00, 0x00, 0x00, 0x00, 0x00, 0x00, 0x00,
  0x00, 0x00, 0x00, 0x00, 0x00, 0x00, 0x00, 0x00, 0x00, 0x00, 0x00, 0x00, 0x00, 0x00, 0x49, 0x49,
  0x49, 0x49, 0x49, 0x49, 0x82, 0x10, 0x82, 0x10, 0x82, 0x10, 0x78, 0xbc, 0x78, 0xbc, 0x78, 0xbc,
  0x78, 0xbc, 0x78, 0xbc, 0x78, 0xbc, 0x78, 0xbc, 0x78, 0xbc, 0x78, 0xbc, 0x78, 0xbc, 0x78, 0xbc,
  0x78, 0xbc, 0x78, 0xbc, 0x78, 0xbc, 0x78, 0xbc, 0x78, 0xbc, 0x78, 0xbc, 0x78, 0xbc, 0x78, 0xbc,
  0x78, 0xbc, 0x78, 0xbc, 0x78, 0xbc, 0x78, 0xbc, 0x78, 0xbc, 0xb7, 0x9b, 0xb7, 0x9b, 0xb7, 0x9b,
  0xb7, 0x9b, 0xb7, 0x9b, 0xb7, 0x9b, 0xb7, 0x9b, 0xb7, 0x9b, 0xb7, 0x9b, 0xb7, 0x9b, 0xb7, 0x9b,
  0xb7, 0x9b, 0xb7, 0x9b, 0xb7, 0x9b, 0xb7, 0x9b, 0xb7, 0x9b, 0xb7, 0x9b, 0xb7, 0x9b, 0xb7, 0x9b,
  0xb7, 0x9b, 0xb7, 0x9b, 0xb7, 0x9b, 0xb7, 0x9b, 0xb7, 0x9b, 0xb7, 0x9b, 0xb7, 0x9b, 0xb7, 0x9b,
  0xb7, 0x9b, 0xb7, 0x9b, 0xb7, 0x9b, 0xb7, 0x9b, 0xb7, 0x9b, 0xb7, 0x9b, 0x74, 0x5a, 0x74, 0x5a,
  0xb7, 0x9b, 0xb7, 0x9b, 0xb7, 0x9b, 0xb7, 0x9b, 0xb7, 0x9b, 0xb7, 0x9b, 0xb7, 0x9b, 0xb7, 0x9b,
  0xb7, 0x9b, 0xb7, 0x9b, 0xb7, 0x9b, 0xb7, 0x9b, 0x74, 0x5a, 0x74, 0x5a, 0x74, 0x5a, 0x74, 0x5a,
  0x74, 0x5a, 0x74, 0x5a, 0x74, 0x5a, 0x74, 0x5a, 0x74, 0x5a, 0x74, 0x5a, 0x74, 0x5a, 0x74, 0x5a,
  0xb7, 0x9b, 0xb7, 0x9b, 0xb7, 0x9b, 0xb7, 0x9b, 0xb7, 0x9b, 0xb7, 0x9b, 0xb7, 0x9b, 0xb7, 0x9b,
  0xb7, 0x9b, 0xb7, 0x9b, 0xb7, 0x9b, 0xb7, 0x9b, 0x78, 0xbc, 0x78, 0xbc, 0x78, 0xbc, 0xb7, 0x9b,
  0xb7, 0x9b, 0xb7, 0x9b, 0x78, 0xbc, 0x78, 0xbc, 0x78, 0xbc, 0x78, 0xbc, 0x78, 0xbc, 0x78, 0xbc,
  0x78, 0xbc, 0x78, 0xbc, 0x78, 0xbc, 0x78, 0xbc, 0x78, 0xbc, 0x78, 0xbc, 0xb7, 0x9b, 0xb7, 0x9b,
  0xb7, 0x9b, 0x82, 0x10, 0x82, 0x10, 0x82, 0x10, 0x00, 0x00, 0x00, 0x00, 0x00, 0x00, 0x00, 0x00,
  0x00, 0x00, 0x00, 0x00, 0x00, 0x00, 0x00, 0x00, 0x00, 0x00, 0x00, 0x00, 0x00, 0x00, 0x00, 0x00,
  0x00, 0x00, 0x00, 0x00, 0x00, 0x00, 0x00, 0x00, 0x00, 0x00, 0x00, 0x00, 0x00, 0x00, 0x00, 0x00,
  0x00, 0x00, 0x00, 0x00, 0x00, 0x00, 0x00, 0x00, 0x00, 0x00, 0x00, 0x00, 0x00, 0x00, 0x00, 0x00,
  0x00, 0x00, 0x00, 0x00, 0x00, 0x00, 0x00, 0x00, 0x00, 0x00, 0x00, 0x00, 0x00, 0x00, 0x00, 0x00,
  0x00, 0x00, 0x00, 0x00, 0x00, 0x00, 0x00, 0x00, 0x00, 0x00, 0x00, 0x00, 0x00, 0x00, 0x00, 0x00,
  0x00, 0x00, 0x00, 0x00, 0x00, 0x00, 0x00, 0x00, 0x00, 0x00, 0x00, 0x00, 0x00, 0x00, 0x00, 0x00,
  0x00, 0x00, 0x00, 0x00, 0x00, 0x00, 0x00, 0x00, 0x00, 0x00, 0x00, 0x00, 0x00, 0x00, 0x00, 0x00,
  0x78, 0xbc, 0x78, 0xbc, 0x82, 0x10, 0x82, 0x10, 0x82, 0x10, 0x49, 0x49, 0x49, 0x49, 0x49, 0x49,
  0x78, 0xbc, 0x78, 0xbc, 0x78, 0xbc, 0x49, 0x49, 0x49, 0x49, 0x49, 0x49, 0x49, 0x49, 0x49, 0x49,
  0x49, 0x49, 0x49, 0x49, 0x49, 0x49, 0x49, 0x49, 0x00, 0x00, 0x00, 0x00, 0x00, 0x00, 0x00, 0x00,
  0x00, 0x00, 0x00, 0x00, 0x00, 0x00, 0x00, 0x00, 0x00, 0x00, 0x00, 0x00, 0x00, 0x00, 0x00, 0x00,
  0x00, 0x00, 0x00, 0x00, 0x00, 0x00, 0x82, 0x10, 0x82, 0x10, 0x82, 0x10, 0xb7, 0x9b, 0xb7, 0x9b,
  0xb7, 0x9b, 0xb7, 0x9b, 0xb7, 0x9b, 0xb7, 0x9b, 0x78, 0xbc, 0x78, 0xbc, 0x78, 0xbc, 0x78, 0xbc,
  0x78, 0xbc, 0x78, 0xbc, 0x78, 0xbc, 0x78, 0xbc, 0x78, 0xbc, 0x78, 0xbc, 0x78, 0xbc, 0x78, 0xbc,
  0x78, 0xbc, 0x78, 0xbc, 0x78, 0xbc, 0xb7, 0x9b, 0xb7, 0x9b, 0xb7, 0x9b, 0xb7, 0x9b, 0xb7, 0x9b,
  0xb7, 0x9b, 0xb7, 0x9b, 0xb7, 0x9b, 0xb7, 0x9b, 0xb7, 0x9b, 0xb7, 0x9b, 0xb7, 0x9b, 0xb7, 0x9b,
  0xb7, 0x9b, 0xb7, 0x9b, 0xb7, 0x9b, 0xb7, 0x9b, 0xb7, 0x9b, 0xb7, 0x9b, 0xb7, 0x9b, 0xb7, 0x9b,
  0xb7, 0x9b, 0xb7, 0x9b, 0xb7, 0x9b, 0xb7, 0x9b, 0xb7, 0x9b, 0xb7, 0x9b, 0xb7, 0x9b, 0xb7, 0x9b,
  0xb7, 0x9b, 0xb7, 0x9b, 0xb7, 0x9b, 0xb7, 0x9b, 0x49, 0x49, 0x49, 0x49, 0x49, 0x49, 0x49, 0x49,
  0x49, 0x49, 0x49, 0x49, 0xb7, 0x9b, 0xb7, 0x9b, 0xb7, 0x9b, 0xb7, 0x9b, 0xb7, 0x9b, 0xb7, 0x9b,
  0xb7, 0x9b, 0xb7, 0x9b, 0xb7, 0x9b, 0xb7, 0x9b, 0xb7, 0x9b, 0xb7, 0x9b, 0xb7, 0x9b, 0xb7, 0x9b,
  0x74, 0x5a, 0x74, 0x5a, 0x74, 0x5a, 0x74, 0x5a, 0x74, 0x5a, 0x74, 0x5a, 0x74, 0x5a, 0x74, 0x5a,
  0x74, 0x5a, 0x74, 0x5a, 0x74, 0x5a, 0x74, 0x5a, 0xb7, 0x9b, 0xb7, 0x9b, 0xb7, 0x9b, 0xb7, 0x9b,
  0xb7, 0x9b, 0xb7, 0x9b, 0xb7, 0x9b, 0xb7, 0x9b, 0xb7, 0x9b, 0x78, 0xbc, 0x78, 0xbc, 0x78, 0xbc,
  0xb7, 0x9b, 0xb7, 0x9b, 0xb7, 0x9b, 0xb7, 0x9b, 0xb7, 0x9b, 0xb7, 0x9b, 0xb7, 0x9b, 0xb7, 0x9b,
  0xb7, 0x9b, 0xb7, 0x9b, 0xb7, 0x9b, 0xb7, 0x9b, 0xb7, 0x9b, 0xb7, 0x9b, 0xb7, 0x9b, 0xb7, 0x9b,
  0xb7, 0x9b, 0xb7, 0x9b, 0xb7, 0x9b, 0xb7, 0x9b, 0xb7, 0x9b, 0x82, 0x10, 0x82, 0x10, 0x82, 0x10,
  0x00, 0x00, 0x00, 0x00, 0x00, 0x00, 0x00, 0x00, 0x00, 0x00, 0x00, 0x00, 0x00, 0x00, 0x00, 0x00,
  0x00, 0x00, 0x00, 0x00, 0x00, 0x00, 0x00, 0x00, 0x00, 0x00, 0x00, 0x00, 0x00, 0x00, 0x00, 0x00,
  0x00, 0x00, 0x00, 0x00, 0x00, 0x00, 0x00, 0x00, 0x00, 0x00, 0x00, 0x00, 0x00, 0x00, 0x00, 0x00,
  0x00, 0x00, 0x00, 0x00, 0x00, 0x00, 0x00, 0x00, 0x00, 0x00, 0x00, 0x00, 0x00, 0x00, 0x00, 0x00,
  0x00, 0x00, 0x00, 0x00, 0x00, 0x00, 0x00, 0x00, 0x00, 0x00, 0x00, 0x00, 0x00, 0x00, 0x00, 0x00,
  0x00, 0x00, 0x00, 0x00, 0x00, 0x00, 0x00, 0x00, 0x00, 0x00, 0x00, 0x00, 0x00, 0x00, 0x00, 0x00,
  0x00, 0x00, 0x00, 0x00, 0x00, 0x00, 0x00, 0x00, 0x00, 0x00, 0x00, 0x00, 0x00, 0x00, 0x00, 0x00,
  0x00, 0x00, 0x00, 0x00, 0x00, 0x00, 0x00, 0x00, 0x78, 0xbc, 0x78, 0xbc, 0x82, 0x10, 0x82, 0x10,
  0x82, 0x10, 0x49, 0x49, 0x49, 0x49, 0x49, 0x49, 0x78, 0xbc, 0x78, 0xbc, 0x78, 0xbc, 0x49, 0x49,
  0x49, 0x49, 0x49, 0x49, 0x49, 0x49, 0x49, 0x49, 0x49, 0x49, 0x49, 0x49, 0x49, 0x49, 0x49, 0x49,
  0x00, 0x00, 0x00, 0x00, 0x00, 0x00, 0x00, 0x00, 0x00, 0x00, 0x00, 0x00, 0x00, 0x00, 0x00, 0x00,
  0x00, 0x00, 0x00, 0x00, 0x00, 0x00, 0x00, 0x00, 0x00, 0x00, 0x00, 0x00, 0x00, 0x00, 0x82, 0x10,
  0x82, 0x10, 0x82, 0x10, 0xb7, 0x9b, 0xb7, 0x9b, 0xb7, 0x9b, 0xb7, 0x9b, 0xb7, 0x9b, 0xb7, 0x9b,
  0x78, 0xbc, 0x78, 0xbc, 0x78, 0xbc, 0x78, 0xbc, 0x78, 0xbc, 0x78, 0xbc, 0x78, 0xbc, 0x78, 0xbc,
  0x78, 0xbc, 0x78, 0xbc, 0x78, 0xbc, 0x78, 0xbc, 0x78, 0xbc, 0x78, 0xbc, 0x78, 0xbc, 0xb7, 0x9b,
  0xb7, 0x9b, 0xb7, 0x9b, 0xb7, 0x9b, 0xb7, 0x9b, 0xb7, 0x9b, 0xb7, 0x9b, 0xb7, 0x9b, 0xb7, 0x9b,
  0xb7, 0x9b, 0xb7, 0x9b, 0xb7, 0x9b, 0xb7, 0x9b, 0xb7, 0x9b, 0xb7, 0x9b, 0xb7, 0x9b, 0xb7, 0x9b,
  0xb7, 0x9b, 0xb7, 0x9b, 0xb7, 0x9b, 0xb7, 0x9b, 0xb7, 0x9b, 0xb7, 0x9b, 0xb7, 0x9b, 0xb7, 0x9b,
  0xb7, 0x9b, 0xb7, 0x9b, 0xb7, 0x9b, 0xb7, 0x9b, 0xb7, 0x9b, 0xb7, 0x9b, 0xb7, 0x9b, 0xb7, 0x9b,
  0x49, 0x49, 0x49, 0x49, 0x49, 0x49, 0x49, 0x49, 0x49, 0x49, 0x49, 0x49, 0xb7, 0x9b, 0xb7, 0x9b,
  0xb7, 0x9b, 0xb7, 0x9b, 0xb7, 0x9b, 0xb7, 0x9b, 0xb7, 0x9b, 0xb7, 0x9b, 0xb7, 0x9b, 0xb7, 0x9b,
  0xb7, 0x9b, 0xb7, 0x9b, 0xb7, 0x9b, 0xb7, 0x9b, 0x74, 0x5a, 0x74, 0x5a, 0x74, 0x5a, 0x74, 0x5a,
  0x74, 0x5a, 0x74, 0x5a, 0x74, 0x5a, 0x74, 0x5a, 0x74, 0x5a, 0x74, 0x5a, 0x74, 0x5a, 0x74, 0x5a,
  0xb7, 0x9b, 0xb7, 0x9b, 0xb7, 0x9b, 0xb7, 0x9b, 0xb7, 0x9b, 0xb7, 0x9b, 0xb7, 0x9b, 0xb7, 0x9b,
  0xb7, 0x9b, 0x78, 0xbc, 0x78, 0xbc, 0x78, 0xbc, 0xb7, 0x9b, 0xb7, 0x9b, 0xb7, 0x9b, 0xb7, 0x9b,
  0xb7, 0x9b, 0xb7, 0x9b, 0xb7, 0x9b, 0xb7, 0x9b, 0xb7, 0x9b, 0xb7, 0x9b, 0xb7, 0x9b, 0xb7, 0x9b,
  0xb7, 0x9b, 0xb7, 0x9b, 0xb7, 0x9b, 0xb7, 0x9b, 0xb7, 0x9b, 0xb7, 0x9b, 0xb7, 0x9b, 0xb7, 0x9b,
  0xb7, 0x9b, 0x82, 0x10, 0x82, 0x10, 0x82, 0x10, 0x00, 0x00, 0x00, 0x00, 0x00, 0x00, 0x00, 0x00,
  0x00, 0x00, 0x00, 0x00, 0x00, 0x00, 0x00, 0x00, 0x00, 0x00, 0x00, 0x00, 0x00, 0x00, 0x00, 0x00,
  0x00, 0x00, 0x00, 0x00, 0x00, 0x00, 0x00, 0x00, 0x00, 0x00, 0x00, 0x00, 0x00, 0x00, 0x00, 0x00,
  0x00, 0x00, 0x00, 0x00, 0x00, 0x00, 0x00, 0x00, 0x00, 0x00, 0x00, 0x00, 0x00, 0x00, 0x00, 0x00,
  0x00, 0x00, 0x00, 0x00, 0x00, 0x00, 0x00, 0x00, 0x00, 0x00, 0x00, 0x00, 0x00, 0x00, 0x00, 0x00,
  0x00, 0x00, 0x00, 0x00, 0x00, 0x00, 0x00, 0x00, 0x00, 0x00, 0x00, 0x00, 0x00, 0x00, 0x00, 0x00,
  0x00, 0x00, 0x00, 0x00, 0x00, 0x00, 0x00, 0x00, 0x00, 0x00, 0x00, 0x00, 0x00, 0x00, 0x00, 0x00,
  0x00, 0x00, 0x00, 0x00, 0x00, 0x00, 0x00, 0x00, 0x00, 0x00, 0x00, 0x00, 0x00, 0x00, 0x00, 0x00,
  0x78, 0xbc, 0x78, 0xbc, 0x82, 0x10, 0x82, 0x10, 0x82, 0x10, 0x49, 0x49, 0x49, 0x49, 0x49, 0x49,
  0x78, 0xbc, 0x78, 0xbc, 0x78, 0xbc, 0x49, 0x49, 0x49, 0x49, 0x49, 0x49, 0x49, 0x49, 0x49, 0x49,
  0x49, 0x49, 0x49, 0x49, 0x49, 0x49, 0x49, 0x49, 0x00, 0x00, 0x00, 0x00, 0x00, 0x00, 0x00, 0x00,
  0x00, 0x00, 0x00, 0x00, 0x00, 0x00, 0x00, 0x00, 0x00, 0x00, 0x00, 0x00, 0x00, 0x00, 0x00, 0x00,
  0x00, 0x00, 0x00, 0x00, 0x00, 0x00, 0x82, 0x10, 0x82, 0x10, 0x82, 0x10, 0xb7, 0x9b, 0xb7, 0x9b,
  0xb7, 0x9b, 0xb7, 0x9b, 0xb7, 0x9b, 0xb7, 0x9b, 0x78, 0xbc, 0x78, 0xbc, 0x78, 0xbc, 0x78, 0xbc,
  0x78, 0xbc, 0x78, 0xbc, 0x78, 0xbc, 0x78, 0xbc, 0x78, 0xbc, 0x78, 0xbc, 0x78, 0xbc, 0x78, 0xbc,
  0x78, 0xbc, 0x78, 0xbc, 0x78, 0xbc, 0xb7, 0x9b, 0xb7, 0x9b, 0xb7, 0x9b, 0xb7, 0x9b, 0xb7, 0x9b,
  0xb7, 0x9b, 0xb7, 0x9b, 0xb7, 0x9b, 0xb7, 0x9b, 0xb7, 0x9b, 0xb7, 0x9b, 0xb7, 0x9b, 0xb7, 0x9b,
  0xb7, 0x9b, 0xb7, 0x9b, 0xb7, 0x9b, 0xb7, 0x9b, 0xb7, 0x9b, 0xb7, 0x9b, 0xb7, 0x9b, 0xb7, 0x9b,
  0xb7, 0x9b, 0xb7, 0x9b, 0xb7, 0x9b, 0xb7, 0x9b, 0xb7, 0x9b, 0xb7, 0x9b, 0xb7, 0x9b, 0xb7, 0x9b,
  0xb7, 0x9b, 0xb7, 0x9b, 0xb7, 0x9b, 0xb7, 0x9b, 0x49, 0x49, 0x49, 0x49, 0x49, 0x49, 0x49, 0x49,
  0x49, 0x49, 0x49, 0x49, 0xb7, 0x9b, 0xb7, 0x9b, 0xb7, 0x9b, 0xb7, 0x9b, 0xb7, 0x9b, 0xb7, 0x9b,
  0xb7, 0x9b, 0xb7, 0x9b, 0xb7, 0x9b, 0xb7, 0x9b, 0xb7, 0x9b, 0xb7, 0x9b, 0xb7, 0x9b, 0xb7, 0x9b,
  0x74, 0x5a, 0x74, 0x5a, 0x74, 0x5a, 0x74, 0x5a, 0x74, 0x5a, 0x74, 0x5a, 0x74, 0x5a, 0x74, 0x5a,
  0x74, 0x5a, 0x74, 0x5a, 0x74, 0x5a, 0x74, 0x5a, 0xb7, 0x9b, 0xb7, 0x9b, 0xb7, 0x9b, 0xb7, 0x9b,
  0xb7, 0x9b, 0xb7, 0x9b, 0xb7, 0x9b, 0xb7, 0x9b, 0xb7, 0x9b, 0x78, 0xbc, 0x78, 0xbc, 0x78, 0xbc,
  0xb7, 0x9b, 0xb7, 0x9b, 0xb7, 0x9b, 0xb7, 0x9b, 0xb7, 0x9b, 0xb7, 0x9b, 0xb7, 0x9b, 0xb7, 0x9b,
  0xb7, 0x9b, 0xb7, 0x9b, 0xb7, 0x9b, 0xb7, 0x9b, 0xb7, 0x9b, 0xb7, 0x9b, 0xb7, 0x9b, 0xb7, 0x9b,
  0xb7, 0x9b, 0xb7, 0x9b, 0xb7, 0x9b, 0xb7, 0x9b, 0xb7, 0x9b, 0x82, 0x10, 0x82, 0x10, 0x82, 0x10,
  0x00, 0x00, 0x00, 0x00, 0x00, 0x00, 0x00, 0x00, 0x00, 0x00, 0x00, 0x00, 0x00, 0x00, 0x00, 0x00,
  0x00, 0x00, 0x00, 0x00, 0x00, 0x00, 0x00, 0x00, 0x00, 0x00, 0x00, 0x00, 0x00, 0x00, 0x00, 0x00,
  0x00, 0x00, 0x00, 0x00, 0x00, 0x00, 0x00, 0x00, 0x00, 0x00, 0x00, 0x00, 0x00, 0x00, 0x00, 0x00,
  0x00, 0x00, 0x00, 0x00, 0x00, 0x00, 0x00, 0x00, 0x00, 0x00, 0x00, 0x00, 0x00, 0x00, 0x00, 0x00,
  0x00, 0x00, 0x00, 0x00, 0x00, 0x00, 0x00, 0x00, 0x00, 0x00, 0x00, 0x00, 0x00, 0x00, 0x00, 0x00,
  0x00, 0x00, 0x00, 0x00, 0x00, 0x00, 0x00, 0x00, 0x00, 0x00, 0x00, 0x00, 0x00, 0x00, 0x00, 0x00,
  0x00, 0x00, 0x00, 0x00, 0x00, 0x00, 0x00, 0x00, 0x00, 0x00, 0x00, 0x00, 0x00, 0x00, 0x00, 0x00,
  0x00, 0x00, 0x00, 0x00, 0x00, 0x00, 0x00, 0x00, 0x49, 0x49, 0x49, 0x49, 0x78, 0xbc, 0x78, 0xbc,
  0x78, 0xbc, 0x78, 0xbc, 0x78, 0xbc, 0x78, 0xbc, 0x78, 0xbc, 0x78, 0xbc, 0x78, 0xbc, 0x78, 0xbc,
  0x78, 0xbc, 0x78, 0xbc, 0x78, 0xbc, 0x78, 0xbc, 0x78, 0xbc, 0x78, 0xbc, 0x78, 0xbc, 0x78, 0xbc,
  0xb7, 0x9b, 0xb7, 0x9b, 0xb7, 0x9b, 0x49, 0x49, 0x49, 0x49, 0x49, 0x49, 0x49, 0x49, 0x49, 0x49,
  0x49, 0x49, 0x49, 0x49, 0x49, 0x49, 0x49, 0x49, 0x49, 0x49, 0x49, 0x49, 0x49, 0x49, 0x82, 0x10,
  0x82, 0x10, 0x82, 0x10, 0xb7, 0x9b, 0xb7, 0x9b, 0xb7, 0x9b, 0xb7, 0x9b, 0xb7, 0x9b, 0xb7, 0x9b,
  0xb7, 0x9b, 0xb7, 0x9b, 0xb7, 0x9b, 0xb7, 0x9b, 0xb7, 0x9b, 0xb7, 0x9b, 0xb7, 0x9b, 0xb7, 0x9b,
  0xb7, 0x9b, 0xb7, 0x9b, 0xb7, 0x9b, 0xb7, 0x9b, 0xb7, 0x9b, 0xb7, 0x9b, 0xb7, 0x9b, 0xb7, 0x9b,
  0xb7, 0x9b, 0xb7, 0x9b, 0xb7, 0x9b, 0xb7, 0x9b, 0xb7, 0x9b, 0xb7, 0x9b, 0xb7, 0x9b, 0xb7, 0x9b,
  0xb7, 0x9b, 0xb7, 0x9b, 0xb7, 0x9b, 0xb7, 0x9b, 0xb7, 0x9b, 0xb7, 0x9b, 0xb7, 0x9b, 0xb7, 0x9b,
  0xb7, 0x9b, 0x78, 0xbc, 0x78, 0xbc, 0x78, 0xbc, 0x78, 0xbc, 0x78, 0xbc, 0x78, 0xbc, 0xb7, 0x9b,
  0xb7, 0x9b, 0xb7, 0x9b, 0xb7, 0x9b, 0xb7, 0x9b, 0x49, 0x49, 0x49, 0x49, 0x49, 0x49, 0x49, 0x49,
  0xeb, 0xfa, 0xeb, 0xfa, 0xeb, 0xfa, 0xeb, 0xfa, 0xeb, 0xfa, 0xeb, 0xfa, 0x74, 0x5a, 0x74, 0x5a,
  0xb7, 0x9b, 0xb7, 0x9b, 0xb7, 0x9b, 0xb7, 0x9b, 0xb7, 0x9b, 0xb7, 0x9b, 0xb7, 0x9b, 0xb7, 0x9b,
  0xb7, 0x9b, 0xb7, 0x9b, 0xb7, 0x9b, 0xb7, 0x9b, 0x35, 0x7b, 0x35, 0x7b, 0x35, 0x7b, 0x74, 0x5a,
  0x74, 0x5a, 0x74, 0x5a, 0x74, 0x5a, 0x74, 0x5a, 0x74, 0x5a, 0x74, 0x5a, 0x74, 0x5a, 0x74, 0x5a,
  0x74, 0x5a, 0x74, 0x5a, 0x74, 0x5a, 0xb7, 0x9b, 0xb7, 0x9b, 0xb7, 0x9b, 0xb7, 0x9b, 0xb7, 0x9b,
  0xb7, 0x9b, 0xb7, 0x9b, 0xb7, 0x9b, 0xb7, 0x9b, 0xb7, 0x9b, 0xb7, 0x9b, 0xb7, 0x9b, 0xb7, 0x9b,
  0xb7, 0x9b, 0xb7, 0x9b, 0xb7, 0x9b, 0xb7, 0x9b, 0xb7, 0x9b, 0xb7, 0x9b, 0xb7, 0x9b, 0xb7, 0x9b,
  0xb7, 0x9b, 0xb7, 0x9b, 0xb7, 0x9b, 0xb7, 0x9b, 0xb7, 0x9b, 0xb7, 0x9b, 0x35, 0x7b, 0x35, 0x7b,
  0x35, 0x7b, 0x82, 0x10, 0x82, 0x10, 0x82, 0x10, 0x00, 0x00, 0x00, 0x00, 0x00, 0x00, 0x00, 0x00,
  0x00, 0x00, 0x00, 0x00, 0x00, 0x00, 0x00, 0x00, 0x00, 0x00, 0x00, 0x00, 0x00, 0x00, 0x00, 0x00,
  0x00, 0x00, 0x00, 0x00, 0x00, 0x00, 0x00, 0x00, 0x00, 0x00, 0x00, 0x00, 0x00, 0x00, 0x00, 0x00,
  0x00, 0x00, 0x00, 0x00, 0x00, 0x00, 0x00, 0x00, 0x00, 0x00, 0x00, 0x00, 0x00, 0x00, 0x00, 0x00,
  0x00, 0x00, 0x00, 0x00, 0x00, 0x00, 0x00, 0x00, 0x00, 0x00, 0x00, 0x00, 0x00, 0x00, 0x00, 0x00,
  0x00, 0x00, 0x00, 0x00, 0x00, 0x00, 0x00, 0x00, 0x00, 0x00, 0x00, 0x00, 0x00, 0x00, 0x00, 0x00,
  0x00, 0x00, 0x00, 0x00, 0x00, 0x00, 0x00, 0x00, 0x00, 0x00, 0x00, 0x00, 0x00, 0x00, 0x00, 0x00,
  0x00, 0x00, 0x00, 0x00, 0x00, 0x00, 0x00, 0x00, 0x00, 0x00, 0x00, 0x00, 0x00, 0x00, 0x00, 0x00,
  0x49, 0x49, 0x49, 0x49, 0x78, 0xbc, 0x78, 0xbc, 0x78, 0xbc, 0x78, 0xbc, 0x78, 0xbc, 0x78, 0xbc,
  0x78, 0xbc, 0x78, 0xbc, 0x78, 0xbc, 0x78, 0xbc, 0x78, 0xbc, 0x78, 0xbc, 0x78, 0xbc, 0x78, 0xbc,
  0x78, 0xbc, 0x78, 0xbc, 0x78, 0xbc, 0x78, 0xbc, 0xb7, 0x9b, 0xb7, 0x9b, 0xb7, 0x9b, 0x49, 0x49,
  0x49, 0x49, 0x49, 0x49, 0x49, 0x49, 0x49, 0x49, 0x49, 0x49, 0x49, 0x49, 0x49, 0x49, 0x49, 0x49,
  0x49, 0x49, 0x49, 0x49, 0x49, 0x49, 0x82, 0x10, 0x82, 0x10, 0x82, 0x10, 0xb7, 0x9b, 0xb7, 0x9b,
  0xb7, 0x9b, 0xb7, 0x9b, 0xb7, 0x9b, 0xb7, 0x9b, 0xb7, 0x9b, 0xb7, 0x9b, 0xb7, 0x9b, 0xb7, 0x9b,
  0xb7, 0x9b, 0xb7, 0x9b, 0xb7, 0x9b, 0xb7, 0x9b, 0xb7, 0x9b, 0xb7, 0x9b, 0xb7, 0x9b, 0xb7, 0x9b,
  0xb7, 0x9b, 0xb7, 0x9b, 0xb7, 0x9b, 0xb7, 0x9b, 0xb7, 0x9b, 0xb7, 0x9b, 0xb7, 0x9b, 0xb7, 0x9b,
  0xb7, 0x9b, 0xb7, 0x9b, 0xb7, 0x9b, 0xb7, 0x9b, 0xb7, 0x9b, 0xb7, 0x9b, 0xb7, 0x9b, 0xb7, 0x9b,
  0xb7, 0x9b, 0xb7, 0x9b, 0xb7, 0x9b, 0xb7, 0x9b, 0xb7, 0x9b, 0x78, 0xbc, 0x78, 0xbc, 0x78, 0xbc,
  0x78, 0xbc, 0x78, 0xbc, 0x78, 0xbc, 0xb7, 0x9b, 0xb7, 0x9b, 0xb7, 0x9b, 0xb7, 0x9b, 0xb7, 0x9b,
  0x49, 0x49, 0x49, 0x49, 0x49, 0x49, 0x49, 0x49, 0xeb, 0xfa, 0xeb, 0xfa, 0xeb, 0xfa, 0xeb, 0xfa,
  0xeb, 0xfa, 0xeb, 0xfa, 0x74, 0x5a, 0x74, 0x5a, 0xb7, 0x9b, 0xb7, 0x9b, 0xb7, 0x9b, 0xb7, 0x9b,
  0xb7, 0x9b, 0xb7, 0x9b, 0xb7, 0x9b, 0xb7, 0x9b, 0xb7, 0x9b, 0xb7, 0x9b, 0xb7, 0x9b, 0xb7, 0x9b,
  0x35, 0x7b, 0x35, 0x7b, 0x35, 0x7b, 0x74, 0x5a, 0x74, 0x5a, 0x74, 0x5a, 0x74, 0x5a, 0x74, 0x5a,
  0x74, 0x5a, 0x74, 0x5a, 0x74, 0x5a, 0x74, 0x5a, 0x74, 0x5a, 0x74, 0x5a, 0x74, 0x5a, 0xb7, 0x9b,
  0xb7, 0x9b, 0xb7, 0x9b, 0xb7, 0x9b, 0xb7, 0x9b, 0xb7, 0x9b, 0xb7, 0x9b, 0xb7, 0x9b, 0xb7, 0x9b,
  0xb7, 0x9b, 0xb7, 0x9b, 0xb7, 0x9b, 0xb7, 0x9b, 0xb7, 0x9b, 0xb7, 0x9b, 0xb7, 0x9b, 0xb7, 0x9b,
  0xb7, 0x9b, 0xb7, 0x9b, 0xb7, 0x9b, 0xb7, 0x9b, 0xb7, 0x9b, 0xb7, 0x9b, 0xb7, 0x9b, 0xb7, 0x9b,
  0xb7, 0x9b, 0xb7, 0x9b, 0x35, 0x7b, 0x35, 0x7b, 0x35, 0x7b, 0x82, 0x10, 0x82, 0x10, 0x82, 0x10,
  0x00, 0x00, 0x00, 0x00, 0x00, 0x00, 0x00, 0x00, 0x00, 0x00, 0x00, 0x00, 0x00, 0x00, 0x00, 0x00,
  0x00, 0x00, 0x00, 0x00, 0x00, 0x00, 0x00, 0x00, 0x00, 0x00, 0x00, 0x00, 0x00, 0x00, 0x00, 0x00,
  0x00, 0x00, 0x00, 0x00, 0x00, 0x00, 0x00, 0x00, 0x00, 0x00, 0x00, 0x00, 0x00, 0x00, 0x00, 0x00,
  0x00, 0x00, 0x00, 0x00, 0x00, 0x00, 0x00, 0x00, 0x00, 0x00, 0x00, 0x00, 0x00, 0x00, 0x00, 0x00,
  0x00, 0x00, 0x00, 0x00, 0x00, 0x00, 0x00, 0x00, 0x00, 0x00, 0x00, 0x00, 0x00, 0x00, 0x00, 0x00,
  0x00, 0x00, 0x00, 0x00, 0x00, 0x00, 0x00, 0x00, 0x00, 0x00, 0x00, 0x00, 0x00, 0x00, 0x00, 0x00,
  0x00, 0x00, 0x00, 0x00, 0x00, 0x00, 0x00, 0x00, 0x00, 0x00, 0x00, 0x00, 0x00, 0x00, 0x00, 0x00,
  0x00, 0x00, 0x00, 0x00, 0x00, 0x00, 0x00, 0x00, 0x49, 0x49, 0x49, 0x49, 0x78, 0xbc, 0x78, 0xbc,
  0x78, 0xbc, 0x78, 0xbc, 0x78, 0xbc, 0x78, 0xbc, 0x78, 0xbc, 0x78, 0xbc, 0x78, 0xbc, 0x78, 0xbc,
  0x78, 0xbc, 0x78, 0xbc, 0x78, 0xbc, 0x78, 0xbc, 0x78, 0xbc, 0x78, 0xbc, 0x78, 0xbc, 0x78, 0xbc,
  0xb7, 0x9b, 0xb7, 0x9b, 0xb7, 0x9b, 0x49, 0x49, 0x49, 0x49, 0x49, 0x49, 0x49, 0x49, 0x49, 0x49,
  0x49, 0x49, 0x49, 0x49, 0x49, 0x49, 0x49, 0x49, 0x49, 0x49, 0x49, 0x49, 0x49, 0x49, 0x82, 0x10,
  0x82, 0x10, 0x82, 0x10, 0xb7, 0x9b, 0xb7, 0x9b, 0xb7, 0x9b, 0xb7, 0x9b, 0xb7, 0x9b, 0xb7, 0x9b,
  0xb7, 0x9b, 0xb7, 0x9b, 0xb7, 0x9b, 0xb7, 0x9b, 0xb7, 0x9b, 0xb7, 0x9b, 0xb7, 0x9b, 0xb7, 0x9b,
  0xb7, 0x9b, 0xb7, 0x9b, 0xb7, 0x9b, 0xb7, 0x9b, 0xb7, 0x9b, 0xb7, 0x9b, 0xb7, 0x9b, 0xb7, 0x9b,
  0xb7, 0x9b, 0xb7, 0x9b, 0xb7, 0x9b, 0xb7, 0x9b, 0xb7, 0x9b, 0xb7, 0x9b, 0xb7, 0x9b, 0xb7, 0x9b,
  0xb7, 0x9b, 0xb7, 0x9b, 0xb7, 0x9b, 0xb7, 0x9b, 0xb7, 0x9b, 0xb7, 0x9b, 0xb7, 0x9b, 0xb7, 0x9b,
  0xb7, 0x9b, 0x78, 0xbc, 0x78, 0xbc, 0x78, 0xbc, 0x78, 0xbc, 0x78, 0xbc, 0x78, 0xbc, 0xb7, 0x9b,
  0xb7, 0x9b, 0xb7, 0x9b, 0xb7, 0x9b, 0xb7, 0x9b, 0x49, 0x49, 0x49, 0x49, 0x49, 0x49, 0x49, 0x49,
  0xeb, 0xfa, 0xeb, 0xfa, 0xeb, 0xfa, 0xeb, 0xfa, 0xeb, 0xfa, 0xeb, 0xfa, 0x74, 0x5a, 0x74, 0x5a,
  0xb7, 0x9b, 0xb7, 0x9b, 0xb7, 0x9b, 0xb7, 0x9b, 0xb7, 0x9b, 0xb7, 0x9b, 0xb7, 0x9b, 0xb7, 0x9b,
  0xb7, 0x9b, 0xb7, 0x9b, 0xb7, 0x9b, 0xb7, 0x9b, 0x35, 0x7b, 0x35, 0x7b, 0x35, 0x7b, 0x74, 0x5a,
  0x74, 0x5a, 0x74, 0x5a, 0x74, 0x5a, 0x74, 0x5a, 0x74, 0x5a, 0x74, 0x5a, 0x74, 0x5a, 0x74, 0x5a,
  0x74, 0x5a, 0x74, 0x5a, 0x74, 0x5a, 0xb7, 0x9b, 0xb7, 0x9b, 0xb7, 0x9b, 0xb7, 0x9b, 0xb7, 0x9b,
  0xb7, 0x9b, 0xb7, 0x9b, 0xb7, 0x9b, 0xb7, 0x9b, 0xb7, 0x9b, 0xb7, 0x9b, 0xb7, 0x9b, 0xb7, 0x9b,
  0xb7, 0x9b, 0xb7, 0x9b, 0xb7, 0x9b, 0xb7, 0x9b, 0xb7, 0x9b, 0xb7, 0x9b, 0xb7, 0x9b, 0xb7, 0x9b,
  0xb7, 0x9b, 0xb7, 0x9b, 0xb7, 0x9b, 0xb7, 0x9b, 0xb7, 0x9b, 0xb7, 0x9b, 0x35, 0x7b, 0x35, 0x7b,
  0x35, 0x7b, 0x82, 0x10, 0x82, 0x10, 0x82, 0x10, 0x00, 0x00, 0x00, 0x00, 0x00, 0x00, 0x00, 0x00,
  0x00, 0x00, 0x00, 0x00, 0x00, 0x00, 0x00, 0x00, 0x00, 0x00, 0x00, 0x00, 0x00, 0x00, 0x00, 0x00,
  0x00, 0x00, 0x00, 0x00, 0x00, 0x00, 0x00, 0x00, 0x00, 0x00, 0x00, 0x00, 0x00, 0x00, 0x00, 0x00,
  0x00, 0x00, 0x00, 0x00, 0x00, 0x00, 0x00, 0x00, 0x00, 0x00, 0x00, 0x00, 0x00, 0x00, 0x00, 0x00,
  0x00, 0x00, 0x00, 0x00, 0x00, 0x00, 0x00, 0x00, 0x00, 0x00, 0x00, 0x00, 0x00, 0x00, 0x00, 0x00,
  0x00, 0x00, 0x00, 0x00, 0x00, 0x00, 0x00, 0x00, 0x00, 0x00, 0x00, 0x00, 0x00, 0x00, 0x00, 0x00,
  0x00, 0x00, 0x00, 0x00, 0x00, 0x00, 0x00, 0x00, 0x00, 0x00, 0x00, 0x00, 0x00, 0x00, 0x00, 0x00,
  0x00, 0x00, 0x00, 0x00, 0x00, 0x00, 0x00, 0x00, 0x00, 0x00, 0x00, 0x00, 0x00, 0x00, 0x00, 0x00,
  0x00, 0x00, 0x00, 0x00, 0x49, 0x49, 0x49, 0x49, 0x49, 0x49, 0x78, 0xbc, 0x78, 0xbc, 0x78, 0xbc,
  0x78, 0xbc, 0x78, 0xbc, 0x78, 0xbc, 0x78, 0xbc, 0x78, 0xbc, 0x78, 0xbc, 0x78, 0xbc, 0x78, 0xbc,
  0x78, 0xbc, 0x78, 0xbc, 0x78, 0xbc, 0x78, 0xbc, 0xb7, 0x9b, 0xb7, 0x9b, 0xb7, 0x9b, 0xb7, 0x9b,
  0xb7, 0x9b, 0xb7, 0x9b, 0x35, 0x7b, 0x35, 0x7b, 0x35, 0x7b, 0x74, 0x5a, 0x74, 0x5a, 0x74, 0x5a,
  0x82, 0x10, 0x82, 0x10, 0x82, 0x10, 0xb7, 0x9b, 0xb7, 0x9b, 0xb7, 0x9b, 0xb7, 0x9b, 0xb7, 0x9b,
  0xb7, 0x9b, 0xb7, 0x9b, 0xb7, 0x9b, 0xb7, 0x9b, 0xb7, 0x9b, 0xb7, 0x9b, 0xb7, 0x9b, 0xb7, 0x9b,
  0xb7, 0x9b, 0xb7, 0x9b, 0xb7, 0x9b, 0xb7, 0x9b, 0xb7, 0x9b, 0xb7, 0x9b, 0xb7, 0x9b, 0xb7, 0x9b,
  0xb7, 0x9b, 0xb7, 0x9b, 0xb7, 0x9b, 0xb7, 0x9b, 0xb7, 0x9b, 0xb7, 0x9b, 0xb7, 0x9b, 0xb7, 0x9b,
  0xb7, 0x9b, 0xb7, 0x9b, 0xb7, 0x9b, 0xb7, 0x9b, 0xb7, 0x9b, 0xb7, 0x9b, 0xb7, 0x9b, 0xb7, 0x9b,
  0xb7, 0x9b, 0xb7, 0x9b, 0xb7, 0x9b, 0xb7, 0x9b, 0xb7, 0x9b, 0x78, 0xbc, 0x78, 0xbc, 0x78, 0xbc,
  0x78, 0xbc, 0x78, 0xbc, 0x78, 0xbc, 0xb7, 0x9b, 0xb7, 0x9b, 0xb7, 0x9b, 0x49, 0x49, 0x49, 0x49,
  0xeb, 0xfa, 0xeb, 0xfa, 0xeb, 0xfa, 0xeb, 0xfa, 0xeb, 0xfa, 0xeb, 0xfa, 0xeb, 0xfa, 0xeb, 0xfa,
  0xeb, 0xfa, 0xeb, 0xfa, 0x74, 0x5a, 0x74, 0x5a, 0xb7, 0x9b, 0xb7, 0x9b, 0xb7, 0x9b, 0xb7, 0x9b,
  0xb7, 0x9b, 0xb7, 0x9b, 0xb7, 0x9b, 0xb7, 0x9b, 0xb7, 0x9b, 0xb7, 0x9b, 0xb7, 0x9b, 0xb7, 0x9b,
  0xb7, 0x9b, 0xb7, 0x9b, 0xb7, 0x9b, 0x74, 0x5a, 0x74, 0x5a, 0x74, 0x5a, 0x74, 0x5a, 0x74, 0x5a,
  0x74, 0x5a, 0x74, 0x5a, 0x74, 0x5a, 0x74, 0x5a, 0x74, 0x5a, 0x74, 0x5a, 0x74, 0x5a, 0xb7, 0x9b,
  0xb7, 0x9b, 0xb7, 0x9b, 0xb7, 0x9b, 0xb7, 0x9b, 0xb7, 0x9b, 0xb7, 0x9b, 0xb7, 0x9b, 0xb7, 0x9b,
  0xb7, 0x9b, 0xb7, 0x9b, 0xb7, 0x9b, 0xb7, 0x9b, 0xb7, 0x9b, 0xb7, 0x9b, 0xb7, 0x9b, 0xb7, 0x9b,
  0xb7, 0x9b, 0xb7, 0x9b, 0xb7, 0x9b, 0xb7, 0x9b, 0x35, 0x7b, 0x35, 0x7b, 0x35, 0x7b, 0x74, 0x5a,
  0x74, 0x5a, 0x74, 0x5a, 0x82, 0x10, 0x82, 0x10, 0x82, 0x10, 0x00, 0x00, 0x00, 0x00, 0x00, 0x00,
  0x00, 0x00, 0x00, 0x00, 0x00, 0x00, 0x00, 0x00, 0x00, 0x00, 0x00, 0x00, 0x00, 0x00, 0x00, 0x00,
  0x00, 0x00, 0x00, 0x00, 0x00, 0x00, 0x00, 0x00, 0x00, 0x00, 0x00, 0x00, 0x00, 0x00, 0x00, 0x00,
  0x00, 0x00, 0x00, 0x00, 0x00, 0x00, 0x00, 0x00, 0x00, 0x00, 0x00, 0x00, 0x00, 0x00, 0x00, 0x00,
  0x00, 0x00, 0x00, 0x00, 0x00, 0x00, 0x00, 0x00, 0x00, 0x00, 0x00, 0x00, 0x00, 0x00, 0x00, 0x00,
  0x00, 0x00, 0x00, 0x00, 0x00, 0x00, 0x00, 0x00, 0x00, 0x00, 0x00, 0x00, 0x00, 0x00, 0x00, 0x00,
  0x00, 0x00, 0x00, 0x00, 0x00, 0x00, 0x00, 0x00, 0x00, 0x00, 0x00, 0x00, 0x00, 0x00, 0x00, 0x00,
  0x00, 0x00, 0x00, 0x00, 0x00, 0x00, 0x00, 0x00, 0x00, 0x00, 0x00, 0x00, 0x00, 0x00, 0x00, 0x00,
  0x00, 0x00, 0x00, 0x00, 0x00, 0x00, 0x00, 0x00, 0x00, 0x00, 0x00, 0x00, 0x49, 0x49, 0x49, 0x49,
  0x49, 0x49, 0x78, 0xbc, 0x78, 0xbc, 0x78, 0xbc, 0x78, 0xbc, 0x78, 0xbc, 0x78, 0xbc, 0x78, 0xbc,
  0x78, 0xbc, 0x78, 0xbc, 0x78, 0xbc, 0x78, 0xbc, 0x78, 0xbc, 0x78, 0xbc, 0x78, 0xbc, 0x78, 0xbc,
  0xb7, 0x9b, 0xb7, 0x9b, 0xb7, 0x9b, 0xb7, 0x9b, 0xb7, 0x9b, 0xb7, 0x9b, 0x35, 0x7b, 0x35, 0x7b,
  0x35, 0x7b, 0x74, 0x5a, 0x74, 0x5a, 0x74, 0x5a, 0x82, 0x10, 0x82, 0x10, 0x82, 0x10, 0xb7, 0x9b,
  0xb7, 0x9b, 0xb7, 0x9b, 0xb7, 0x9b, 0xb7, 0x9b, 0xb7, 0x9b, 0xb7, 0x9b, 0xb7, 0x9b, 0xb7, 0x9b,
  0xb7, 0x9b, 0xb7, 0x9b, 0xb7, 0x9b, 0xb7, 0x9b, 0xb7, 0x9b, 0xb7, 0x9b, 0xb7, 0x9b, 0xb7, 0x9b,
  0xb7, 0x9b, 0xb7, 0x9b, 0xb7, 0x9b, 0xb7, 0x9b, 0xb7, 0x9b, 0xb7, 0x9b, 0xb7, 0x9b, 0xb7, 0x9b,
  0xb7, 0x9b, 0xb7, 0x9b, 0xb7, 0x9b, 0xb7, 0x9b, 0xb7, 0x9b, 0xb7, 0x9b, 0xb7, 0x9b, 0xb7, 0x9b,
  0xb7, 0x9b, 0xb7, 0x9b, 0xb7, 0x9b, 0xb7, 0x9b, 0xb7, 0x9b, 0xb7, 0x9b, 0xb7, 0x9b, 0xb7, 0x9b,
  0xb7, 0x9b, 0x78, 0xbc, 0x78, 0xbc, 0x78, 0xbc, 0x78, 0xbc, 0x78, 0xbc, 0x78, 0xbc, 0xb7, 0x9b,
  0xb7, 0x9b, 0xb7, 0x9b, 0x49, 0x49, 0x49, 0x49, 0xeb, 0xfa, 0xeb, 0xfa, 0xeb, 0xfa, 0xeb, 0xfa,
  0xeb, 0xfa, 0xeb, 0xfa, 0xeb, 0xfa, 0xeb, 0xfa, 0xeb, 0xfa, 0xeb, 0xfa, 0x74, 0x5a, 0x74, 0x5a,
  0xb7, 0x9b, 0xb7, 0x9b, 0xb7, 0x9b, 0xb7, 0x9b, 0xb7, 0x9b, 0xb7, 0x9b, 0xb7, 0x9b, 0xb7, 0x9b,
  0xb7, 0x9b, 0xb7, 0x9b, 0xb7, 0x9b, 0xb7, 0x9b, 0xb7, 0x9b, 0xb7, 0x9b, 0xb7, 0x9b, 0x74, 0x5a,
  0x74, 0x5a, 0x74, 0x5a, 0x74, 0x5a, 0x74, 0x5a, 0x74, 0x5a, 0x74, 0x5a, 0x74, 0x5a, 0x74, 0x5a,
  0x74, 0x5a, 0x74, 0x5a, 0x74, 0x5a, 0xb7, 0x9b, 0xb7, 0x9b, 0xb7, 0x9b, 0xb7, 0x9b, 0xb7, 0x9b,
  0xb7, 0x9b, 0xb7, 0x9b, 0xb7, 0x9b, 0xb7, 0x9b, 0xb7, 0x9b, 0xb7, 0x9b, 0xb7, 0x9b, 0xb7, 0x9b,
  0xb7, 0x9b, 0xb7, 0x9b, 0xb7, 0x9b, 0xb7, 0x9b, 0xb7, 0x9b, 0xb7, 0x9b, 0xb7, 0x9b, 0xb7, 0x9b,
  0x35, 0x7b, 0x35, 0x7b, 0x35, 0x7b, 0x74, 0x5a, 0x74, 0x5a, 0x74, 0x5a, 0x82, 0x10, 0x82, 0x10,
  0x82, 0x10, 0x00, 0x00, 0x00, 0x00, 0x00, 0x00, 0x00, 0x00, 0x00, 0x00, 0x00, 0x00, 0x00, 0x00,
  0x00, 0x00, 0x00, 0x00, 0x00, 0x00, 0x00, 0x00, 0x00, 0x00, 0x00, 0x00, 0x00, 0x00, 0x00, 0x00,
  0x00, 0x00, 0x00, 0x00, 0x00, 0x00, 0x00, 0x00, 0x00, 0x00, 0x00, 0x00, 0x00, 0x00, 0x00, 0x00,
  0x00, 0x00, 0x00, 0x00, 0x00, 0x00, 0x00, 0x00, 0x00, 0x00, 0x00, 0x00, 0x00, 0x00, 0x00, 0x00,
  0x00, 0x00, 0x00, 0x00, 0x00, 0x00, 0x00, 0x00, 0x00, 0x00, 0x00, 0x00, 0x00, 0x00, 0x00, 0x00,
  0x00, 0x00, 0x00, 0x00, 0x00, 0x00, 0x00, 0x00, 0x00, 0x00, 0x00, 0x00, 0x00, 0x00, 0x00, 0x00,
  0x00, 0x00, 0x00, 0x00, 0x00, 0x00, 0x00, 0x00, 0x00, 0x00, 0x00, 0x00, 0x00, 0x00, 0x00, 0x00,
  0x00, 0x00, 0x00, 0x00, 0x00, 0x00, 0x00, 0x00, 0x00, 0x00, 0x00, 0x00, 0x00, 0x00, 0x00, 0x00,
  0x00, 0x00, 0x00, 0x00, 0x49, 0x49, 0x49, 0x49, 0x49, 0x49, 0x78, 0xbc, 0x78, 0xbc, 0x78, 0xbc,
  0x78, 0xbc, 0x78, 0xbc, 0x78, 0xbc, 0x78, 0xbc, 0x78, 0xbc, 0x78, 0xbc, 0x78, 0xbc, 0x78, 0xbc,
  0x78, 0xbc, 0x78, 0xbc, 0x78, 0xbc, 0x78, 0xbc, 0xb7, 0x9b, 0xb7, 0x9b, 0xb7, 0x9b, 0xb7, 0x9b,
  0xb7, 0x9b, 0xb7, 0x9b, 0x35, 0x7b, 0x35, 0x7b, 0x35, 0x7b, 0x74, 0x5a, 0x74, 0x5a, 0x74, 0x5a,
  0x82, 0x10, 0x82, 0x10, 0x82, 0x10, 0xb7, 0x9b, 0xb7, 0x9b, 0xb7, 0x9b, 0xb7, 0x9b, 0xb7, 0x9b,
  0xb7, 0x9b, 0xb7, 0x9b, 0xb7, 0x9b, 0xb7, 0x9b, 0xb7, 0x9b, 0xb7, 0x9b, 0xb7, 0x9b, 0xb7, 0x9b,
  0xb7, 0x9b, 0xb7, 0x9b, 0xb7, 0x9b, 0xb7, 0x9b, 0xb7, 0x9b, 0xb7, 0x9b, 0xb7, 0x9b, 0xb7, 0x9b,
  0xb7, 0x9b, 0xb7, 0x9b, 0xb7, 0x9b, 0xb7, 0x9b, 0xb7, 0x9b, 0xb7, 0x9b, 0xb7, 0x9b, 0xb7, 0x9b,
  0xb7, 0x9b, 0xb7, 0x9b, 0xb7, 0x9b, 0xb7, 0x9b, 0xb7, 0x9b, 0xb7, 0x9b, 0xb7, 0x9b, 0xb7, 0x9b,
  0xb7, 0x9b, 0xb7, 0x9b, 0xb7, 0x9b, 0xb7, 0x9b, 0xb7, 0x9b, 0x78, 0xbc, 0x78, 0xbc, 0x78, 0xbc,
  0x78, 0xbc, 0x78, 0xbc, 0x78, 0xbc, 0xb7, 0x9b, 0xb7, 0x9b, 0xb7, 0x9b, 0x49, 0x49, 0x49, 0x49,
  0xeb, 0xfa, 0xeb, 0xfa, 0xeb, 0xfa, 0xeb, 0xfa, 0xeb, 0xfa, 0xeb, 0xfa, 0xeb, 0xfa, 0xeb, 0xfa,
  0xeb, 0xfa, 0xeb, 0xfa, 0x74, 0x5a, 0x74, 0x5a, 0xb7, 0x9b, 0xb7, 0x9b, 0xb7, 0x9b, 0xb7, 0x9b,
  0xb7, 0x9b, 0xb7, 0x9b, 0xb7, 0x9b, 0xb7, 0x9b, 0xb7, 0x9b, 0xb7, 0x9b, 0xb7, 0x9b, 0xb7, 0x9b,
  0xb7, 0x9b, 0xb7, 0x9b, 0xb7, 0x9b, 0x74, 0x5a, 0x74, 0x5a, 0x74, 0x5a, 0x74, 0x5a, 0x74, 0x5a,
  0x74, 0x5a, 0x74, 0x5a, 0x74, 0x5a, 0x74, 0x5a, 0x74, 0x5a, 0x74, 0x5a, 0x74, 0x5a, 0xb7, 0x9b,
  0xb7, 0x9b, 0xb7, 0x9b, 0xb7, 0x9b, 0xb7, 0x9b, 0xb7, 0x9b, 0xb7, 0x9b, 0xb7, 0x9b, 0xb7, 0x9b,
  0xb7, 0x9b, 0xb7, 0x9b, 0xb7, 0x9b, 0xb7, 0x9b, 0xb7, 0x9b, 0xb7, 0x9b, 0xb7, 0x9b, 0xb7, 0x9b,
  0xb7, 0x9b, 0xb7, 0x9b, 0xb7, 0x9b, 0xb7, 0x9b, 0x35, 0x7b, 0x35, 0x7b, 0x35, 0x7b, 0x74, 0x5a,
  0x74, 0x5a, 0x74, 0x5a, 0x82, 0x10, 0x82, 0x10, 0x82, 0x10, 0x00, 0x00, 0x00, 0x00, 0x00, 0x00,
  0x00, 0x00, 0x00, 0x00, 0x00, 0x00, 0x00, 0x00, 0x00, 0x00, 0x00, 0x00, 0x00, 0x00, 0x00, 0x00,
  0x00, 0x00, 0x00, 0x00, 0x00, 0x00, 0x00, 0x00, 0x00, 0x00, 0x00, 0x00, 0x00, 0x00, 0x00, 0x00,
  0x00, 0x00, 0x00, 0x00, 0x00, 0x00, 0x00, 0x00, 0x00, 0x00, 0x00, 0x00, 0x00, 0x00, 0x00, 0x00,
  0x00, 0x00, 0x00, 0x00, 0x00, 0x00, 0x00, 0x00, 0x00, 0x00, 0x00, 0x00, 0x00, 0x00, 0x00, 0x00,
  0x00, 0x00, 0x00, 0x00, 0x00, 0x00, 0x00, 0x00, 0x00, 0x00, 0x00, 0x00, 0x00, 0x00, 0x00, 0x00,
  0x00, 0x00, 0x00, 0x00, 0x00, 0x00, 0x00, 0x00, 0x00, 0x00, 0x00, 0x00, 0x00, 0x00, 0x00, 0x00,
  0x00, 0x00, 0x00, 0x00, 0x00, 0x00, 0x00, 0x00, 0x00, 0x00, 0x00, 0x00, 0x00, 0x00, 0x00, 0x00,
  0x00, 0x00, 0x00, 0x00, 0x00, 0x00, 0x00, 0x00, 0x00, 0x00, 0x00, 0x00, 0x49, 0x49, 0x49, 0x49,
  0x49, 0x49, 0x78, 0xbc, 0x78, 0xbc, 0x78, 0xbc, 0x78, 0xbc, 0x78, 0xbc, 0x78, 0xbc, 0x78, 0xbc,
  0x78, 0xbc, 0x78, 0xbc, 0x78, 0xbc, 0x78, 0xbc, 0x78, 0xbc, 0x78, 0xbc, 0x78, 0xbc, 0x78, 0xbc,
  0xb7, 0x9b, 0xb7, 0x9b, 0xb7, 0x9b, 0xb7, 0x9b, 0xb7, 0x9b, 0xb7, 0x9b, 0x35, 0x7b, 0x35, 0x7b,
  0x35, 0x7b, 0x74, 0x5a, 0x74, 0x5a, 0x74, 0x5a, 0x82, 0x10, 0x82, 0x10, 0x82, 0x10, 0xb7, 0x9b,
  0xb7, 0x9b, 0xb7, 0x9b, 0xb7, 0x9b, 0xb7, 0x9b, 0xb7, 0x9b, 0xb7, 0x9b, 0xb7, 0x9b, 0xb7, 0x9b,
  0xb7, 0x9b, 0xb7, 0x9b, 0xb7, 0x9b, 0xb7, 0x9b, 0xb7, 0x9b, 0xb7, 0x9b, 0xb7, 0x9b, 0xb7, 0x9b,
  0xb7, 0x9b, 0xb7, 0x9b, 0xb7, 0x9b, 0xb7, 0x9b, 0xb7, 0x9b, 0xb7, 0x9b, 0xb7, 0x9b, 0xb7, 0x9b,
  0xb7, 0x9b, 0xb7, 0x9b, 0xb7, 0x9b, 0xb7, 0x9b, 0xb7, 0x9b, 0xb7, 0x9b, 0xb7, 0x9b, 0xb7, 0x9b,
  0xb7, 0x9b, 0xb7, 0x9b, 0xb7, 0x9b, 0xb7, 0x9b, 0xb7, 0x9b, 0xb7, 0x9b, 0xb7, 0x9b, 0xb7, 0x9b,
  0xb7, 0x9b, 0x78, 0xbc, 0x78, 0xbc, 0x78, 0xbc, 0x78, 0xbc, 0x78, 0xbc, 0x78, 0xbc, 0xb7, 0x9b,
  0xb7, 0x9b, 0xb7, 0x9b, 0x49, 0x49, 0x49, 0x49, 0xeb, 0xfa, 0xeb, 0xfa, 0xeb, 0xfa, 0xeb, 0xfa,
  0xeb, 0xfa, 0xeb, 0xfa, 0xeb, 0xfa, 0xeb, 0xfa, 0xeb, 0xfa, 0xeb, 0xfa, 0x74, 0x5a, 0x74, 0x5a,
  0xb7, 0x9b, 0xb7, 0x9b, 0xb7, 0x9b, 0xb7, 0x9b, 0xb7, 0x9b, 0xb7, 0x9b, 0xb7, 0x9b, 0xb7, 0x9b,
  0xb7, 0x9b, 0xb7, 0x9b, 0xb7, 0x9b, 0xb7, 0x9b, 0xb7, 0x9b, 0xb7, 0x9b, 0xb7, 0x9b, 0x74, 0x5a,
  0x74, 0x5a, 0x74, 0x5a, 0x74, 0x5a, 0x74, 0x5a, 0x74, 0x5a, 0x74, 0x5a, 0x74, 0x5a, 0x74, 0x5a,
  0x74, 0x5a, 0x74, 0x5a, 0x74, 0x5a, 0xb7, 0x9b, 0xb7, 0x9b, 0xb7, 0x9b, 0xb7, 0x9b, 0xb7, 0x9b,
  0xb7, 0x9b, 0xb7, 0x9b, 0xb7, 0x9b, 0xb7, 0x9b, 0xb7, 0x9b, 0xb7, 0x9b, 0xb7, 0x9b, 0xb7, 0x9b,
  0xb7, 0x9b, 0xb7, 0x9b, 0xb7, 0x9b, 0xb7, 0x9b, 0xb7, 0x9b, 0xb7, 0x9b, 0xb7, 0x9b, 0xb7, 0x9b,
  0x35, 0x7b, 0x35, 0x7b, 0x35, 0x7b, 0x74, 0x5a, 0x74, 0x5a, 0x74, 0x5a, 0x82, 0x10, 0x82, 0x10,
  0x82, 0x10, 0x00, 0x00, 0x00, 0x00, 0x00, 0x00, 0x00, 0x00, 0x00, 0x00, 0x00, 0x00, 0x00, 0x00,
  0x00, 0x00, 0x00, 0x00, 0x00, 0x00, 0x00, 0x00, 0x00, 0x00, 0x00, 0x00, 0x00, 0x00, 0x00, 0x00,
  0x00, 0x00, 0x00, 0x00, 0x00, 0x00, 0x00, 0x00, 0x00, 0x00, 0x00, 0x00, 0x00, 0x00, 0x00, 0x00,
  0x00, 0x00, 0x00, 0x00, 0x00, 0x00, 0x00, 0x00, 0x00, 0x00, 0x00, 0x00, 0x00, 0x00, 0x00, 0x00,
  0x00, 0x00, 0x00, 0x00, 0x00, 0x00, 0x00, 0x00, 0x00, 0x00, 0x00, 0x00, 0x00, 0x00, 0x00, 0x00,
  0x00, 0x00, 0x00, 0x00, 0x00, 0x00, 0x00, 0x00, 0x00, 0x00, 0x00, 0x00, 0x00, 0x00, 0x00, 0x00,
  0x00, 0x00, 0x00, 0x00, 0x00, 0x00, 0x00, 0x00, 0x00, 0x00, 0x00, 0x00, 0x00, 0x00, 0x00, 0x00,
  0x00, 0x00, 0x00, 0x00, 0x00, 0x00, 0x00, 0x00, 0x00, 0x00, 0x00, 0x00, 0x00, 0x00, 0x00, 0x00,
  0x00, 0x00, 0x00, 0x00, 0x49, 0x49, 0x49, 0x49, 0x49, 0x49, 0xb7, 0x9b, 0xb7, 0x9b, 0xb7, 0x9b,
  0xb7, 0x9b, 0xb7, 0x9b, 0xb7, 0x9b, 0x78, 0xbc, 0x78, 0xbc, 0x78, 0xbc, 0xb7, 0x9b, 0xb7, 0x9b,
  0xb7, 0x9b, 0xb7, 0x9b, 0xb7, 0x9b, 0xb7, 0x9b, 0x78, 0xbc, 0x78, 0xbc, 0x78, 0xbc, 0xb7, 0x9b,
  0xb7, 0x9b, 0xb7, 0x9b, 0x74, 0x5a, 0x74, 0x5a, 0x74, 0x5a, 0x74, 0x5a, 0x74, 0x5a, 0x74, 0x5a,
  0x82, 0x10, 0x82, 0x10, 0x82, 0x10, 0xb7, 0x9b, 0xb7, 0x9b, 0xb7, 0x9b, 0x49, 0x49, 0x49, 0x49,
  0x49, 0x49, 0x49, 0x49, 0x49, 0x49, 0x49, 0x49, 0xb7, 0x9b, 0xb7, 0x9b, 0xb7, 0x9b, 0xb7, 0x9b,
  0xb7, 0x9b, 0xb7, 0x9b, 0xb7, 0x9b, 0xb7, 0x9b, 0xb7, 0x9b, 0xb7, 0x9b, 0xb7, 0x9b, 0xb7, 0x9b,
  0xb7, 0x9b, 0xb7, 0x9b, 0xb7, 0x9b, 0xb7, 0x9b, 0xb7, 0x9b, 0xb7, 0x9b, 0xb7, 0x9b, 0xb7, 0x9b,
  0xb7, 0x9b, 0xb7, 0x9b, 0xb7, 0x9b, 0xb7, 0x9b, 0xb7, 0x9b, 0xb7, 0x9b, 0xb7, 0x9b, 0xb7, 0x9b,
  0xb7, 0x9b, 0x78, 0xbc, 0x78, 0xbc, 0x78, 0xbc, 0x78, 0xbc, 0x78, 0xbc, 0x78, 0xbc, 0x78, 0xbc,
  0xb7, 0x9b, 0xb7, 0x9b, 0xb7, 0x9b, 0x82, 0x10, 0x82, 0x10, 0x82, 0x10, 0xb3, 0xfc, 0xb3, 0xfc,
  0xb3, 0xfc, 0xb3, 0xfc, 0xb3, 0xfc, 0xb3, 0xfc, 0xeb, 0xfa, 0xeb, 0xfa, 0xeb, 0xfa, 0xeb, 0xfa,
  0xeb, 0xfa, 0xeb, 0xfa, 0x74, 0x5a, 0x74, 0x5a, 0xb7, 0x9b, 0xb7, 0x9b, 0xb7, 0x9b, 0xb7, 0x9b,
  0xb7, 0x9b, 0xb7, 0x9b, 0xb7, 0x9b, 0xb7, 0x9b, 0xb7, 0x9b, 0xb7, 0x9b, 0x74, 0x5a, 0x74, 0x5a,
  0xb7, 0x9b, 0xb7, 0x9b, 0xb7, 0x9b, 0x35, 0x7b, 0x35, 0x7b, 0x35, 0x7b, 0x74, 0x5a, 0x74, 0x5a,
  0x74, 0x5a, 0x74, 0x5a, 0x74, 0x5a, 0x74, 0x5a, 0x74, 0x5a, 0x74, 0x5a, 0x74, 0x5a, 0x35, 0x7b,
  0x35, 0x7b, 0x35, 0x7b, 0xb7, 0x9b, 0xb7, 0x9b, 0xb7, 0x9b, 0xb7, 0x9b, 0xb7, 0x9b, 0xb7, 0x9b,
  0xb7, 0x9b, 0xb7, 0x9b, 0xb7, 0x9b, 0xb7, 0x9b, 0xb7, 0x9b, 0xb7, 0x9b, 0xb7, 0x9b, 0xb7, 0x9b,
  0xb7, 0x9b, 0xb7, 0x9b, 0xb7, 0x9b, 0xb7, 0x9b, 0x35, 0x7b, 0x35, 0x7b, 0x35, 0x7b, 0x82, 0x10,
  0x82, 0x10, 0x82, 0x10, 0x00, 0x00, 0x00, 0x00, 0x00, 0x00, 0x00, 0x00, 0x00, 0x00, 0x00, 0x00,
  0x00, 0x00, 0x00, 0x00, 0x00, 0x00, 0x00, 0x00, 0x00, 0x00, 0x00, 0x00, 0x00, 0x00, 0x00, 0x00,
  0x00, 0x00, 0x00, 0x00, 0x00, 0x00, 0x00, 0x00, 0x00, 0x00, 0x00, 0x00, 0x00, 0x00, 0x00, 0x00,
  0x00, 0x00, 0x00, 0x00, 0x00, 0x00, 0x00, 0x00, 0x00, 0x00, 0x00, 0x00, 0x00, 0x00, 0x00, 0x00,
  0x00, 0x00, 0x00, 0x00, 0x00, 0x00, 0x00, 0x00, 0x00, 0x00, 0x00, 0x00, 0x00, 0x00, 0x00, 0x00,
  0x00, 0x00, 0x00, 0x00, 0x00, 0x00, 0x00, 0x00, 0x00, 0x00, 0x00, 0x00, 0x00, 0x00, 0x00, 0x00,
  0x00, 0x00, 0x00, 0x00, 0x00, 0x00, 0x00, 0x00, 0x00, 0x00, 0x00, 0x00, 0x00, 0x00, 0x00, 0x00,
  0x00, 0x00, 0x00, 0x00, 0x00, 0x00, 0x00, 0x00, 0x00, 0x00, 0x00, 0x00, 0x00, 0x00, 0x00, 0x00,
  0x00, 0x00, 0x00, 0x00, 0x00, 0x00, 0x00, 0x00, 0x00, 0x00, 0x00, 0x00, 0x49, 0x49, 0x49, 0x49,
  0x49, 0x49, 0xb7, 0x9b, 0xb7, 0x9b, 0xb7, 0x9b, 0xb7, 0x9b, 0xb7, 0x9b, 0xb7, 0x9b, 0x78, 0xbc,
  0x78, 0xbc, 0x78, 0xbc, 0xb7, 0x9b, 0xb7, 0x9b, 0xb7, 0x9b, 0xb7, 0x9b, 0xb7, 0x9b, 0xb7, 0x9b,
  0x78, 0xbc, 0x78, 0xbc, 0x78, 0xbc, 0xb7, 0x9b, 0xb7, 0x9b, 0xb7, 0x9b, 0x74, 0x5a, 0x74, 0x5a,
  0x74, 0x5a, 0x74, 0x5a, 0x74, 0x5a, 0x74, 0x5a, 0x82, 0x10, 0x82, 0x10, 0x82, 0x10, 0xb7, 0x9b,
  0xb7, 0x9b, 0xb7, 0x9b, 0x49, 0x49, 0x49, 0x49, 0x49, 0x49, 0x49, 0x49, 0x49, 0x49, 0x49, 0x49,
  0xb7, 0x9b, 0xb7, 0x9b, 0xb7, 0x9b, 0xb7, 0x9b, 0xb7, 0x9b, 0xb7, 0x9b, 0xb7, 0x9b, 0xb7, 0x9b,
  0xb7, 0x9b, 0xb7, 0x9b, 0xb7, 0x9b, 0xb7, 0x9b, 0xb7, 0x9b, 0xb7, 0x9b, 0xb7, 0x9b, 0xb7, 0x9b,
  0xb7, 0x9b, 0xb7, 0x9b, 0xb7, 0x9b, 0xb7, 0x9b, 0xb7, 0x9b, 0xb7, 0x9b, 0xb7, 0x9b, 0xb7, 0x9b,
  0xb7, 0x9b, 0xb7, 0x9b, 0xb7, 0x9b, 0xb7, 0x9b, 0xb7, 0x9b, 0x78, 0xbc, 0x78, 0xbc, 0x78, 0xbc,
  0x78, 0xbc, 0x78, 0xbc, 0x78, 0xbc, 0x78, 0xbc, 0xb7, 0x9b, 0xb7, 0x9b, 0xb7, 0x9b, 0x82, 0x10,
  0x82, 0x10, 0x82, 0x10, 0xb3, 0xfc, 0xb3, 0xfc, 0xb3, 0xfc, 0xb3, 0xfc, 0xb3, 0xfc, 0xb3, 0xfc,
  0xeb, 0xfa, 0xeb, 0xfa, 0xeb, 0xfa, 0xeb, 0xfa, 0xeb, 0xfa, 0xeb, 0xfa, 0x74, 0x5a, 0x74, 0x5a,
  0xb7, 0x9b, 0xb7, 0x9b, 0xb7, 0x9b, 0xb7, 0x9b, 0xb7, 0x9b, 0xb7, 0x9b, 0xb7, 0x9b, 0xb7, 0x9b,
  0xb7, 0x9b, 0xb7, 0x9b, 0x74, 0x5a, 0x74, 0x5a, 0xb7, 0x9b, 0xb7, 0x9b, 0xb7, 0x9b, 0x35, 0x7b,
  0x35, 0x7b, 0x35, 0x7b, 0x74, 0x5a, 0x74, 0x5a, 0x74, 0x5a, 0x74, 0x5a, 0x74, 0x5a, 0x74, 0x5a,
  0x74, 0x5a, 0x74, 0x5a, 0x74, 0x5a, 0x35, 0x7b, 0x35, 0x7b, 0x35, 0x7b, 0xb7, 0x9b, 0xb7, 0x9b,
  0xb7, 0x9b, 0xb7, 0x9b, 0xb7, 0x9b, 0xb7, 0x9b, 0xb7, 0x9b, 0xb7, 0x9b, 0xb7, 0x9b, 0xb7, 0x9b,
  0xb7, 0x9b, 0xb7, 0x9b, 0xb7, 0x9b, 0xb7, 0x9b, 0xb7, 0x9b, 0xb7, 0x9b, 0xb7, 0x9b, 0xb7, 0x9b,
  0x35, 0x7b, 0x35, 0x7b, 0x35, 0x7b, 0x82, 0x10, 0x82, 0x10, 0x82, 0x10, 0x00, 0x00, 0x00, 0x00,
  0x00, 0x00, 0x00, 0x00, 0x00, 0x00, 0x00, 0x00, 0x00, 0x00, 0x00, 0x00, 0x00, 0x00, 0x00, 0x00,
  0x00, 0x00, 0x00, 0x00, 0x00, 0x00, 0x00, 0x00, 0x00, 0x00, 0x00, 0x00, 0x00, 0x00, 0x00, 0x00,
  0x00, 0x00, 0x00, 0x00, 0x00, 0x00, 0x00, 0x00, 0x00, 0x00, 0x00, 0x00, 0x00, 0x00, 0x00, 0x00,
  0x00, 0x00, 0x00, 0x00, 0x00, 0x00, 0x00, 0x00, 0x00, 0x00, 0x00, 0x00, 0x00, 0x00, 0x00, 0x00,
  0x00, 0x00, 0x00, 0x00, 0x00, 0x00, 0x00, 0x00, 0x00, 0x00, 0x00, 0x00, 0x00, 0x00, 0x00, 0x00,
  0x00, 0x00, 0x00, 0x00, 0x00, 0x00, 0x00, 0x00, 0x00, 0x00, 0x00, 0x00, 0x00, 0x00, 0x00, 0x00,
  0x00, 0x00, 0x00, 0x00, 0x00, 0x00, 0x00, 0x00, 0x00, 0x00, 0x00, 0x00, 0x00, 0x00, 0x00, 0x00,
  0x00, 0x00, 0x00, 0x00, 0x00, 0x00, 0x00, 0x00, 0x00, 0x00, 0x00, 0x00, 0x00, 0x00, 0x00, 0x00,
  0x00, 0x00, 0x00, 0x00, 0xb7, 0x9b, 0xb7, 0x9b, 0xb7, 0x9b, 0xb7, 0x9b, 0xb7, 0x9b, 0xb7, 0x9b,
  0xb7, 0x9b, 0xb7, 0x9b, 0xb7, 0x9b, 0xb7, 0x9b, 0xb7, 0x9b, 0xb7, 0x9b, 0xb7, 0x9b, 0xb7, 0x9b,
  0xb7, 0x9b, 0xb7, 0x9b, 0xb7, 0x9b, 0xb7, 0x9b, 0xb7, 0x9b, 0xb7, 0x9b, 0xb7, 0x9b, 0x35, 0x7b,
  0x35, 0x7b, 0x35, 0x7b, 0x74, 0x5a, 0x74, 0x5a, 0x74, 0x5a, 0x74, 0x5a, 0x74, 0x5a, 0x74, 0x5a,
  0x49, 0x49, 0x49, 0x49, 0x49, 0x49, 0xb7, 0x9b, 0xb7, 0x9b, 0xb7, 0x9b, 0xb7, 0x9b, 0xb7, 0x9b,
  0xb7, 0x9b, 0xeb, 0xfa, 0xeb, 0xfa, 0xeb, 0xfa, 0x49, 0x49, 0x49, 0x49, 0x49, 0x49, 0xb7, 0x9b,
  0xb7, 0x9b, 0xb7, 0x9b, 0xb7, 0x9b, 0xb7, 0x9b, 0xb7, 0x9b, 0xb7, 0x9b, 0xb7, 0x9b, 0xb7, 0x9b,
  0xb7, 0x9b, 0xb7, 0x9b, 0xb7, 0x9b, 0xb7, 0x9b, 0xb7, 0x9b, 0xb7, 0x9b, 0xb7, 0x9b, 0xb7, 0x9b,
  0xb7, 0x9b, 0xb7, 0x9b, 0xb7, 0x9b, 0xb7, 0x9b, 0xb7, 0x9b, 0xb7, 0x9b, 0xb7, 0x9b, 0xb7, 0x9b,
  0xb7, 0x9b, 0x78, 0xbc, 0x78, 0xbc, 0x78, 0xbc, 0x78, 0xbc, 0x78, 0xbc, 0x78, 0xbc, 0x78, 0xbc,
  0x82, 0x10, 0x82, 0x10, 0x82, 0x10, 0x82, 0x10, 0x82, 0x10, 0x82, 0x10, 0xb3, 0xfc, 0xb3, 0xfc,
  0xb3, 0xfc, 0xb3, 0xfc, 0xb3, 0xfc, 0xb3, 0xfc, 0xb3, 0xfc, 0xb3, 0xfc, 0xb3, 0xfc, 0xeb, 0xfa,
  0xeb, 0xfa, 0xeb, 0xfa, 0x74, 0x5a, 0x74, 0x5a, 0xb7, 0x9b, 0xb7, 0x9b, 0xb7, 0x9b, 0xb7, 0x9b,
  0xb7, 0x9b, 0xb7, 0x9b, 0xb7, 0x9b, 0xb7, 0x9b, 0xb7, 0x9b, 0xb7, 0x9b, 0x49, 0x49, 0x49, 0x49,
  0xb7, 0x9b, 0xb7, 0x9b, 0xb7, 0x9b, 0xb7, 0x9b, 0xb7, 0x9b, 0xb7, 0x9b, 0x74, 0x5a, 0x74, 0x5a,
  0x74, 0x5a, 0x74, 0x5a, 0x74, 0x5a, 0x74, 0x5a, 0x74, 0x5a, 0x74, 0x5a, 0x74, 0x5a, 0x74, 0x5a,
  0x74, 0x5a, 0x74, 0x5a, 0xb7, 0x9b, 0xb7, 0x9b, 0xb7, 0x9b, 0xb7, 0x9b, 0xb7, 0x9b, 0xb7, 0x9b,
  0xb7, 0x9b, 0xb7, 0x9b, 0xb7, 0x9b, 0xb7, 0x9b, 0xb7, 0x9b, 0xb7, 0x9b, 0x35, 0x7b, 0x35, 0x7b,
  0x35, 0x7b, 0x74, 0x5a, 0x74, 0x5a, 0x74, 0x5a, 0x74, 0x5a, 0x74, 0x5a, 0x74, 0x5a, 0x00, 0x00,
  0x00, 0x00, 0x00, 0x00, 0x00, 0x00, 0x00, 0x00, 0x00, 0x00, 0x00, 0x00, 0x00, 0x00, 0x00, 0x00,
  0x00, 0x00, 0x00, 0x00, 0x00, 0x00, 0x00, 0x00, 0x00, 0x00, 0x00, 0x00, 0x00, 0x00, 0x00, 0x00,
  0x00, 0x00, 0x00, 0x00, 0x00, 0x00, 0x00, 0x00, 0x00, 0x00, 0x00, 0x00, 0x00, 0x00, 0x00, 0x00,
  0x00, 0x00, 0x00, 0x00, 0x00, 0x00, 0x00, 0x00, 0x00, 0x00, 0x00, 0x00, 0x00, 0x00, 0x00, 0x00,
  0x00, 0x00, 0x00, 0x00, 0x00, 0x00, 0x00, 0x00, 0x00, 0x00, 0x00, 0x00, 0x00, 0x00, 0x00, 0x00,
  0x00, 0x00, 0x00, 0x00, 0x00, 0x00, 0x00, 0x00, 0x00, 0x00, 0x00, 0x00, 0x00, 0x00, 0x00, 0x00,
  0x00, 0x00, 0x00, 0x00, 0x00, 0x00, 0x00, 0x00, 0x00, 0x00, 0x00, 0x00, 0x00, 0x00, 0x00, 0x00,
  0x00, 0x00, 0x00, 0x00, 0x00, 0x00, 0x00, 0x00, 0x00, 0x00, 0x00, 0x00, 0x00, 0x00, 0x00, 0x00,
  0x00, 0x00, 0x00, 0x00, 0x00, 0x00, 0x00, 0x00, 0x00, 0x00, 0x00, 0x00, 0xb7, 0x9b, 0xb7, 0x9b,
  0xb7, 0x9b, 0xb7, 0x9b, 0xb7, 0x9b, 0xb7, 0x9b, 0xb7, 0x9b, 0xb7, 0x9b, 0xb7, 0x9b, 0xb7, 0x9b,
  0xb7, 0x9b, 0xb7, 0x9b, 0xb7, 0x9b, 0xb7, 0x9b, 0xb7, 0x9b, 0xb7, 0x9b, 0xb7, 0x9b, 0xb7, 0x9b,
  0xb7, 0x9b, 0xb7, 0x9b, 0xb7, 0x9b, 0x35, 0x7b, 0x35, 0x7b, 0x35, 0x7b, 0x74, 0x5a, 0x74, 0x5a,
  0x74, 0x5a, 0x74, 0x5a, 0x74, 0x5a, 0x74, 0x5a, 0x49, 0x49, 0x49, 0x49, 0x49, 0x49, 0xb7, 0x9b,
  0xb7, 0x9b, 0xb7, 0x9b, 0xb7, 0x9b, 0xb7, 0x9b, 0xb7, 0x9b, 0xeb, 0xfa, 0xeb, 0xfa, 0xeb, 0xfa,
  0x49, 0x49, 0x49, 0x49, 0x49, 0x49, 0xb7, 0x9b, 0xb7, 0x9b, 0xb7, 0x9b, 0xb7, 0x9b, 0xb7, 0x9b,
  0xb7, 0x9b, 0xb7, 0x9b, 0xb7, 0x9b, 0xb7, 0x9b, 0xb7, 0x9b, 0xb7, 0x9b, 0xb7, 0x9b, 0xb7, 0x9b,
  0xb7, 0x9b, 0xb7, 0x9b, 0xb7, 0x9b, 0xb7, 0x9b, 0xb7, 0x9b, 0xb7, 0x9b, 0xb7, 0x9b, 0xb7, 0x9b,
  0xb7, 0x9b, 0xb7, 0x9b, 0xb7, 0x9b, 0xb7, 0x9b, 0xb7, 0x9b, 0x78, 0xbc, 0x78, 0xbc, 0x78, 0xbc,
  0x78, 0xbc, 0x78, 0xbc, 0x78, 0xbc, 0x78, 0xbc, 0x82, 0x10, 0x82, 0x10, 0x82, 0x10, 0x82, 0x10,
  0x82, 0x10, 0x82, 0x10, 0xb3, 0xfc, 0xb3, 0xfc, 0xb3, 0xfc, 0xb3, 0xfc, 0xb3, 0xfc, 0xb3, 0xfc,
  0xb3, 0xfc, 0xb3, 0xfc, 0xb3, 0xfc, 0xeb, 0xfa, 0xeb, 0xfa, 0xeb, 0xfa, 0x74, 0x5a, 0x74, 0x5a,
  0xb7, 0x9b, 0xb7, 0x9b, 0xb7, 0x9b, 0xb7, 0x9b, 0xb7, 0x9b, 0xb7, 0x9b, 0xb7, 0x9b, 0xb7, 0x9b,
  0xb7, 0x9b, 0xb7, 0x9b, 0x49, 0x49, 0x49, 0x49, 0xb7, 0x9b, 0xb7, 0x9b, 0xb7, 0x9b, 0xb7, 0x9b,
  0xb7, 0x9b, 0xb7, 0x9b, 0x74, 0x5a, 0x74, 0x5a, 0x74, 0x5a, 0x74, 0x5a, 0x74, 0x5a, 0x74, 0x5a,
  0x74, 0x5a, 0x74, 0x5a, 0x74, 0x5a, 0x74, 0x5a, 0x74, 0x5a, 0x74, 0x5a, 0xb7, 0x9b, 0xb7, 0x9b,
  0xb7, 0x9b, 0xb7, 0x9b, 0xb7, 0x9b, 0xb7, 0x9b, 0xb7, 0x9b, 0xb7, 0x9b, 0xb7, 0x9b, 0xb7, 0x9b,
  0xb7, 0x9b, 0xb7, 0x9b, 0x35, 0x7b, 0x35, 0x7b, 0x35, 0x7b, 0x74, 0x5a, 0x74, 0x5a, 0x74, 0x5a,
  0x74, 0x5a, 0x74, 0x5a, 0x74, 0x5a, 0x00, 0x00, 0x00, 0x00, 0x00, 0x00, 0x00, 0x00, 0x00, 0x00,
  0x00, 0x00, 0x00, 0x00, 0x00, 0x00, 0x00, 0x00, 0x00, 0x00, 0x00, 0x00, 0x00, 0x00, 0x00, 0x00,
  0x00, 0x00, 0x00, 0x00, 0x00, 0x00, 0x00, 0x00, 0x00, 0x00, 0x00, 0x00, 0x00, 0x00, 0x00, 0x00,
  0x00, 0x00, 0x00, 0x00, 0x00, 0x00, 0x00, 0x00, 0x00, 0x00, 0x00, 0x00, 0x00, 0x00, 0x00, 0x00,
  0x00, 0x00, 0x00, 0x00, 0x00, 0x00, 0x00, 0x00, 0x00, 0x00, 0x00, 0x00, 0x00, 0x00, 0x00, 0x00,
  0x00, 0x00, 0x00, 0x00, 0x00, 0x00, 0x00, 0x00, 0x00, 0x00, 0x00, 0x00, 0x00, 0x00, 0x00, 0x00,
  0x00, 0x00, 0x00, 0x00, 0x00, 0x00, 0x00, 0x00, 0x00, 0x00, 0x00, 0x00, 0x00, 0x00, 0x00, 0x00,
  0x00, 0x00, 0x00, 0x00, 0x00, 0x00, 0x00, 0x00, 0x00, 0x00, 0x00, 0x00, 0x00, 0x00, 0x00, 0x00,
  0x00, 0x00, 0x00, 0x00, 0x00, 0x00, 0x00, 0x00, 0x00, 0x00, 0x00, 0x00, 0x00, 0x00, 0x00, 0x00,
  0x00, 0x00, 0x00, 0x00, 0xb7, 0x9b, 0xb7, 0x9b, 0xb7, 0x9b, 0xb7, 0x9b, 0xb7, 0x9b, 0xb7, 0x9b,
  0xb7, 0x9b, 0xb7, 0x9b, 0xb7, 0x9b, 0xb7, 0x9b, 0xb7, 0x9b, 0xb7, 0x9b, 0xb7, 0x9b, 0xb7, 0x9b,
  0xb7, 0x9b, 0xb7, 0x9b, 0xb7, 0x9b, 0xb7, 0x9b, 0xb7, 0x9b, 0xb7, 0x9b, 0xb7, 0x9b, 0x35, 0x7b,
  0x35, 0x7b, 0x35, 0x7b, 0x74, 0x5a, 0x74, 0x5a, 0x74, 0x5a, 0x74, 0x5a, 0x74, 0x5a, 0x74, 0x5a,
  0x49, 0x49, 0x49, 0x49, 0x49, 0x49, 0xb7, 0x9b, 0xb7, 0x9b, 0xb7, 0x9b, 0xb7, 0x9b, 0xb7, 0x9b,
  0xb7, 0x9b, 0xeb, 0xfa, 0xeb, 0xfa, 0xeb, 0xfa, 0x49, 0x49, 0x49, 0x49, 0x49, 0x49, 0xb7, 0x9b,
  0xb7, 0x9b, 0xb7, 0x9b, 0xb7, 0x9b, 0xb7, 0x9b, 0xb7, 0x9b, 0xb7, 0x9b, 0xb7, 0x9b, 0xb7, 0x9b,
  0xb7, 0x9b, 0xb7, 0x9b, 0xb7, 0x9b, 0xb7, 0x9b, 0xb7, 0x9b, 0xb7, 0x9b, 0xb7, 0x9b, 0xb7, 0x9b,
  0xb7, 0x9b, 0xb7, 0x9b, 0xb7, 0x9b, 0xb7, 0x9b, 0xb7, 0x9b, 0xb7, 0x9b, 0xb7, 0x9b, 0xb7, 0x9b,
  0xb7, 0x9b, 0x78, 0xbc, 0x78, 0xbc, 0x78, 0xbc, 0x78, 0xbc, 0x78, 0xbc, 0x78, 0xbc, 0x78, 0xbc,
  0x82, 0x10, 0x82, 0x10, 0x82, 0x10, 0x82, 0x10, 0x82, 0x10, 0x82, 0x10, 0xb3, 0xfc, 0xb3, 0xfc,
  0xb3, 0xfc, 0xb3, 0xfc, 0xb3, 0xfc, 0xb3, 0xfc, 0xb3, 0xfc, 0xb3, 0xfc, 0xb3, 0xfc, 0xeb, 0xfa,
  0xeb, 0xfa, 0xeb, 0xfa, 0x74, 0x5a, 0x74, 0x5a, 0xb7, 0x9b, 0xb7, 0x9b, 0xb7, 0x9b, 0xb7, 0x9b,
  0xb7, 0x9b, 0xb7, 0x9b, 0xb7, 0x9b, 0xb7, 0x9b, 0xb7, 0x9b, 0xb7, 0x9b, 0x49, 0x49, 0x49, 0x49,
  0xb7, 0x9b, 0xb7, 0x9b, 0xb7, 0x9b, 0xb7, 0x9b, 0xb7, 0x9b, 0xb7, 0x9b, 0x74, 0x5a, 0x74, 0x5a,
  0x74, 0x5a, 0x74, 0x5a, 0x74, 0x5a, 0x74, 0x5a, 0x74, 0x5a, 0x74, 0x5a, 0x74, 0x5a, 0x74, 0x5a,
  0x74, 0x5a, 0x74, 0x5a, 0xb7, 0x9b, 0xb7, 0x9b, 0xb7, 0x9b, 0xb7, 0x9b, 0xb7, 0x9b, 0xb7, 0x9b,
  0xb7, 0x9b, 0xb7, 0x9b, 0xb7, 0x9b, 0xb7, 0x9b, 0xb7, 0x9b, 0xb7, 0x9b, 0x35, 0x7b, 0x35, 0x7b,
  0x35, 0x7b, 0x74, 0x5a, 0x74, 0x5a, 0x74, 0x5a, 0x74, 0x5a, 0x74, 0x5a, 0x74, 0x5a, 0x00, 0x00,
  0x00, 0x00, 0x00, 0x00, 0x00, 0x00, 0x00, 0x00, 0x00, 0x00, 0x00, 0x00, 0x00, 0x00, 0x00, 0x00,
  0x00, 0x00, 0x00, 0x00, 0x00, 0x00, 0x00, 0x00, 0x00, 0x00, 0x00, 0x00, 0x00, 0x00, 0x00, 0x00,
  0x00, 0x00, 0x00, 0x00, 0x00, 0x00, 0x00, 0x00, 0x00, 0x00, 0x00, 0x00, 0x00, 0x00, 0x00, 0x00,
  0x00, 0x00, 0x00, 0x00, 0x00, 0x00, 0x00, 0x00, 0x00, 0x00, 0x00, 0x00, 0x00, 0x00, 0x00, 0x00,
  0x00, 0x00, 0x00, 0x00, 0x00, 0x00, 0x00, 0x00, 0x00, 0x00, 0x00, 0x00, 0x00, 0x00, 0x00, 0x00,
  0x00, 0x00, 0x00, 0x00, 0x00, 0x00, 0x00, 0x00, 0x00, 0x00, 0x00, 0x00, 0x00, 0x00, 0x00, 0x00,
  0x00, 0x00, 0x00, 0x00, 0x00, 0x00, 0x00, 0x00, 0x00, 0x00, 0x00, 0x00, 0x00, 0x00, 0x00, 0x00,
  0x00, 0x00, 0x00, 0x00, 0x00, 0x00, 0x00, 0x00, 0x00, 0x00, 0x00, 0x00, 0x00, 0x00, 0x00, 0x00,
  0x00, 0x00, 0x00, 0x00, 0x00, 0x00, 0x00, 0x00, 0x49, 0x49, 0x49, 0x49, 0xb7, 0x9b, 0xb7, 0x9b,
  0xb7, 0x9b, 0xb7, 0x9b, 0xb7, 0x9b, 0xb7, 0x9b, 0xb7, 0x9b, 0xb7, 0x9b, 0xb7, 0x9b, 0xb7, 0x9b,
  0xb7, 0x9b, 0xb7, 0x9b, 0xb7, 0x9b, 0xb7, 0x9b, 0xb7, 0x9b, 0xb7, 0x9b, 0xb7, 0x9b, 0xb7, 0x9b,
  0x35, 0x7b, 0x35, 0x7b, 0x35, 0x7b, 0x74, 0x5a, 0x74, 0x5a, 0x74, 0x5a, 0x74, 0x5a, 0x74, 0x5a,
  0x74, 0x5a, 0x74, 0x5a, 0x74, 0x5a, 0x74, 0x5a, 0xb7, 0x9b, 0xb7, 0x9b, 0xb7, 0x9b, 0xb7, 0x9b,
  0xb7, 0x9b, 0xb7, 0x9b, 0x74, 0x5a, 0x74, 0x5a, 0x74, 0x5a, 0xeb, 0xfa, 0xeb, 0xfa, 0xeb, 0xfa,
  0xeb, 0xfa, 0xeb, 0xfa, 0xeb, 0xfa, 0x49, 0x49, 0x49, 0x49, 0x49, 0x49, 0x74, 0x5a, 0x74, 0x5a,
  0x74, 0x5a, 0xb7, 0x9b, 0xb7, 0x9b, 0xb7, 0x9b, 0xb7, 0x9b, 0xb7, 0x9b, 0xb7, 0x9b, 0xb7, 0x9b,
  0xb7, 0x9b, 0xb7, 0x9b, 0xb7, 0x9b, 0xb7, 0x9b, 0xb7, 0x9b, 0xb7, 0x9b, 0xb7, 0x9b, 0xb7, 0x9b,
  0xb7, 0x9b, 0xb7, 0x9b, 0xb7, 0x9b, 0xb7, 0x9b, 0xb7, 0x9b, 0x78, 0xbc, 0x78, 0xbc, 0x78, 0xbc,
  0x78, 0xbc, 0x49, 0x49, 0x49, 0x49, 0x49, 0x49, 0xeb, 0xfa, 0xeb, 0xfa, 0xeb, 0xfa, 0x82, 0x10,
  0x82, 0x10, 0x82, 0x10, 0xb3, 0xfc, 0xb3, 0xfc, 0xb3, 0xfc, 0xb3, 0xfc, 0xb3, 0xfc, 0xb3, 0xfc,
  0xb3, 0xfc, 0xb3, 0xfc, 0xb3, 0xfc, 0xeb, 0xfa, 0xeb, 0xfa, 0xeb, 0xfa, 0x74, 0x5a, 0x74, 0x5a,
  0xb7, 0x9b, 0xb7, 0x9b, 0xb7, 0x9b, 0xb7, 0x9b, 0xb7, 0x9b, 0xb7, 0x9b, 0x49, 0x49, 0x49, 0x49,
  0x49, 0x49, 0x49, 0x49, 0xb7, 0x9b, 0xb7, 0x9b, 0xb7, 0x9b, 0xb7, 0x9b, 0xb7, 0x9b, 0xb7, 0x9b,
  0xb7, 0x9b, 0xb7, 0x9b, 0x74, 0x5a, 0x74, 0x5a, 0x74, 0x5a, 0x74, 0x5a, 0x74, 0x5a, 0x74, 0x5a,
  0x74, 0x5a, 0x74, 0x5a, 0x74, 0x5a, 0x74, 0x5a, 0x74, 0x5a, 0x74, 0x5a, 0x35, 0x7b, 0x35, 0x7b,
  0x35, 0x7b, 0xb7, 0x9b, 0xb7, 0x9b, 0xb7, 0x9b, 0x74, 0x5a, 0x74, 0x5a, 0x74, 0x5a, 0x74, 0x5a,
  0x74, 0x5a, 0x74, 0x5a, 0x74, 0x5a, 0x74, 0x5a, 0x74, 0x5a, 0x74, 0x5a, 0x74, 0x5a, 0x74, 0x5a,
  0x82, 0x10, 0x82, 0x10, 0x82, 0x10, 0x00, 0x00, 0x00, 0x00, 0x00, 0x00, 0x00, 0x00, 0x00, 0x00,
  0x00, 0x00, 0x00, 0x00, 0x00, 0x00, 0x00, 0x00, 0x00, 0x00, 0x00, 0x00, 0x00, 0x00, 0x00, 0x00,
  0x00, 0x00, 0x00, 0x00, 0x00, 0x00, 0x00, 0x00, 0x00, 0x00, 0x00, 0x00, 0x00, 0x00, 0x00, 0x00,
  0x00, 0x00, 0x00, 0x00, 0x00, 0x00, 0x00, 0x00, 0x00, 0x00, 0x00, 0x00, 0x00, 0x00, 0x00, 0x00,
  0x00, 0x00, 0x00, 0x00, 0x00, 0x00, 0x00, 0x00, 0x00, 0x00, 0x00, 0x00, 0x00, 0x00, 0x00, 0x00,
  0x00, 0x00, 0x00, 0x00, 0x00, 0x00, 0x00, 0x00, 0x00, 0x00, 0x00, 0x00, 0x00, 0x00, 0x00, 0x00,
  0x00, 0x00, 0x00, 0x00, 0x00, 0x00, 0x00, 0x00, 0x00, 0x00, 0x00, 0x00, 0x00, 0x00, 0x00, 0x00,
  0x00, 0x00, 0x00, 0x00, 0x00, 0x00, 0x00, 0x00, 0x00, 0x00, 0x00, 0x00, 0x00, 0x00, 0x00, 0x00,
  0x00, 0x00, 0x00, 0x00, 0x00, 0x00, 0x00, 0x00, 0x00, 0x00, 0x00, 0x00, 0x00, 0x00, 0x00, 0x00,
  0x49, 0x49, 0x49, 0x49, 0xb7, 0x9b, 0xb7, 0x9b, 0xb7, 0x9b, 0xb7, 0x9b, 0xb7, 0x9b, 0xb7, 0x9b,
  0xb7, 0x9b, 0xb7, 0x9b, 0xb7, 0x9b, 0xb7, 0x9b, 0xb7, 0x9b, 0xb7, 0x9b, 0xb7, 0x9b, 0xb7, 0x9b,
  0xb7, 0x9b, 0xb7, 0x9b, 0xb7, 0x9b, 0xb7, 0x9b, 0x35, 0x7b, 0x35, 0x7b, 0x35, 0x7b, 0x74, 0x5a,
  0x74, 0x5a, 0x74, 0x5a, 0x74, 0x5a, 0x74, 0x5a, 0x74, 0x5a, 0x74, 0x5a, 0x74, 0x5a, 0x74, 0x5a,
  0xb7, 0x9b, 0xb7, 0x9b, 0xb7, 0x9b, 0xb7, 0x9b, 0xb7, 0x9b, 0xb7, 0x9b, 0x74, 0x5a, 0x74, 0x5a,
  0x74, 0x5a, 0xeb, 0xfa, 0xeb, 0xfa, 0xeb, 0xfa, 0xeb, 0xfa, 0xeb, 0xfa, 0xeb, 0xfa, 0x49, 0x49,
  0x49, 0x49, 0x49, 0x49, 0x74, 0x5a, 0x74, 0x5a, 0x74, 0x5a, 0xb7, 0x9b, 0xb7, 0x9b, 0xb7, 0x9b,
  0xb7, 0x9b, 0xb7, 0x9b, 0xb7, 0x9b, 0xb7, 0x9b, 0xb7, 0x9b, 0xb7, 0x9b, 0xb7, 0x9b, 0xb7, 0x9b,
  0xb7, 0x9b, 0xb7, 0x9b, 0xb7, 0x9b, 0xb7, 0x9b, 0xb7, 0x9b, 0xb7, 0x9b, 0xb7, 0x9b, 0xb7, 0x9b,
  0xb7, 0x9b, 0x78, 0xbc, 0x78, 0xbc, 0x78, 0xbc, 0x78, 0xbc, 0x49, 0x49, 0x49, 0x49, 0x49, 0x49,
  0xeb, 0xfa, 0xeb, 0xfa, 0xeb, 0xfa, 0x82, 0x10, 0x82, 0x10, 0x82, 0x10, 0xb3, 0xfc, 0xb3, 0xfc,
  0xb3, 0xfc, 0xb3, 0xfc, 0xb3, 0xfc, 0xb3, 0xfc, 0xb3, 0xfc, 0xb3, 0xfc, 0xb3, 0xfc, 0xeb, 0xfa,
  0xeb, 0xfa, 0xeb, 0xfa, 0x74, 0x5a, 0x74, 0x5a, 0xb7, 0x9b, 0xb7, 0x9b, 0xb7, 0x9b, 0xb7, 0x9b,
  0xb7, 0x9b, 0xb7, 0x9b, 0x49, 0x49, 0x49, 0x49, 0x49, 0x49, 0x49, 0x49, 0xb7, 0x9b, 0xb7, 0x9b,
  0xb7, 0x9b, 0xb7, 0x9b, 0xb7, 0x9b, 0xb7, 0x9b, 0xb7, 0x9b, 0xb7, 0x9b, 0x74, 0x5a, 0x74, 0x5a,
  0x74, 0x5a, 0x74, 0x5a, 0x74, 0x5a, 0x74, 0x5a, 0x74, 0x5a, 0x74, 0x5a, 0x74, 0x5a, 0x74, 0x5a,
  0x74, 0x5a, 0x74, 0x5a, 0x35, 0x7b, 0x35, 0x7b, 0x35, 0x7b, 0xb7, 0x9b, 0xb7, 0x9b, 0xb7, 0x9b,
  0x74, 0x5a, 0x74, 0x5a, 0x74, 0x5a, 0x74, 0x5a, 0x74, 0x5a, 0x74, 0x5a, 0x74, 0x5a, 0x74, 0x5a,
  0x74, 0x5a, 0x74, 0x5a, 0x74, 0x5a, 0x74, 0x5a, 0x82, 0x10, 0x82, 0x10, 0x82, 0x10, 0x00, 0x00,
  0x00, 0x00, 0x00, 0x00, 0x00, 0x00, 0x00, 0x00, 0x00, 0x00, 0x00, 0x00, 0x00, 0x00, 0x00, 0x00,
  0x00, 0x00, 0x00, 0x00, 0x00, 0x00, 0x00, 0x00, 0x00, 0x00, 0x00, 0x00, 0x00, 0x00, 0x00, 0x00,
  0x00, 0x00, 0x00, 0x00, 0x00, 0x00, 0x00, 0x00, 0x00, 0x00, 0x00, 0x00, 0x00, 0x00, 0x00, 0x00,
  0x00, 0x00, 0x00, 0x00, 0x00, 0x00, 0x00, 0x00, 0x00, 0x00, 0x00, 0x00, 0x00, 0x00, 0x00, 0x00,
  0x00, 0x00, 0x00, 0x00, 0x00, 0x00, 0x00, 0x00, 0x00, 0x00, 0x00, 0x00, 0x00, 0x00, 0x00, 0x00,
  0x00, 0x00, 0x00, 0x00, 0x00, 0x00, 0x00, 0x00, 0x00, 0x00, 0x00, 0x00, 0x00, 0x00, 0x00, 0x00,
  0x00, 0x00, 0x00, 0x00, 0x00, 0x00, 0x00, 0x00, 0x00, 0x00, 0x00, 0x00, 0x00, 0x00, 0x00, 0x00,
  0x00, 0x00, 0x00, 0x00, 0x00, 0x00, 0x00, 0x00, 0x00, 0x00, 0x00, 0x00, 0x00, 0x00, 0x00, 0x00,
  0x00, 0x00, 0x00, 0x00, 0x00, 0x00, 0x00, 0x00, 0x49, 0x49, 0x49, 0x49, 0xb7, 0x9b, 0xb7, 0x9b,
  0xb7, 0x9b, 0xb7, 0x9b, 0xb7, 0x9b, 0xb7, 0x9b, 0xb7, 0x9b, 0xb7, 0x9b, 0xb7, 0x9b, 0xb7, 0x9b,
  0xb7, 0x9b, 0xb7, 0x9b, 0xb7, 0x9b, 0xb7, 0x9b, 0xb7, 0x9b, 0xb7, 0x9b, 0xb7, 0x9b, 0xb7, 0x9b,
  0x35, 0x7b, 0x35, 0x7b, 0x35, 0x7b, 0x74, 0x5a, 0x74, 0x5a, 0x74, 0x5a, 0x74, 0x5a, 0x74, 0x5a,
  0x74, 0x5a, 0x74, 0x5a, 0x74, 0x5a, 0x74, 0x5a, 0xb7, 0x9b, 0xb7, 0x9b, 0xb7, 0x9b, 0xb7, 0x9b,
  0xb7, 0x9b, 0xb7, 0x9b, 0x74, 0x5a, 0x74, 0x5a, 0x74, 0x5a, 0xeb, 0xfa, 0xeb, 0xfa, 0xeb, 0xfa,
  0xeb, 0xfa, 0xeb, 0xfa, 0xeb, 0xfa, 0x49, 0x49, 0x49, 0x49, 0x49, 0x49, 0x74, 0x5a, 0x74, 0x5a,
  0x74, 0x5a, 0xb7, 0x9b, 0xb7, 0x9b, 0xb7, 0x9b, 0xb7, 0x9b, 0xb7, 0x9b, 0xb7, 0x9b, 0xb7, 0x9b,
  0xb7, 0x9b, 0xb7, 0x9b, 0xb7, 0x9b, 0xb7, 0x9b, 0xb7, 0x9b, 0xb7, 0x9b, 0xb7, 0x9b, 0xb7, 0x9b,
  0xb7, 0x9b, 0xb7, 0x9b, 0xb7, 0x9b, 0xb7, 0x9b, 0xb7, 0x9b, 0x78, 0xbc, 0x78, 0xbc, 0x78, 0xbc,
  0x78, 0xbc, 0x49, 0x49, 0x49, 0x49, 0x49, 0x49, 0xeb, 0xfa, 0xeb, 0xfa, 0xeb, 0xfa, 0x82, 0x10,
  0x82, 0x10, 0x82, 0x10, 0xb3, 0xfc, 0xb3, 0xfc, 0xb3, 0xfc, 0xb3, 0xfc, 0xb3, 0xfc, 0xb3, 0xfc,
  0xb3, 0xfc, 0xb3, 0xfc, 0xb3, 0xfc, 0xeb, 0xfa, 0xeb, 0xfa, 0xeb, 0xfa, 0x74, 0x5a, 0x74, 0x5a,
  0xb7, 0x9b, 0xb7, 0x9b, 0xb7, 0x9b, 0xb7, 0x9b, 0xb7, 0x9b, 0xb7, 0x9b, 0x49, 0x49, 0x49, 0x49,
  0x49, 0x49, 0x49, 0x49, 0xb7, 0x9b, 0xb7, 0x9b, 0xb7, 0x9b, 0xb7, 0x9b, 0xb7, 0x9b, 0xb7, 0x9b,
  0xb7, 0x9b, 0xb7, 0x9b, 0x74, 0x5a, 0x74, 0x5a, 0x74, 0x5a, 0x74, 0x5a, 0x74, 0x5a, 0x74, 0x5a,
  0x74, 0x5a, 0x74, 0x5a, 0x74, 0x5a, 0x74, 0x5a, 0x74, 0x5a, 0x74, 0x5a, 0x35, 0x7b, 0x35, 0x7b,
  0x35, 0x7b, 0xb7, 0x9b, 0xb7, 0x9b, 0xb7, 0x9b, 0x74, 0x5a, 0x74, 0x5a, 0x74, 0x5a, 0x74, 0x5a,
  0x74, 0x5a, 0x74, 0x5a, 0x74, 0x5a, 0x74, 0x5a, 0x74, 0x5a, 0x74, 0x5a, 0x74, 0x5a, 0x74, 0x5a,
  0x82, 0x10, 0x82, 0x10, 0x82, 0x10, 0x00, 0x00, 0x00, 0x00, 0x00, 0x00, 0x00, 0x00, 0x00, 0x00,
  0x00, 0x00, 0x00, 0x00, 0x00, 0x00, 0x00, 0x00, 0x00, 0x00, 0x00, 0x00, 0x00, 0x00, 0x00, 0x00,
  0x00, 0x00, 0x00, 0x00, 0x00, 0x00, 0x00, 0x00, 0x00, 0x00, 0x00, 0x00, 0x00, 0x00, 0x00, 0x00,
  0x00, 0x00, 0x00, 0x00, 0x00, 0x00, 0x00, 0x00, 0x00, 0x00, 0x00, 0x00, 0x00, 0x00, 0x00, 0x00,
  0x00, 0x00, 0x00, 0x00, 0x00, 0x00, 0x00, 0x00, 0x00, 0x00, 0x00, 0x00, 0x00, 0x00, 0x00, 0x00,
  0x00, 0x00, 0x00, 0x00, 0x00, 0x00, 0x00, 0x00, 0x00, 0x00, 0x00, 0x00, 0x00, 0x00, 0x00, 0x00,
  0x00, 0x00, 0x00, 0x00, 0x00, 0x00, 0x00, 0x00, 0x00, 0x00, 0x00, 0x00, 0x00, 0x00, 0x00, 0x00,
  0x00, 0x00, 0x00, 0x00, 0x00, 0x00, 0x00, 0x00, 0x00, 0x00, 0x00, 0x00, 0x00, 0x00, 0x00, 0x00,
  0x00, 0x00, 0x00, 0x00, 0x00, 0x00, 0x00, 0x00, 0x49, 0x49, 0x49, 0x49, 0x49, 0x49, 0x49, 0x49,
  0x49, 0x49, 0x49, 0x49, 0x49, 0x49, 0x49, 0x49, 0x49, 0x49, 0x49, 0x49, 0x49, 0x49, 0x49, 0x49,
  0xb7, 0x9b, 0xb7, 0x9b, 0xb7, 0x9b, 0xb7, 0x9b, 0xb7, 0x9b, 0xb7, 0x9b, 0xb7, 0x9b, 0xb7, 0x9b,
  0xb7, 0x9b, 0xb7, 0x9b, 0xb7, 0x9b, 0xb7, 0x9b, 0x35, 0x7b, 0x35, 0x7b, 0x35, 0x7b, 0x74, 0x5a,
  0x74, 0x5a, 0x74, 0x5a, 0x74, 0x5a, 0x74, 0x5a, 0x74, 0x5a, 0x74, 0x5a, 0x74, 0x5a, 0x74, 0x5a,
  0x74, 0x5a, 0x74, 0x5a, 0x74, 0x5a, 0xb7, 0x9b, 0xb7, 0x9b, 0xb7, 0x9b, 0xb7, 0x9b, 0xb7, 0x9b,
  0xb7, 0x9b, 0x74, 0x5a, 0x74, 0x5a, 0x74, 0x5a, 0xeb, 0xfa, 0xeb, 0xfa, 0xeb, 0xfa, 0xb3, 0xfc,
  0xb3, 0xfc, 0xb3, 0xfc, 0xb3, 0xfc, 0xb3, 0xfc, 0xb3, 0xfc, 0x82, 0x10, 0x82, 0x10, 0x82, 0x10,
  0x49, 0x49, 0x49, 0x49, 0x49, 0x49, 0xb7, 0x9b, 0xb7, 0x9b, 0xb7, 0x9b, 0xb7, 0x9b, 0xb7, 0x9b,
  0xb7, 0x9b, 0xb7, 0x9b, 0xb7, 0x9b, 0xb7, 0x9b, 0xb7, 0x9b, 0xb7, 0x9b, 0xb7, 0x9b, 0xb7, 0x9b,
  0xb7, 0x9b, 0xb7, 0x9b, 0xb7, 0x9b, 0xb7, 0x9b, 0xb7, 0x9b, 0xb7, 0x9b, 0xb7, 0x9b, 0xb7, 0x9b,
  0x74, 0x5a, 0x74, 0x5a, 0x74, 0x5a, 0xb3, 0xfc, 0xb3, 0xfc, 0xb3, 0xfc, 0xb3, 0xfc, 0xb3, 0xfc,
  0xb3, 0xfc, 0xb3, 0xfc, 0xb3, 0xfc, 0xb3, 0xfc, 0xb3, 0xfc, 0xb3, 0xfc, 0xb3, 0xfc, 0xeb, 0xfa,
  0xeb, 0xfa, 0xeb, 0xfa, 0x74, 0x5a, 0x74, 0x5a, 0xb7, 0x9b, 0xb7, 0x9b, 0xb7, 0x9b, 0x49, 0x49,
  0x49, 0x49, 0x49, 0x49, 0x82, 0x10, 0x82, 0x10, 0x82, 0x10, 0x82, 0x10, 0xb7, 0x9b, 0xb7, 0x9b,
  0xb7, 0x9b, 0xb7, 0x9b, 0xb7, 0x9b, 0xb7, 0x9b, 0xb7, 0x9b, 0xb7, 0x9b, 0xb7, 0x9b, 0xb7, 0x9b,
  0xb7, 0x9b, 0x74, 0x5a, 0x74, 0x5a, 0x74, 0x5a, 0x74, 0x5a, 0x74, 0x5a, 0x74, 0x5a, 0x74, 0x5a,
  0x74, 0x5a, 0x74, 0x5a, 0x74, 0x5a, 0x74, 0x5a, 0x74, 0x5a, 0x74, 0x5a, 0x74, 0x5a, 0x74, 0x5a,
  0x74, 0x5a, 0x74, 0x5a, 0x74, 0x5a, 0x74, 0x5a, 0x74, 0x5a, 0x74, 0x5a, 0x74, 0x5a, 0x74, 0x5a,
  0x74, 0x5a, 0x82, 0x10, 0x82, 0x10, 0x82, 0x10, 0x82, 0x10, 0x82, 0x10, 0x82, 0x10, 0x00, 0x00,
  0x00, 0x00, 0x00, 0x00, 0x00, 0x00, 0x00, 0x00, 0x00, 0x00, 0x00, 0x00, 0x00, 0x00, 0x00, 0x00,
  0x00, 0x00, 0x00, 0x00, 0x00, 0x00, 0x00, 0x00, 0x00, 0x00, 0x00, 0x00, 0x00, 0x00, 0x00, 0x00,
  0x00, 0x00, 0x00, 0x00, 0x00, 0x00, 0x00, 0x00, 0x00, 0x00, 0x00, 0x00, 0x00, 0x00, 0x00, 0x00,
  0x00, 0x00, 0x00, 0x00, 0x00, 0x00, 0x00, 0x00, 0x00, 0x00, 0x00, 0x00, 0x00, 0x00, 0x00, 0x00,
  0x00, 0x00, 0x00, 0x00, 0x00, 0x00, 0x00, 0x00, 0x00, 0x00, 0x00, 0x00, 0x00, 0x00, 0x00, 0x00,
  0x00, 0x00, 0x00, 0x00, 0x00, 0x00, 0x00, 0x00, 0x00, 0x00, 0x00, 0x00, 0x00, 0x00, 0x00, 0x00,
  0x00, 0x00, 0x00, 0x00, 0x00, 0x00, 0x00, 0x00, 0x00, 0x00, 0x00, 0x00, 0x00, 0x00, 0x00, 0x00,
  0x00, 0x00, 0x00, 0x00, 0x00, 0x00, 0x00, 0x00, 0x00, 0x00, 0x00, 0x00, 0x00, 0x00, 0x00, 0x00,
  0x49, 0x49, 0x49, 0x49, 0x49, 0x49, 0x49, 0x49, 0x49, 0x49, 0x49, 0x49, 0x49, 0x49, 0x49, 0x49,
  0x49, 0x49, 0x49, 0x49, 0x49, 0x49, 0x49, 0x49, 0xb7, 0x9b, 0xb7, 0x9b, 0xb7, 0x9b, 0xb7, 0x9b,
  0xb7, 0x9b, 0xb7, 0x9b, 0xb7, 0x9b, 0xb7, 0x9b, 0xb7, 0x9b, 0xb7, 0x9b, 0xb7, 0x9b, 0xb7, 0x9b,
  0x35, 0x7b, 0x35, 0x7b, 0x35, 0x7b, 0x74, 0x5a, 0x74, 0x5a, 0x74, 0x5a, 0x74, 0x5a, 0x74, 0x5a,
  0x74, 0x5a, 0x74, 0x5a, 0x74, 0x5a, 0x74, 0x5a, 0x74, 0x5a, 0x74, 0x5a, 0x74, 0x5a, 0xb7, 0x9b,
  0xb7, 0x9b, 0xb7, 0x9b, 0xb7, 0x9b, 0xb7, 0x9b, 0xb7, 0x9b, 0x74, 0x5a, 0x74, 0x5a, 0x74, 0x5a,
  0xeb, 0xfa, 0xeb, 0xfa, 0xeb, 0xfa, 0xb3, 0xfc, 0xb3, 0xfc, 0xb3, 0xfc, 0xb3, 0xfc, 0xb3, 0xfc,
  0xb3, 0xfc, 0x82, 0x10, 0x82, 0x10, 0x82, 0x10, 0x49, 0x49, 0x49, 0x49, 0x49, 0x49, 0xb7, 0x9b,
  0xb7, 0x9b, 0xb7, 0x9b, 0xb7, 0x9b, 0xb7, 0x9b, 0xb7, 0x9b, 0xb7, 0x9b, 0xb7, 0x9b, 0xb7, 0x9b,
  0xb7, 0x9b, 0xb7, 0x9b, 0xb7, 0x9b, 0xb7, 0x9b, 0xb7, 0x9b, 0xb7, 0x9b, 0xb7, 0x9b, 0xb7, 0x9b,
  0xb7, 0x9b, 0xb7, 0x9b, 0xb7, 0x9b, 0xb7, 0x9b, 0x74, 0x5a, 0x74, 0x5a, 0x74, 0x5a, 0xb3, 0xfc,
  0xb3, 0xfc, 0xb3, 0xfc, 0xb3, 0xfc, 0xb3, 0xfc, 0xb3, 0xfc, 0xb3, 0xfc, 0xb3, 0xfc, 0xb3, 0xfc,
  0xb3, 0xfc, 0xb3, 0xfc, 0xb3, 0xfc, 0xeb, 0xfa, 0xeb, 0xfa, 0xeb, 0xfa, 0x74, 0x5a, 0x74, 0x5a,
  0xb7, 0x9b, 0xb7, 0x9b, 0xb7, 0x9b, 0x49, 0x49, 0x49, 0x49, 0x49, 0x49, 0x82, 0x10, 0x82, 0x10,
  0x82, 0x10, 0x82, 0x10, 0xb7, 0x9b, 0xb7, 0x9b, 0xb7, 0x9b, 0xb7, 0x9b, 0xb7, 0x9b, 0xb7, 0x9b,
  0xb7, 0x9b, 0xb7, 0x9b, 0xb7, 0x9b, 0xb7, 0x9b, 0xb7, 0x9b, 0x74, 0x5a, 0x74, 0x5a, 0x74, 0x5a,
  0x74, 0x5a, 0x74, 0x5a, 0x74, 0x5a, 0x74, 0x5a, 0x74, 0x5a, 0x74, 0x5a, 0x74, 0x5a, 0x74, 0x5a,
  0x74, 0x5a, 0x74, 0x5a, 0x74, 0x5a, 0x74, 0x5a, 0x74, 0x5a, 0x74, 0x5a, 0x74, 0x5a, 0x74, 0x5a,
  0x74, 0x5a, 0x74, 0x5a, 0x74, 0x5a, 0x74, 0x5a, 0x74, 0x5a, 0x82, 0x10, 0x82, 0x10, 0x82, 0x10,
  0x82, 0x10, 0x82, 0x10, 0x82, 0x10, 0x00, 0x00, 0x00, 0x00, 0x00, 0x00, 0x00, 0x00, 0x00, 0x00,
  0x00, 0x00, 0x00, 0x00, 0x00, 0x00, 0x00, 0x00, 0x00, 0x00, 0x00, 0x00, 0x00, 0x00, 0x00, 0x00,
  0x00, 0x00, 0x00, 0x00, 0x00, 0x00, 0x00, 0x00, 0x00, 0x00, 0x00, 0x00, 0x00, 0x00, 0x00, 0x00,
  0x00, 0x00, 0x00, 0x00, 0x00, 0x00, 0x00, 0x00, 0x00, 0x00, 0x00, 0x00, 0x00, 0x00, 0x00, 0x00,
  0x00, 0x00, 0x00, 0x00, 0x00, 0x00, 0x00, 0x00, 0x00, 0x00, 0x00, 0x00, 0x00, 0x00, 0x00, 0x00,
  0x00, 0x00, 0x00, 0x00, 0x00, 0x00, 0x00, 0x00, 0x00, 0x00, 0x00, 0x00, 0x00, 0x00, 0x00, 0x00,
  0x00, 0x00, 0x00, 0x00, 0x00, 0x00, 0x00, 0x00, 0x00, 0x00, 0x00, 0x00, 0x00, 0x00, 0x00, 0x00,
  0x00, 0x00, 0x00, 0x00, 0x00, 0x00, 0x00, 0x00, 0x00, 0x00, 0x00, 0x00, 0x00, 0x00, 0x00, 0x00,
  0x00, 0x00, 0x00, 0x00, 0x00, 0x00, 0x00, 0x00, 0x49, 0x49, 0x49, 0x49, 0x49, 0x49, 0x49, 0x49,
  0x49, 0x49, 0x49, 0x49, 0x49, 0x49, 0x49, 0x49, 0x49, 0x49, 0x49, 0x49, 0x49, 0x49, 0x49, 0x49,
  0xb7, 0x9b, 0xb7, 0x9b, 0xb7, 0x9b, 0xb7, 0x9b, 0xb7, 0x9b, 0xb7, 0x9b, 0xb7, 0x9b, 0xb7, 0x9b,
  0xb7, 0x9b, 0xb7, 0x9b, 0xb7, 0x9b, 0xb7, 0x9b, 0x35, 0x7b, 0x35, 0x7b, 0x35, 0x7b, 0x74, 0x5a,
  0x74, 0x5a, 0x74, 0x5a, 0x74, 0x5a, 0x74, 0x5a, 0x74, 0x5a, 0x74, 0x5a, 0x74, 0x5a, 0x74, 0x5a,
  0x74, 0x5a, 0x74, 0x5a, 0x74, 0x5a, 0xb7, 0x9b, 0xb7, 0x9b, 0xb7, 0x9b, 0xb7, 0x9b, 0xb7, 0x9b,
  0xb7, 0x9b, 0x74, 0x5a, 0x74, 0x5a, 0x74, 0x5a, 0xeb, 0xfa, 0xeb, 0xfa, 0xeb, 0xfa, 0xb3, 0xfc,
  0xb3, 0xfc, 0xb3, 0xfc, 0xb3, 0xfc, 0xb3, 0xfc, 0xb3, 0xfc, 0x82, 0x10, 0x82, 0x10, 0x82, 0x10,
  0x49, 0x49, 0x49, 0x49, 0x49, 0x49, 0xb7, 0x9b, 0xb7, 0x9b, 0xb7, 0x9b, 0xb7, 0x9b, 0xb7, 0x9b,
  0xb7, 0x9b, 0xb7, 0x9b, 0xb7, 0x9b, 0xb7, 0x9b, 0xb7, 0x9b, 0xb7, 0x9b, 0xb7, 0x9b, 0xb7, 0x9b,
  0xb7, 0x9b, 0xb7, 0x9b, 0xb7, 0x9b, 0xb7, 0x9b, 0xb7, 0x9b, 0xb7, 0x9b, 0xb7, 0x9b, 0xb7, 0x9b,
  0x74, 0x5a, 0x74, 0x5a, 0x74, 0x5a, 0xb3, 0xfc, 0xb3, 0xfc, 0xb3, 0xfc, 0xb3, 0xfc, 0xb3, 0xfc,
  0xb3, 0xfc, 0xb3, 0xfc, 0xb3, 0xfc, 0xb3, 0xfc, 0xb3, 0xfc, 0xb3, 0xfc, 0xb3, 0xfc, 0xeb, 0xfa,
  0xeb, 0xfa, 0xeb, 0xfa, 0x74, 0x5a, 0x74, 0x5a, 0xb7, 0x9b, 0xb7, 0x9b, 0xb7, 0x9b, 0x49, 0x49,
  0x49, 0x49, 0x49, 0x49, 0x82, 0x10, 0x82, 0x10, 0x82, 0x10, 0x82, 0x10, 0xb7, 0x9b, 0xb7, 0x9b,
  0xb7, 0x9b, 0xb7, 0x9b, 0xb7, 0x9b, 0xb7, 0x9b, 0xb7, 0x9b, 0xb7, 0x9b, 0xb7, 0x9b, 0xb7, 0x9b,
  0xb7, 0x9b, 0x74, 0x5a, 0x74, 0x5a, 0x74, 0x5a, 0x74, 0x5a, 0x74, 0x5a, 0x74, 0x5a, 0x74, 0x5a,
  0x74, 0x5a, 0x74, 0x5a, 0x74, 0x5a, 0x74, 0x5a, 0x74, 0x5a, 0x74, 0x5a, 0x74, 0x5a, 0x74, 0x5a,
  0x74, 0x5a, 0x74, 0x5a, 0x74, 0x5a, 0x74, 0x5a, 0x74, 0x5a, 0x74, 0x5a, 0x74, 0x5a, 0x74, 0x5a,
  0x74, 0x5a, 0x82, 0x10, 0x82, 0x10, 0x82, 0x10, 0x82, 0x10, 0x82, 0x10, 0x82, 0x10, 0x00, 0x00,
  0x00, 0x00, 0x00, 0x00, 0x00, 0x00, 0x00, 0x00, 0x00, 0x00, 0x00, 0x00, 0x00, 0x00, 0x00, 0x00,
  0x00, 0x00, 0x00, 0x00, 0x00, 0x00, 0x00, 0x00, 0x00, 0x00, 0x00, 0x00, 0x00, 0x00, 0x00, 0x00,
  0x00, 0x00, 0x00, 0x00, 0x00, 0x00, 0x00, 0x00, 0x00, 0x00, 0x00, 0x00, 0x00, 0x00, 0x00, 0x00,
  0x00, 0x00, 0x00, 0x00, 0x00, 0x00, 0x00, 0x00, 0x00, 0x00, 0x00, 0x00, 0x00, 0x00, 0x00, 0x00,
  0x00, 0x00, 0x00, 0x00, 0x00, 0x00, 0x00, 0x00, 0x00, 0x00, 0x00, 0x00, 0x00, 0x00, 0x00, 0x00,
  0x00, 0x00, 0x00, 0x00, 0x00, 0x00, 0x00, 0x00, 0x00, 0x00, 0x00, 0x00, 0x00, 0x00, 0x00, 0x00,
  0x00, 0x00, 0x00, 0x00, 0x00, 0x00, 0x00, 0x00, 0x00, 0x00, 0x00, 0x00, 0x00, 0x00, 0x00, 0x00,
  0x00, 0x00, 0x00, 0x00, 0x00, 0x00, 0x00, 0x00, 0x00, 0x00, 0x00, 0x00, 0x00, 0x00, 0x00, 0x00,
  0x00, 0x00, 0x00, 0x00, 0x00, 0x00, 0x00, 0x00, 0x00, 0x00, 0x00, 0x00, 0x00, 0x00, 0x00, 0x00,
  0x00, 0x00, 0x00, 0x00, 0x00, 0x00, 0x00, 0x00, 0x49, 0x49, 0x49, 0x49, 0x49, 0x49, 0xb7, 0x9b,
  0xb7, 0x9b, 0xb7, 0x9b, 0x35, 0x7b, 0x35, 0x7b, 0x35, 0x7b, 0x74, 0x5a, 0x74, 0x5a, 0x74, 0x5a,
  0x74, 0x5a, 0x74, 0x5a, 0x74, 0x5a, 0x74, 0x5a, 0x74, 0x5a, 0x74, 0x5a, 0x74, 0x5a, 0x74, 0x5a,
  0x74, 0x5a, 0x74, 0x5a, 0x74, 0x5a, 0x74, 0x5a, 0x74, 0x5a, 0x74, 0x5a, 0x74, 0x5a, 0xb7, 0x9b,
  0xb7, 0x9b, 0xb7, 0x9b, 0xb7, 0x9b, 0xb7, 0x9b, 0xb7, 0x9b, 0x74, 0x5a, 0x74, 0x5a, 0x74, 0x5a,
  0x74, 0x5a, 0x74, 0x5a, 0x74, 0x5a, 0xb3, 0xfc, 0xb3, 0xfc, 0xb3, 0xfc, 0xb3, 0xfc, 0xb3, 0xfc,
  0xb3, 0xfc, 0x82, 0x10, 0x82, 0x10, 0x82, 0x10, 0xeb, 0xfa, 0xeb, 0xfa, 0xeb, 0xfa, 0x49, 0x49,
  0x49, 0x49, 0x49, 0x49, 0xb7, 0x9b, 0xb7, 0x9b, 0xb7, 0x9b, 0xb7, 0x9b, 0xb7, 0x9b, 0xb7, 0x9b,
  0xb7, 0x9b, 0xb7, 0x9b, 0xb7, 0x9b, 0xb7, 0x9b, 0xb7, 0x9b, 0xb7, 0x9b, 0xb7, 0x9b, 0xb7, 0x9b,
  0xb7, 0x9b, 0xb7, 0x9b, 0xb7, 0x9b, 0xb7, 0x9b, 0xb7, 0x9b, 0xb7, 0x9b, 0xb7, 0x9b, 0x74, 0x5a,
  0x74, 0x5a, 0x74, 0x5a, 0xeb, 0xfa, 0xeb, 0xfa, 0xeb, 0xfa, 0xeb, 0xfa, 0xeb, 0xfa, 0xeb, 0xfa,
  0xeb, 0xfa, 0xeb, 0xfa, 0xeb, 0xfa, 0x74, 0x5a, 0x74, 0x5a, 0x74, 0x5a, 0xb7, 0x9b, 0xb7, 0x9b,
  0xb7, 0x9b, 0xb7, 0x9b, 0xb7, 0x9b, 0x78, 0xc5, 0x78, 0xc5, 0x78, 0xc5, 0x82, 0x10, 0x82, 0x10,
  0x82, 0x10, 0x82, 0x10, 0xb7, 0x9b, 0xb7, 0x9b, 0xb7, 0x9b, 0xb7, 0x9b, 0xb7, 0x9b, 0xb7, 0x9b,
  0xb7, 0x9b, 0xb7, 0x9b, 0xb7, 0x9b, 0xb7, 0x9b, 0xb7, 0x9b, 0x74, 0x5a, 0x74, 0x5a, 0x74, 0x5a,
  0x74, 0x5a, 0x74, 0x5a, 0x74, 0x5a, 0x74, 0x5a, 0x74, 0x5a, 0x74, 0x5a, 0x74, 0x5a, 0x74, 0x5a,
  0x74, 0x5a, 0x74, 0x5a, 0x74, 0x5a, 0x74, 0x5a, 0x74, 0x5a, 0x74, 0x5a, 0x74, 0x5a, 0x49, 0x49,
  0x49, 0x49, 0x49, 0x49, 0x82, 0x10, 0x82, 0x10, 0x82, 0x10, 0x74, 0x5a, 0x74, 0x5a, 0x74, 0x5a,
  0x82, 0x10, 0x82, 0x10, 0x82, 0x10, 0x00, 0x00, 0x00, 0x00, 0x00, 0x00, 0x00, 0x00, 0x00, 0x00,
  0x00, 0x00, 0x00, 0x00, 0x00, 0x00, 0x00, 0x00, 0x00, 0x00, 0x00, 0x00, 0x00, 0x00, 0x00, 0x00,
  0x00, 0x00, 0x00, 0x00, 0x00, 0x00, 0x00, 0x00, 0x00, 0x00, 0x00, 0x00, 0x00, 0x00, 0x00, 0x00,
  0x00, 0x00, 0x00, 0x00, 0x00, 0x00, 0x00, 0x00, 0x00, 0x00, 0x00, 0x00, 0x00, 0x00, 0x00, 0x00,
  0x00, 0x00, 0x00, 0x00, 0x00, 0x00, 0x00, 0x00, 0x00, 0x00, 0x00, 0x00, 0x00, 0x00, 0x00, 0x00,
  0x00, 0x00, 0x00, 0x00, 0x00, 0x00, 0x00, 0x00, 0x00, 0x00, 0x00, 0x00, 0x00, 0x00, 0x00, 0x00,
  0x00, 0x00, 0x00, 0x00, 0x00, 0x00, 0x00, 0x00, 0x00, 0x00, 0x00, 0x00, 0x00, 0x00, 0x00, 0x00,
  0x00, 0x00, 0x00, 0x00, 0x00, 0x00, 0x00, 0x00, 0x00, 0x00, 0x00, 0x00, 0x00, 0x00, 0x00, 0x00,
  0x00, 0x00, 0x00, 0x00, 0x00, 0x00, 0x00, 0x00, 0x00, 0x00, 0x00, 0x00, 0x00, 0x00, 0x00, 0x00,
  0x00, 0x00, 0x00, 0x00, 0x00, 0x00, 0x00, 0x00, 0x00, 0x00, 0x00, 0x00, 0x00, 0x00, 0x00, 0x00,
  0x49, 0x49, 0x49, 0x49, 0x49, 0x49, 0xb7, 0x9b, 0xb7, 0x9b, 0xb7, 0x9b, 0x35, 0x7b, 0x35, 0x7b,
  0x35, 0x7b, 0x74, 0x5a, 0x74, 0x5a, 0x74, 0x5a, 0x74, 0x5a, 0x74, 0x5a, 0x74, 0x5a, 0x74, 0x5a,
  0x74, 0x5a, 0x74, 0x5a, 0x74, 0x5a, 0x74, 0x5a, 0x74, 0x5a, 0x74, 0x5a, 0x74, 0x5a, 0x74, 0x5a,
  0x74, 0x5a, 0x74, 0x5a, 0x74, 0x5a, 0xb7, 0x9b, 0xb7, 0x9b, 0xb7, 0x9b, 0xb7, 0x9b, 0xb7, 0x9b,
  0xb7, 0x9b, 0x74, 0x5a, 0x74, 0x5a, 0x74, 0x5a, 0x74, 0x5a, 0x74, 0x5a, 0x74, 0x5a, 0xb3, 0xfc,
  0xb3, 0xfc, 0xb3, 0xfc, 0xb3, 0xfc, 0xb3, 0xfc, 0xb3, 0xfc, 0x82, 0x10, 0x82, 0x10, 0x82, 0x10,
  0xeb, 0xfa, 0xeb, 0xfa, 0xeb, 0xfa, 0x49, 0x49, 0x49, 0x49, 0x49, 0x49, 0xb7, 0x9b, 0xb7, 0x9b,
  0xb7, 0x9b, 0xb7, 0x9b, 0xb7, 0x9b, 0xb7, 0x9b, 0xb7, 0x9b, 0xb7, 0x9b, 0xb7, 0x9b, 0xb7, 0x9b,
  0xb7, 0x9b, 0xb7, 0x9b, 0xb7, 0x9b, 0xb7, 0x9b, 0xb7, 0x9b, 0xb7, 0x9b, 0xb7, 0x9b, 0xb7, 0x9b,
  0xb7, 0x9b, 0xb7, 0x9b, 0xb7, 0x9b, 0x74, 0x5a, 0x74, 0x5a, 0x74, 0x5a, 0xeb, 0xfa, 0xeb, 0xfa,
  0xeb, 0xfa, 0xeb, 0xfa, 0xeb, 0xfa, 0xeb, 0xfa, 0xeb, 0xfa, 0xeb, 0xfa, 0xeb, 0xfa, 0x74, 0x5a,
  0x74, 0x5a, 0x74, 0x5a, 0xb7, 0x9b, 0xb7, 0x9b, 0xb7, 0x9b, 0xb7, 0x9b, 0xb7, 0x9b, 0x78, 0xc5,
  0x78, 0xc5, 0x78, 0xc5, 0x82, 0x10, 0x82, 0x10, 0x82, 0x10, 0x82, 0x10, 0xb7, 0x9b, 0xb7, 0x9b,
  0xb7, 0x9b, 0xb7, 0x9b, 0xb7, 0x9b, 0xb7, 0x9b, 0xb7, 0x9b, 0xb7, 0x9b, 0xb7, 0x9b, 0xb7, 0x9b,
  0xb7, 0x9b, 0x74, 0x5a, 0x74, 0x5a, 0x74, 0x5a, 0x74, 0x5a, 0x74, 0x5a, 0x74, 0x5a, 0x74, 0x5a,
  0x74, 0x5a, 0x74, 0x5a, 0x74, 0x5a, 0x74, 0x5a, 0x74, 0x5a, 0x74, 0x5a, 0x74, 0x5a, 0x74, 0x5a,
  0x74, 0x5a, 0x74, 0x5a, 0x74, 0x5a, 0x49, 0x49, 0x49, 0x49, 0x49, 0x49, 0x82, 0x10, 0x82, 0x10,
  0x82, 0x10, 0x74, 0x5a, 0x74, 0x5a, 0x74, 0x5a, 0x82, 0x10, 0x82, 0x10, 0x82, 0x10, 0x00, 0x00,
  0x00, 0x00, 0x00, 0x00, 0x00, 0x00, 0x00, 0x00, 0x00, 0x00, 0x00, 0x00, 0x00, 0x00, 0x00, 0x00,
  0x00, 0x00, 0x00, 0x00, 0x00, 0x00, 0x00, 0x00, 0x00, 0x00, 0x00, 0x00, 0x00, 0x00, 0x00, 0x00,
  0x00, 0x00, 0x00, 0x00, 0x00, 0x00, 0x00, 0x00, 0x00, 0x00, 0x00, 0x00, 0x00, 0x00, 0x00, 0x00,
  0x00, 0x00, 0x00, 0x00, 0x00, 0x00, 0x00, 0x00, 0x00, 0x00, 0x00, 0x00, 0x00, 0x00, 0x00, 0x00,
  0x00, 0x00, 0x00, 0x00, 0x00, 0x00, 0x00, 0x00, 0x00, 0x00, 0x00, 0x00, 0x00, 0x00, 0x00, 0x00,
  0x00, 0x00, 0x00, 0x00, 0x00, 0x00, 0x00, 0x00, 0x00, 0x00, 0x00, 0x00, 0x00, 0x00, 0x00, 0x00,
  0x00, 0x00, 0x00, 0x00, 0x00, 0x00, 0x00, 0x00, 0x00, 0x00, 0x00, 0x00, 0x00, 0x00, 0x00, 0x00,
  0x00, 0x00, 0x00, 0x00, 0x00, 0x00, 0x00, 0x00, 0x00, 0x00, 0x00, 0x00, 0x00, 0x00, 0x00, 0x00,
  0x00, 0x00, 0x00, 0x00, 0x00, 0x00, 0x00, 0x00, 0x00, 0x00, 0x00, 0x00, 0x00, 0x00, 0x00, 0x00,
  0x00, 0x00, 0x00, 0x00, 0x00, 0x00, 0x00, 0x00, 0x49, 0x49, 0x49, 0x49, 0x49, 0x49, 0xb7, 0x9b,
  0xb7, 0x9b, 0xb7, 0x9b, 0x35, 0x7b, 0x35, 0x7b, 0x35, 0x7b, 0x74, 0x5a, 0x74, 0x5a, 0x74, 0x5a,
  0x74, 0x5a, 0x74, 0x5a, 0x74, 0x5a, 0x74, 0x5a, 0x74, 0x5a, 0x74, 0x5a, 0x74, 0x5a, 0x74, 0x5a,
  0x74, 0x5a, 0x74, 0x5a, 0x74, 0x5a, 0x74, 0x5a, 0x74, 0x5a, 0x74, 0x5a, 0x74, 0x5a, 0xb7, 0x9b,
  0xb7, 0x9b, 0xb7, 0x9b, 0xb7, 0x9b, 0xb7, 0x9b, 0xb7, 0x9b, 0x74, 0x5a, 0x74, 0x5a, 0x74, 0x5a,
  0x74, 0x5a, 0x74, 0x5a, 0x74, 0x5a, 0xb3, 0xfc, 0xb3, 0xfc, 0xb3, 0xfc, 0xb3, 0xfc, 0xb3, 0xfc,
  0xb3, 0xfc, 0x82, 0x10, 0x82, 0x10, 0x82, 0x10, 0xeb, 0xfa, 0xeb, 0xfa, 0xeb, 0xfa, 0x49, 0x49,
  0x49, 0x49, 0x49, 0x49, 0xb7, 0x9b, 0xb7, 0x9b, 0xb7, 0x9b, 0xb7, 0x9b, 0xb7, 0x9b, 0xb7, 0x9b,
  0xb7, 0x9b, 0xb7, 0x9b, 0xb7, 0x9b, 0xb7, 0x9b, 0xb7, 0x9b, 0xb7, 0x9b, 0xb7, 0x9b, 0xb7, 0x9b,
  0xb7, 0x9b, 0xb7, 0x9b, 0xb7, 0x9b, 0xb7, 0x9b, 0xb7, 0x9b, 0xb7, 0x9b, 0xb7, 0x9b, 0x74, 0x5a,
  0x74, 0x5a, 0x74, 0x5a, 0xeb, 0xfa, 0xeb, 0xfa, 0xeb, 0xfa, 0xeb, 0xfa, 0xeb, 0xfa, 0xeb, 0xfa,
  0xeb, 0xfa, 0xeb, 0xfa, 0xeb, 0xfa, 0x74, 0x5a, 0x74, 0x5a, 0x74, 0x5a, 0xb7, 0x9b, 0xb7, 0x9b,
  0xb7, 0x9b, 0xb7, 0x9b, 0xb7, 0x9b, 0x78, 0xc5, 0x78, 0xc5, 0x78, 0xc5, 0x82, 0x10, 0x82, 0x10,
  0x82, 0x10, 0x82, 0x10, 0xb7, 0x9b, 0xb7, 0x9b, 0xb7, 0x9b, 0xb7, 0x9b, 0xb7, 0x9b, 0xb7, 0x9b,
  0xb7, 0x9b, 0xb7, 0x9b, 0xb7, 0x9b, 0xb7, 0x9b, 0xb7, 0x9b, 0x74, 0x5a, 0x74, 0x5a, 0x74, 0x5a,
  0x74, 0x5a, 0x74, 0x5a, 0x74, 0x5a, 0x74, 0x5a, 0x74, 0x5a, 0x74, 0x5a, 0x74, 0x5a, 0x74, 0x5a,
  0x74, 0x5a, 0x74, 0x5a, 0x74, 0x5a, 0x74, 0x5a, 0x74, 0x5a, 0x74, 0x5a, 0x74, 0x5a, 0x49, 0x49,
  0x49, 0x49, 0x49, 0x49, 0x82, 0x10, 0x82, 0x10, 0x82, 0x10, 0x74, 0x5a, 0x74, 0x5a, 0x74, 0x5a,
  0x82, 0x10, 0x82, 0x10, 0x82, 0x10, 0x00, 0x00, 0x00, 0x00, 0x00, 0x00, 0x00, 0x00, 0x00, 0x00,
  0x00, 0x00, 0x00, 0x00, 0x00, 0x00, 0x00, 0x00, 0x00, 0x00, 0x00, 0x00, 0x00, 0x00, 0x00, 0x00,
  0x00, 0x00, 0x00, 0x00, 0x00, 0x00, 0x00, 0x00, 0x00, 0x00, 0x00, 0x00, 0x00, 0x00, 0x00, 0x00,
  0x00, 0x00, 0x00, 0x00, 0x00, 0x00, 0x00, 0x00, 0x00, 0x00, 0x00, 0x00, 0x00, 0x00, 0x00, 0x00,
  0x00, 0x00, 0x00, 0x00, 0x00, 0x00, 0x00, 0x00, 0x00, 0x00, 0x00, 0x00, 0x00, 0x00, 0x00, 0x00,
  0x00, 0x00, 0x00, 0x00, 0x00, 0x00, 0x00, 0x00, 0x00, 0x00, 0x00, 0x00, 0x00, 0x00, 0x00, 0x00,
  0x00, 0x00, 0x00, 0x00, 0x00, 0x00, 0x00, 0x00, 0x00, 0x00, 0x00, 0x00, 0x00, 0x00, 0x00, 0x00,
  0x00, 0x00, 0x00, 0x00, 0x00, 0x00, 0x00, 0x00, 0x00, 0x00, 0x00, 0x00, 0x00, 0x00, 0x00, 0x00,
  0x00, 0x00, 0x00, 0x00, 0x00, 0x00, 0x00, 0x00, 0x00, 0x00, 0x00, 0x00, 0x00, 0x00, 0x00, 0x00,
  0x00, 0x00, 0x00, 0x00, 0x00, 0x00, 0x00, 0x00, 0x00, 0x00, 0x00, 0x00, 0x00, 0x00, 0x00, 0x00,
  0x00, 0x00, 0x00, 0x00, 0x00, 0x00, 0x49, 0x49, 0x49, 0x49, 0x49, 0x49, 0x35, 0x7b, 0x35, 0x7b,
  0x35, 0x7b, 0x74, 0x5a, 0x74, 0x5a, 0x74, 0x5a, 0x74, 0x5a, 0x74, 0x5a, 0x74, 0x5a, 0x74, 0x5a,
  0x74, 0x5a, 0x74, 0x5a, 0x74, 0x5a, 0x74, 0x5a, 0x74, 0x5a, 0x74, 0x5a, 0x74, 0x5a, 0x74, 0x5a,
  0x49, 0x49, 0x49, 0x49, 0x49, 0x49, 0xb7, 0x9b, 0xb7, 0x9b, 0xb7, 0x9b, 0xb7, 0x9b, 0xb7, 0x9b,
  0xb7, 0x9b, 0xb7, 0x9b, 0xb7, 0x9b, 0xb7, 0x9b, 0x74, 0x5a, 0x74, 0x5a, 0x74, 0x5a, 0xeb, 0xfa,
  0xeb, 0xfa, 0xeb, 0xfa, 0xb3, 0xfc, 0xb3, 0xfc, 0xb3, 0xfc, 0xb3, 0xfc, 0xb3, 0xfc, 0xb3, 0xfc,
  0xb3, 0xfc, 0xb3, 0xfc, 0xb3, 0xfc, 0x74, 0x5a, 0x74, 0x5a, 0x74, 0x5a, 0xb7, 0x9b, 0xb7, 0x9b,
  0xb7, 0x9b, 0xb7, 0x9b, 0xb7, 0x9b, 0xb7, 0x9b, 0xb7, 0x9b, 0xb7, 0x9b, 0xb7, 0x9b, 0xb7, 0x9b,
  0xb7, 0x9b, 0xb7, 0x9b, 0xb7, 0x9b, 0xb7, 0x9b, 0xb7, 0x9b, 0xb7, 0x9b, 0xb7, 0x9b, 0xb7, 0x9b,
  0xb7, 0x9b, 0xb7, 0x9b, 0xb7, 0x9b, 0xb7, 0x9b, 0xb7, 0x9b, 0xb7, 0x9b, 0xb7, 0x9b, 0xb7, 0x9b,
  0xb7, 0x9b, 0xb7, 0x9b, 0xb7, 0x9b, 0xb7, 0x9b, 0xb7, 0x9b, 0xb7, 0x9b, 0xb7, 0x9b, 0xb7, 0x9b,
  0xb7, 0x9b, 0xb7, 0x9b, 0xb7, 0x9b, 0xb7, 0x9b, 0x49, 0x49, 0x49, 0x49, 0x49, 0x49, 0xdf, 0xff,
  0xdf, 0xff, 0xdf, 0xff, 0x82, 0x10, 0x82, 0x10, 0x82, 0x10, 0x82, 0x10, 0xb7, 0x9b, 0xb7, 0x9b,
  0xb7, 0x9b, 0xb7, 0x9b, 0xb7, 0x9b, 0xb7, 0x9b, 0xb7, 0x9b, 0xb7, 0x9b, 0xb7, 0x9b, 0xb7, 0x9b,
  0xb7, 0x9b, 0x74, 0x5a, 0x74, 0x5a, 0x74, 0x5a, 0x74, 0x5a, 0x74, 0x5a, 0x74, 0x5a, 0x74, 0x5a,
  0x74, 0x5a, 0x74, 0x5a, 0x74, 0x5a, 0x74, 0x5a, 0x74, 0x5a, 0x74, 0x5a, 0x74, 0x5a, 0x74, 0x5a,
  0x74, 0x5a, 0x74, 0x5a, 0x74, 0x5a, 0x74, 0x5a, 0x74, 0x5a, 0x74, 0x5a, 0x74, 0x5a, 0x74, 0x5a,
  0x74, 0x5a, 0x74, 0x5a, 0x74, 0x5a, 0x74, 0x5a, 0x49, 0x49, 0x49, 0x49, 0x49, 0x49, 0x00, 0x00,
  0x00, 0x00, 0x00, 0x00, 0x00, 0x00, 0x00, 0x00, 0x00, 0x00, 0x00, 0x00, 0x00, 0x00, 0x00, 0x00,
  0x00, 0x00, 0x00, 0x00, 0x00, 0x00, 0x00, 0x00, 0x00, 0x00, 0x00, 0x00, 0x00, 0x00, 0x00, 0x00,
  0x00, 0x00, 0x00, 0x00, 0x00, 0x00, 0x00, 0x00, 0x00, 0x00, 0x00, 0x00, 0x00, 0x00, 0x00, 0x00,
  0x00, 0x00, 0x00, 0x00, 0x00, 0x00, 0x00, 0x00, 0x00, 0x00, 0x00, 0x00, 0x00, 0x00, 0x00, 0x00,
  0x00, 0x00, 0x00, 0x00, 0x00, 0x00, 0x00, 0x00, 0x00, 0x00, 0x00, 0x00, 0x00, 0x00, 0x00, 0x00,
  0x00, 0x00, 0x00, 0x00, 0x00, 0x00, 0x00, 0x00, 0x00, 0x00, 0x00, 0x00, 0x00, 0x00, 0x00, 0x00,
  0x00, 0x00, 0x00, 0x00, 0x00, 0x00, 0x00, 0x00, 0x00, 0x00, 0x00, 0x00, 0x00, 0x00, 0x00, 0x00,
  0x00, 0x00, 0x00, 0x00, 0x00, 0x00, 0x00, 0x00, 0x00, 0x00, 0x00, 0x00, 0x00, 0x00, 0x00, 0x00,
  0x00, 0x00, 0x00, 0x00, 0x00, 0x00, 0x00, 0x00, 0x00, 0x00, 0x00, 0x00, 0x00, 0x00, 0x00, 0x00,
  0x00, 0x00, 0x00, 0x00, 0x00, 0x00, 0x00, 0x00, 0x00, 0x00, 0x00, 0x00, 0x00, 0x00, 0x49, 0x49,
  0x49, 0x49, 0x49, 0x49, 0x35, 0x7b, 0x35, 0x7b, 0x35, 0x7b, 0x74, 0x5a, 0x74, 0x5a, 0x74, 0x5a,
  0x74, 0x5a, 0x74, 0x5a, 0x74, 0x5a, 0x74, 0x5a, 0x74, 0x5a, 0x74, 0x5a, 0x74, 0x5a, 0x74, 0x5a,
  0x74, 0x5a, 0x74, 0x5a, 0x74, 0x5a, 0x74, 0x5a, 0x49, 0x49, 0x49, 0x49, 0x49, 0x49, 0xb7, 0x9b,
  0xb7, 0x9b, 0xb7, 0x9b, 0xb7, 0x9b, 0xb7, 0x9b, 0xb7, 0x9b, 0xb7, 0x9b, 0xb7, 0x9b, 0xb7, 0x9b,
  0x74, 0x5a, 0x74, 0x5a, 0x74, 0x5a, 0xeb, 0xfa, 0xeb, 0xfa, 0xeb, 0xfa, 0xb3, 0xfc, 0xb3, 0xfc,
  0xb3, 0xfc, 0xb3, 0xfc, 0xb3, 0xfc, 0xb3, 0xfc, 0xb3, 0xfc, 0xb3, 0xfc, 0xb3, 0xfc, 0x74, 0x5a,
  0x74, 0x5a, 0x74, 0x5a, 0xb7, 0x9b, 0xb7, 0x9b, 0xb7, 0x9b, 0xb7, 0x9b, 0xb7, 0x9b, 0xb7, 0x9b,
  0xb7, 0x9b, 0xb7, 0x9b, 0xb7, 0x9b, 0xb7, 0x9b, 0xb7, 0x9b, 0xb7, 0x9b, 0xb7, 0x9b, 0xb7, 0x9b,
  0xb7, 0x9b, 0xb7, 0x9b, 0xb7, 0x9b, 0xb7, 0x9b, 0xb7, 0x9b, 0xb7, 0x9b, 0xb7, 0x9b, 0xb7, 0x9b,
  0xb7, 0x9b, 0xb7, 0x9b, 0xb7, 0x9b, 0xb7, 0x9b, 0xb7, 0x9b, 0xb7, 0x9b, 0xb7, 0x9b, 0xb7, 0x9b,
  0xb7, 0x9b, 0xb7, 0x9b, 0xb7, 0x9b, 0xb7, 0x9b, 0xb7, 0x9b, 0xb7, 0x9b, 0xb7, 0x9b, 0xb7, 0x9b,
  0x49, 0x49, 0x49, 0x49, 0x49, 0x49, 0xdf, 0xff, 0xdf, 0xff, 0xdf, 0xff, 0x82, 0x10, 0x82, 0x10,
  0x82, 0x10, 0x82, 0x10, 0xb7, 0x9b, 0xb7, 0x9b, 0xb7, 0x9b, 0xb7, 0x9b, 0xb7, 0x9b, 0xb7, 0x9b,
  0xb7, 0x9b, 0xb7, 0x9b, 0xb7, 0x9b, 0xb7, 0x9b, 0xb7, 0x9b, 0x74, 0x5a, 0x74, 0x5a, 0x74, 0x5a,
  0x74, 0x5a, 0x74, 0x5a, 0x74, 0x5a, 0x74, 0x5a, 0x74, 0x5a, 0x74, 0x5a, 0x74, 0x5a, 0x74, 0x5a,
  0x74, 0x5a, 0x74, 0x5a, 0x74, 0x5a, 0x74, 0x5a, 0x74, 0x5a, 0x74, 0x5a, 0x74, 0x5a, 0x74, 0x5a,
  0x74, 0x5a, 0x74, 0x5a, 0x74, 0x5a, 0x74, 0x5a, 0x74, 0x5a, 0x74, 0x5a, 0x74, 0x5a, 0x74, 0x5a,
  0x49, 0x49, 0x49, 0x49, 0x49, 0x49, 0x00, 0x00, 0x00, 0x00, 0x00, 0x00, 0x00, 0x00, 0x00, 0x00,
  0x00, 0x00, 0x00, 0x00, 0x00, 0x00, 0x00, 0x00, 0x00, 0x00, 0x00, 0x00, 0x00, 0x00, 0x00, 0x00,
  0x00, 0x00, 0x00, 0x00, 0x00, 0x00, 0x00, 0x00, 0x00, 0x00, 0x00, 0x00, 0x00, 0x00, 0x00, 0x00,
  0x00, 0x00, 0x00, 0x00, 0x00, 0x00, 0x00, 0x00, 0x00, 0x00, 0x00, 0x00, 0x00, 0x00, 0x00, 0x00,
  0x00, 0x00, 0x00, 0x00, 0x00, 0x00, 0x00, 0x00, 0x00, 0x00, 0x00, 0x00, 0x00, 0x00, 0x00, 0x00,
  0x00, 0x00, 0x00, 0x00, 0x00, 0x00, 0x00, 0x00, 0x00, 0x00, 0x00, 0x00, 0x00, 0x00, 0x00, 0x00,
  0x00, 0x00, 0x00, 0x00, 0x00, 0x00, 0x00, 0x00, 0x00, 0x00, 0x00, 0x00, 0x00, 0x00, 0x00, 0x00,
  0x00, 0x00, 0x00, 0x00, 0x00, 0x00, 0x00, 0x00, 0x00, 0x00, 0x00, 0x00, 0x00, 0x00, 0x00, 0x00,
  0x00, 0x00, 0x00, 0x00, 0x00, 0x00, 0x00, 0x00, 0x00, 0x00, 0x00, 0x00, 0x00, 0x00, 0x00, 0x00,
  0x00, 0x00, 0x00, 0x00, 0x00, 0x00, 0x00, 0x00, 0x00, 0x00, 0x00, 0x00, 0x00, 0x00, 0x00, 0x00,
  0x00, 0x00, 0x00, 0x00, 0x00, 0x00, 0x49, 0x49, 0x49, 0x49, 0x49, 0x49, 0x35, 0x7b, 0x35, 0x7b,
  0x35, 0x7b, 0x74, 0x5a, 0x74, 0x5a, 0x74, 0x5a, 0x74, 0x5a, 0x74, 0x5a, 0x74, 0x5a, 0x74, 0x5a,
  0x74, 0x5a, 0x74, 0x5a, 0x74, 0x5a, 0x74, 0x5a, 0x74, 0x5a, 0x74, 0x5a, 0x74, 0x5a, 0x74, 0x5a,
  0x49, 0x49, 0x49, 0x49, 0x49, 0x49, 0xb7, 0x9b, 0xb7, 0x9b, 0xb7, 0x9b, 0xb7, 0x9b, 0xb7, 0x9b,
  0xb7, 0x9b, 0xb7, 0x9b, 0xb7, 0x9b, 0xb7, 0x9b, 0x74, 0x5a, 0x74, 0x5a, 0x74, 0x5a, 0xeb, 0xfa,
  0xeb, 0xfa, 0xeb, 0xfa, 0xb3, 0xfc, 0xb3, 0xfc, 0xb3, 0xfc, 0xb3, 0xfc, 0xb3, 0xfc, 0xb3, 0xfc,
  0xb3, 0xfc, 0xb3, 0xfc, 0xb3, 0xfc, 0x74, 0x5a, 0x74, 0x5a, 0x74, 0x5a, 0xb7, 0x9b, 0xb7, 0x9b,
  0xb7, 0x9b, 0xb7, 0x9b, 0xb7, 0x9b, 0xb7, 0x9b, 0xb7, 0x9b, 0xb7, 0x9b, 0xb7, 0x9b, 0xb7, 0x9b,
  0xb7, 0x9b, 0xb7, 0x9b, 0xb7, 0x9b, 0xb7, 0x9b, 0xb7, 0x9b, 0xb7, 0x9b, 0xb7, 0x9b, 0xb7, 0x9b,
  0xb7, 0x9b, 0xb7, 0x9b, 0xb7, 0x9b, 0xb7, 0x9b, 0xb7, 0x9b, 0xb7, 0x9b, 0xb7, 0x9b, 0xb7, 0x9b,
  0xb7, 0x9b, 0xb7, 0x9b, 0xb7, 0x9b, 0xb7, 0x9b, 0xb7, 0x9b, 0xb7, 0x9b, 0xb7, 0x9b, 0xb7, 0x9b,
  0xb7, 0x9b, 0xb7, 0x9b, 0xb7, 0x9b, 0xb7, 0x9b, 0x49, 0x49, 0x49, 0x49, 0x49, 0x49, 0xdf, 0xff,
  0xdf, 0xff, 0xdf, 0xff, 0x82, 0x10, 0x82, 0x10, 0x82, 0x10, 0x82, 0x10, 0xb7, 0x9b, 0xb7, 0x9b,
  0xb7, 0x9b, 0xb7, 0x9b, 0xb7, 0x9b, 0xb7, 0x9b, 0xb7, 0x9b, 0xb7, 0x9b, 0xb7, 0x9b, 0xb7, 0x9b,
  0xb7, 0x9b, 0x74, 0x5a, 0x74, 0x5a, 0x74, 0x5a, 0x74, 0x5a, 0x74, 0x5a, 0x74, 0x5a, 0x74, 0x5a,
  0x74, 0x5a, 0x74, 0x5a, 0x74, 0x5a, 0x74, 0x5a, 0x74, 0x5a, 0x74, 0x5a, 0x74, 0x5a, 0x74, 0x5a,
  0x74, 0x5a, 0x74, 0x5a, 0x74, 0x5a, 0x74, 0x5a, 0x74, 0x5a, 0x74, 0x5a, 0x74, 0x5a, 0x74, 0x5a,
  0x74, 0x5a, 0x74, 0x5a, 0x74, 0x5a, 0x74, 0x5a, 0x49, 0x49, 0x49, 0x49, 0x49, 0x49, 0x00, 0x00,
  0x00, 0x00, 0x00, 0x00, 0x00, 0x00, 0x00, 0x00, 0x00, 0x00, 0x00, 0x00, 0x00, 0x00, 0x00, 0x00,
  0x00, 0x00, 0x00, 0x00, 0x00, 0x00, 0x00, 0x00, 0x00, 0x00, 0x00, 0x00, 0x00, 0x00, 0x00, 0x00,
  0x00, 0x00, 0x00, 0x00, 0x00, 0x00, 0x00, 0x00, 0x00, 0x00, 0x00, 0x00, 0x00, 0x00, 0x00, 0x00,
  0x00, 0x00, 0x00, 0x00, 0x00, 0x00, 0x00, 0x00, 0x00, 0x00, 0x00, 0x00, 0x00, 0x00, 0x00, 0x00,
  0x00, 0x00, 0x00, 0x00, 0x00, 0x00, 0x00, 0x00, 0x00, 0x00, 0x00, 0x00, 0x00, 0x00, 0x00, 0x00,
  0x00, 0x00, 0x00, 0x00, 0x00, 0x00, 0x00, 0x00, 0x00, 0x00, 0x00, 0x00, 0x00, 0x00, 0x00, 0x00,
  0x00, 0x00, 0x00, 0x00, 0x00, 0x00, 0x00, 0x00, 0x00, 0x00, 0x00, 0x00, 0x00, 0x00, 0x00, 0x00,
  0x00, 0x00, 0x00, 0x00, 0x00, 0x00, 0x00, 0x00, 0x00, 0x00, 0x00, 0x00, 0x00, 0x00, 0x00, 0x00,
  0x00, 0x00, 0x00, 0x00, 0x00, 0x00, 0x00, 0x00, 0x00, 0x00, 0x00, 0x00, 0x00, 0x00, 0x00, 0x00,
  0x00, 0x00, 0x00, 0x00, 0x00, 0x00, 0x00, 0x00, 0x00, 0x00, 0x00, 0x00, 0x00, 0x00, 0x00, 0x00,
  0x00, 0x00, 0x00, 0x00, 0x49, 0x49, 0x49, 0x49, 0x49, 0x49, 0x49, 0x49, 0x49, 0x49, 0x49, 0x49,
  0x74, 0x5a, 0x74, 0x5a, 0x74, 0x5a, 0x74, 0x5a, 0x74, 0x5a, 0x74, 0x5a, 0x74, 0x5a, 0x74, 0x5a,
  0x74, 0x5a, 0x74, 0x5a, 0x74, 0x5a, 0x74, 0x5a, 0x82, 0x10, 0x82, 0x10, 0x82, 0x10, 0xb7, 0x9b,
  0xb7, 0x9b, 0xb7, 0x9b, 0x74, 0x5a, 0x74, 0x5a, 0x74, 0x5a, 0xb7, 0x9b, 0xb7, 0x9b, 0xb7, 0x9b,
  0x74, 0x5a, 0x74, 0x5a, 0x74, 0x5a, 0x74, 0x5a, 0x74, 0x5a, 0x74, 0x5a, 0xeb, 0xfa, 0xeb, 0xfa,
  0xeb, 0xfa, 0xeb, 0xfa, 0xeb, 0xfa, 0xeb, 0xfa, 0x74, 0x5a, 0x74, 0x5a, 0x74, 0x5a, 0xb7, 0x9b,
  0xb7, 0x9b, 0xb7, 0x9b, 0xb7, 0x9b, 0xb7, 0x9b, 0xb7, 0x9b, 0xb7, 0x9b, 0xb7, 0x9b, 0xb7, 0x9b,
  0xb7, 0x9b, 0xb7, 0x9b, 0xb7, 0x9b, 0xb7, 0x9b, 0xb7, 0x9b, 0xb7, 0x9b, 0xb7, 0x9b, 0xb7, 0x9b,
  0xb7, 0x9b, 0xb7, 0x9b, 0xb7, 0x9b, 0xb7, 0x9b, 0xb7, 0x9b, 0xb7, 0x9b, 0xb7, 0x9b, 0xb7, 0x9b,
  0xb7, 0x9b, 0xb7, 0x9b, 0xb7, 0x9b, 0xb7, 0x9b, 0xb7, 0x9b, 0xb7, 0x9b, 0xb7, 0x9b, 0xb7, 0x9b,
  0xb7, 0x9b, 0xb7, 0x9b, 0xb7, 0x9b, 0xb7, 0x9b, 0xb7, 0x9b, 0xb7, 0x9b, 0x49, 0x49, 0x49, 0x49,
  0x49, 0x49, 0x49, 0x49, 0x49, 0x49, 0x78, 0xc5, 0x78, 0xc5, 0x78, 0xc5, 0xdf, 0xff, 0xdf, 0xff,
  0xdf, 0xff, 0xdf, 0xff, 0x82, 0x10, 0x82, 0x10, 0xb7, 0x9b, 0xb7, 0x9b, 0xb7, 0x9b, 0xb7, 0x9b,
  0xb7, 0x9b, 0xb7, 0x9b, 0xb7, 0x9b, 0xb7, 0x9b, 0xb7, 0x9b, 0x74, 0x5a, 0x74, 0x5a, 0x74, 0x5a,
  0x74, 0x5a, 0x74, 0x5a, 0x74, 0x5a, 0x74, 0x5a, 0x74, 0x5a, 0x74, 0x5a, 0x74, 0x5a, 0x74, 0x5a,
  0x74, 0x5a, 0x74, 0x5a, 0x74, 0x5a, 0x74, 0x5a, 0x74, 0x5a, 0x74, 0x5a, 0x74, 0x5a, 0x74, 0x5a,
  0x74, 0x5a, 0x74, 0x5a, 0x74, 0x5a, 0x74, 0x5a, 0x74, 0x5a, 0x74, 0x5a, 0x74, 0x5a, 0x74, 0x5a,
  0x49, 0x49, 0x49, 0x49, 0x49, 0x49, 0x00, 0x00, 0x00, 0x00, 0x00, 0x00, 0x00, 0x00, 0x00, 0x00,
  0x00, 0x00, 0x00, 0x00, 0x00, 0x00, 0x00, 0x00, 0x00, 0x00, 0x00, 0x00, 0x00, 0x00, 0x00, 0x00,
  0x00, 0x00, 0x00, 0x00, 0x00, 0x00, 0x00, 0x00, 0x00, 0x00, 0x00, 0x00, 0x00, 0x00, 0x00, 0x00,
  0x00, 0x00, 0x00, 0x00, 0x00, 0x00, 0x00, 0x00, 0x00, 0x00, 0x00, 0x00, 0x00, 0x00, 0x00, 0x00,
  0x00, 0x00, 0x00, 0x00, 0x00, 0x00, 0x00, 0x00, 0x00, 0x00, 0x00, 0x00, 0x00, 0x00, 0x00, 0x00,
  0x00, 0x00, 0x00, 0x00, 0x00, 0x00, 0x00, 0x00, 0x00, 0x00, 0x00, 0x00, 0x00, 0x00, 0x00, 0x00,
  0x00, 0x00, 0x00, 0x00, 0x00, 0x00, 0x00, 0x00, 0x00, 0x00, 0x00, 0x00, 0x00, 0x00, 0x00, 0x00,
  0x00, 0x00, 0x00, 0x00, 0x00, 0x00, 0x00, 0x00, 0x00, 0x00, 0x00, 0x00, 0x00, 0x00, 0x00, 0x00,
  0x00, 0x00, 0x00, 0x00, 0x00, 0x00, 0x00, 0x00, 0x00, 0x00, 0x00, 0x00, 0x00, 0x00, 0x00, 0x00,
  0x00, 0x00, 0x00, 0x00, 0x00, 0x00, 0x00, 0x00, 0x00, 0x00, 0x00, 0x00, 0x00, 0x00, 0x00, 0x00,
  0x00, 0x00, 0x00, 0x00, 0x00, 0x00, 0x00, 0x00, 0x00, 0x00, 0x00, 0x00, 0x49, 0x49, 0x49, 0x49,
  0x49, 0x49, 0x49, 0x49, 0x49, 0x49, 0x49, 0x49, 0x74, 0x5a, 0x74, 0x5a, 0x74, 0x5a, 0x74, 0x5a,
  0x74, 0x5a, 0x74, 0x5a, 0x74, 0x5a, 0x74, 0x5a, 0x74, 0x5a, 0x74, 0x5a, 0x74, 0x5a, 0x74, 0x5a,
  0x82, 0x10, 0x82, 0x10, 0x82, 0x10, 0xb7, 0x9b, 0xb7, 0x9b, 0xb7, 0x9b, 0x74, 0x5a, 0x74, 0x5a,
  0x74, 0x5a, 0xb7, 0x9b, 0xb7, 0x9b, 0xb7, 0x9b, 0x74, 0x5a, 0x74, 0x5a, 0x74, 0x5a, 0x74, 0x5a,
  0x74, 0x5a, 0x74, 0x5a, 0xeb, 0xfa, 0xeb, 0xfa, 0xeb, 0xfa, 0xeb, 0xfa, 0xeb, 0xfa, 0xeb, 0xfa,
  0x74, 0x5a, 0x74, 0x5a, 0x74, 0x5a, 0xb7, 0x9b, 0xb7, 0x9b, 0xb7, 0x9b, 0xb7, 0x9b, 0xb7, 0x9b,
  0xb7, 0x9b, 0xb7, 0x9b, 0xb7, 0x9b, 0xb7, 0x9b, 0xb7, 0x9b, 0xb7, 0x9b, 0xb7, 0x9b, 0xb7, 0x9b,
  0xb7, 0x9b, 0xb7, 0x9b, 0xb7, 0x9b, 0xb7, 0x9b, 0xb7, 0x9b, 0xb7, 0x9b, 0xb7, 0x9b, 0xb7, 0x9b,
  0xb7, 0x9b, 0xb7, 0x9b, 0xb7, 0x9b, 0xb7, 0x9b, 0xb7, 0x9b, 0xb7, 0x9b, 0xb7, 0x9b, 0xb7, 0x9b,
  0xb7, 0x9b, 0xb7, 0x9b, 0xb7, 0x9b, 0xb7, 0x9b, 0xb7, 0x9b, 0xb7, 0x9b, 0xb7, 0x9b, 0xb7, 0x9b,
  0xb7, 0x9b, 0xb7, 0x9b, 0x49, 0x49, 0x49, 0x49, 0x49, 0x49, 0x49, 0x49, 0x49, 0x49, 0x78, 0xc5,
  0x78, 0xc5, 0x78, 0xc5, 0xdf, 0xff, 0xdf, 0xff, 0xdf, 0xff, 0xdf, 0xff, 0x82, 0x10, 0x82, 0x10,
  0xb7, 0x9b, 0xb7, 0x9b, 0xb7, 0x9b, 0xb7, 0x9b, 0xb7, 0x9b, 0xb7, 0x9b, 0xb7, 0x9b, 0xb7, 0x9b,
  0xb7, 0x9b, 0x74, 0x5a, 0x74, 0x5a, 0x74, 0x5a, 0x74, 0x5a, 0x74, 0x5a, 0x74, 0x5a, 0x74, 0x5a,
  0x74, 0x5a, 0x74, 0x5a, 0x74, 0x5a, 0x74, 0x5a, 0x74, 0x5a, 0x74, 0x5a, 0x74, 0x5a, 0x74, 0x5a,
  0x74, 0x5a, 0x74, 0x5a, 0x74, 0x5a, 0x74, 0x5a, 0x74, 0x5a, 0x74, 0x5a, 0x74, 0x5a, 0x74, 0x5a,
  0x74, 0x5a, 0x74, 0x5a, 0x74, 0x5a, 0x74, 0x5a, 0x49, 0x49, 0x49, 0x49, 0x49, 0x49, 0x00, 0x00,
  0x00, 0x00, 0x00, 0x00, 0x00, 0x00, 0x00, 0x00, 0x00, 0x00, 0x00, 0x00, 0x00, 0x00, 0x00, 0x00,
  0x00, 0x00, 0x00, 0x00, 0x00, 0x00, 0x00, 0x00, 0x00, 0x00, 0x00, 0x00, 0x00, 0x00, 0x00, 0x00,
  0x00, 0x00, 0x00, 0x00, 0x00, 0x00, 0x00, 0x00, 0x00, 0x00, 0x00, 0x00, 0x00, 0x00, 0x00, 0x00,
  0x00, 0x00, 0x00, 0x00, 0x00, 0x00, 0x00, 0x00, 0x00, 0x00, 0x00, 0x00, 0x00, 0x00, 0x00, 0x00,
  0x00, 0x00, 0x00, 0x00, 0x00, 0x00, 0x00, 0x00, 0x00, 0x00, 0x00, 0x00, 0x00, 0x00, 0x00, 0x00,
  0x00, 0x00, 0x00, 0x00, 0x00, 0x00, 0x00, 0x00, 0x00, 0x00, 0x00, 0x00, 0x00, 0x00, 0x00, 0x00,
  0x00, 0x00, 0x00, 0x00, 0x00, 0x00, 0x00, 0x00, 0x00, 0x00, 0x00, 0x00, 0x00, 0x00, 0x00, 0x00,
  0x00, 0x00, 0x00, 0x00, 0x00, 0x00, 0x00, 0x00, 0x00, 0x00, 0x00, 0x00, 0x00, 0x00, 0x00, 0x00,
  0x00, 0x00, 0x00, 0x00, 0x00, 0x00, 0x00, 0x00, 0x00, 0x00, 0x00, 0x00, 0x00, 0x00, 0x00, 0x00,
  0x00, 0x00, 0x00, 0x00, 0x00, 0x00, 0x00, 0x00, 0x00, 0x00, 0x00, 0x00, 0x00, 0x00, 0x00, 0x00,
  0x00, 0x00, 0x00, 0x00, 0x49, 0x49, 0x49, 0x49, 0x49, 0x49, 0x49, 0x49, 0x49, 0x49, 0x49, 0x49,
  0x74, 0x5a, 0x74, 0x5a, 0x74, 0x5a, 0x74, 0x5a, 0x74, 0x5a, 0x74, 0x5a, 0x74, 0x5a, 0x74, 0x5a,
  0x74, 0x5a, 0x74, 0x5a, 0x74, 0x5a, 0x74, 0x5a, 0x82, 0x10, 0x82, 0x10, 0x82, 0x10, 0xb7, 0x9b,
  0xb7, 0x9b, 0xb7, 0x9b, 0x74, 0x5a, 0x74, 0x5a, 0x74, 0x5a, 0xb7, 0x9b, 0xb7, 0x9b, 0xb7, 0x9b,
  0x74, 0x5a, 0x74, 0x5a, 0x74, 0x5a, 0x74, 0x5a, 0x74, 0x5a, 0x74, 0x5a, 0xeb, 0xfa, 0xeb, 0xfa,
  0xeb, 0xfa, 0xeb, 0xfa, 0xeb, 0xfa, 0xeb, 0xfa, 0x74, 0x5a, 0x74, 0x5a, 0x74, 0x5a, 0xb7, 0x9b,
  0xb7, 0x9b, 0xb7, 0x9b, 0xb7, 0x9b, 0xb7, 0x9b, 0xb7, 0x9b, 0xb7, 0x9b, 0xb7, 0x9b, 0xb7, 0x9b,
  0xb7, 0x9b, 0xb7, 0x9b, 0xb7, 0x9b, 0xb7, 0x9b, 0xb7, 0x9b, 0xb7, 0x9b, 0xb7, 0x9b, 0xb7, 0x9b,
  0xb7, 0x9b, 0xb7, 0x9b, 0xb7, 0x9b, 0xb7, 0x9b, 0xb7, 0x9b, 0xb7, 0x9b, 0xb7, 0x9b, 0xb7, 0x9b,
  0xb7, 0x9b, 0xb7, 0x9b, 0xb7, 0x9b, 0xb7, 0x9b, 0xb7, 0x9b, 0xb7, 0x9b, 0xb7, 0x9b, 0xb7, 0x9b,
  0xb7, 0x9b, 0xb7, 0x9b, 0xb7, 0x9b, 0xb7, 0x9b, 0xb7, 0x9b, 0xb7, 0x9b, 0x49, 0x49, 0x49, 0x49,
  0x49, 0x49, 0x49, 0x49, 0x49, 0x49, 0x78, 0xc5, 0x78, 0xc5, 0x78, 0xc5, 0xdf, 0xff, 0xdf, 0xff,
  0xdf, 0xff, 0xdf, 0xff, 0x82, 0x10, 0x82, 0x10, 0xb7, 0x9b, 0xb7, 0x9b, 0xb7, 0x9b, 0xb7, 0x9b,
  0xb7, 0x9b, 0xb7, 0x9b, 0xb7, 0x9b, 0xb7, 0x9b, 0xb7, 0x9b, 0x74, 0x5a, 0x74, 0x5a, 0x74, 0x5a,
  0x74, 0x5a, 0x74, 0x5a, 0x74, 0x5a, 0x74, 0x5a, 0x74, 0x5a, 0x74, 0x5a, 0x74, 0x5a, 0x74, 0x5a,
  0x74, 0x5a, 0x74, 0x5a, 0x74, 0x5a, 0x74, 0x5a, 0x74, 0x5a, 0x74, 0x5a, 0x74, 0x5a, 0x74, 0x5a,
  0x74, 0x5a, 0x74, 0x5a, 0x74, 0x5a, 0x74, 0x5a, 0x74, 0x5a, 0x74, 0x5a, 0x74, 0x5a, 0x74, 0x5a,
  0x49, 0x49, 0x49, 0x49, 0x49, 0x49, 0x00, 0x00, 0x00, 0x00, 0x00, 0x00, 0x00, 0x00, 0x00, 0x00,
  0x00, 0x00, 0x00, 0x00, 0x00, 0x00, 0x00, 0x00, 0x00, 0x00, 0x00, 0x00, 0x00, 0x00, 0x00, 0x00,
  0x00, 0x00, 0x00, 0x00, 0x00, 0x00, 0x00, 0x00, 0x00, 0x00, 0x00, 0x00, 0x00, 0x00, 0x00, 0x00,
  0x00, 0x00, 0x00, 0x00, 0x00, 0x00, 0x00, 0x00, 0x00, 0x00, 0x00, 0x00, 0x00, 0x00, 0x00, 0x00,
  0x00, 0x00, 0x00, 0x00, 0x00, 0x00, 0x00, 0x00, 0x00, 0x00, 0x00, 0x00, 0x00, 0x00, 0x00, 0x00,
  0x00, 0x00, 0x00, 0x00, 0x00, 0x00, 0x00, 0x00, 0x00, 0x00, 0x00, 0x00, 0x00, 0x00, 0x00, 0x00,
  0x00, 0x00, 0x00, 0x00, 0x00, 0x00, 0x00, 0x00, 0x00, 0x00, 0x00, 0x00, 0x00, 0x00, 0x00, 0x00,
  0x00, 0x00, 0x00, 0x00, 0x00, 0x00, 0x00, 0x00, 0x00, 0x00, 0x00, 0x00, 0x00, 0x00, 0x00, 0x00,
  0x00, 0x00, 0x00, 0x00, 0x00, 0x00, 0x00, 0x00, 0x00, 0x00, 0x00, 0x00, 0x00, 0x00, 0x00, 0x00,
  0x00, 0x00, 0x00, 0x00, 0x00, 0x00, 0x00, 0x00, 0x00, 0x00, 0x00, 0x00, 0x00, 0x00, 0x00, 0x00,
  0x00, 0x00, 0x00, 0x00, 0x00, 0x00, 0x00, 0x00, 0x00, 0x00, 0x00, 0x00, 0x00, 0x00, 0x00, 0x00,
  0x00, 0x00, 0x00, 0x00, 0x00, 0x00, 0x00, 0x00, 0x49, 0x49, 0x49, 0x49, 0x49, 0x49, 0x49, 0x49,
  0x49, 0x49, 0x49, 0x49, 0x74, 0x5a, 0x74, 0x5a, 0x74, 0x5a, 0x74, 0x5a, 0x74, 0x5a, 0x74, 0x5a,
  0x82, 0x10, 0x82, 0x10, 0x82, 0x10, 0xb7, 0x9b, 0xb7, 0x9b, 0xb7, 0x9b, 0x49, 0x49, 0x49, 0x49,
  0x49, 0x49, 0xb7, 0x9b, 0xb7, 0x9b, 0xb7, 0x9b, 0xb7, 0x9b, 0xb7, 0x9b, 0xb7, 0x9b, 0xb7, 0x9b,
  0xb7, 0x9b, 0xb7, 0x9b, 0xb7, 0x9b, 0xb7, 0x9b, 0xb7, 0x9b, 0xb7, 0x9b, 0xb7, 0x9b, 0xb7, 0x9b,
  0xb7, 0x9b, 0xb7, 0x9b, 0xb7, 0x9b, 0xb7, 0x9b, 0xb7, 0x9b, 0xb7, 0x9b, 0xb7, 0x9b, 0xb7, 0x9b,
  0xb7, 0x9b, 0xb7, 0x9b, 0xb7, 0x9b, 0xb7, 0x9b, 0xb7, 0x9b, 0xb7, 0x9b, 0xb7, 0x9b, 0xb7, 0x9b,
  0xb7, 0x9b, 0xb7, 0x9b, 0xb7, 0x9b, 0xb7, 0x9b, 0xb7, 0x9b, 0xb7, 0x9b, 0xb7, 0x9b, 0xb7, 0x9b,
  0xb7, 0x9b, 0xb7, 0x9b, 0xb7, 0x9b, 0xb7, 0x9b, 0xb7, 0x9b, 0xb7, 0x9b, 0xb7, 0x9b, 0xb7, 0x9b,
  0xb7, 0x9b, 0xb7, 0x9b, 0xb7, 0x9b, 0xb7, 0x9b, 0x49, 0x49, 0x49, 0x49, 0x49, 0x49, 0x49, 0x49,
  0x49, 0x49, 0x49, 0x49, 0x78, 0xc5, 0x78, 0xc5, 0xdf, 0xff, 0xdf, 0xff, 0xdf, 0xff, 0xdf, 0xff,
  0xdf, 0xff, 0xdf, 0xff, 0x78, 0xc5, 0x78, 0xc5, 0x78, 0xc5, 0x78, 0xc5, 0x82, 0x10, 0x82, 0x10,
  0xb7, 0x9b, 0xb7, 0x9b, 0xb7, 0x9b, 0xb7, 0x9b, 0xb7, 0x9b, 0xb7, 0x9b, 0x35, 0x7b, 0x35, 0x7b,
  0x35, 0x7b, 0x74, 0x5a, 0x74, 0x5a, 0x74, 0x5a, 0x74, 0x5a, 0x74, 0x5a, 0x74, 0x5a, 0x74, 0x5a,
  0x74, 0x5a, 0x74, 0x5a, 0x74, 0x5a, 0x74, 0x5a, 0x74, 0x5a, 0x74, 0x5a, 0x74, 0x5a, 0x74, 0x5a,
  0x74, 0x5a, 0x74, 0x5a, 0x74, 0x5a, 0x74, 0x5a, 0x74, 0x5a, 0x74, 0x5a, 0x74, 0x5a, 0x74, 0x5a,
  0x74, 0x5a, 0x74, 0x5a, 0x74, 0x5a, 0x74, 0x5a, 0x49, 0x49, 0x49, 0x49, 0x49, 0x49, 0x00, 0x00,
  0x00, 0x00, 0x00, 0x00, 0x00, 0x00, 0x00, 0x00, 0x00, 0x00, 0x00, 0x00, 0x00, 0x00, 0x00, 0x00,
  0x00, 0x00, 0x00, 0x00, 0x00, 0x00, 0x00, 0x00, 0x00, 0x00, 0x00, 0x00, 0x00, 0x00, 0x00, 0x00,
  0x00, 0x00, 0x00, 0x00, 0x00, 0x00, 0x00, 0x00, 0x00, 0x00, 0x00, 0x00, 0x00, 0x00, 0x00, 0x00,
  0x00, 0x00, 0x00, 0x00, 0x00, 0x00, 0x00, 0x00, 0x00, 0x00, 0x00, 0x00, 0x00, 0x00, 0x00, 0x00,
  0x00, 0x00, 0x00, 0x00, 0x00, 0x00, 0x00, 0x00, 0x00, 0x00, 0x00, 0x00, 0x00, 0x00, 0x00, 0x00,
  0x00, 0x00, 0x00, 0x00, 0x00, 0x00, 0x00, 0x00, 0x00, 0x00, 0x00, 0x00, 0x00, 0x00, 0x00, 0x00,
  0x00, 0x00, 0x00, 0x00, 0x00, 0x00, 0x00, 0x00, 0x00, 0x00, 0x00, 0x00, 0x00, 0x00, 0x00, 0x00,
  0x00, 0x00, 0x00, 0x00, 0x00, 0x00, 0x00, 0x00, 0x00, 0x00, 0x00, 0x00, 0x00, 0x00, 0x00, 0x00,
  0x00, 0x00, 0x00, 0x00, 0x00, 0x00, 0x00, 0x00, 0x00, 0x00, 0x00, 0x00, 0x00, 0x00, 0x00, 0x00,
  0x00, 0x00, 0x00, 0x00, 0x00, 0x00, 0x00, 0x00, 0x00, 0x00, 0x00, 0x00, 0x00, 0x00, 0x00, 0x00,
  0x00, 0x00, 0x00, 0x00, 0x00, 0x00, 0x00, 0x00, 0x00, 0x00, 0x00, 0x00, 0x00, 0x00, 0x00, 0x00,
  0x49, 0x49, 0x49, 0x49, 0x49, 0x49, 0x49, 0x49, 0x49, 0x49, 0x49, 0x49, 0x74, 0x5a, 0x74, 0x5a,
  0x74, 0x5a, 0x74, 0x5a, 0x74, 0x5a, 0x74, 0x5a, 0x82, 0x10, 0x82, 0x10, 0x82, 0x10, 0xb7, 0x9b,
  0xb7, 0x9b, 0xb7, 0x9b, 0x49, 0x49, 0x49, 0x49, 0x49, 0x49, 0xb7, 0x9b, 0xb7, 0x9b, 0xb7, 0x9b,
  0xb7, 0x9b, 0xb7, 0x9b, 0xb7, 0x9b, 0xb7, 0x9b, 0xb7, 0x9b, 0xb7, 0x9b, 0xb7, 0x9b, 0xb7, 0x9b,
  0xb7, 0x9b, 0xb7, 0x9b, 0xb7, 0x9b, 0xb7, 0x9b, 0xb7, 0x9b, 0xb7, 0x9b, 0xb7, 0x9b, 0xb7, 0x9b,
  0xb7, 0x9b, 0xb7, 0x9b, 0xb7, 0x9b, 0xb7, 0x9b, 0xb7, 0x9b, 0xb7, 0x9b, 0xb7, 0x9b, 0xb7, 0x9b,
  0xb7, 0x9b, 0xb7, 0x9b, 0xb7, 0x9b, 0xb7, 0x9b, 0xb7, 0x9b, 0xb7, 0x9b, 0xb7, 0x9b, 0xb7, 0x9b,
  0xb7, 0x9b, 0xb7, 0x9b, 0xb7, 0x9b, 0xb7, 0x9b, 0xb7, 0x9b, 0xb7, 0x9b, 0xb7, 0x9b, 0xb7, 0x9b,
  0xb7, 0x9b, 0xb7, 0x9b, 0xb7, 0x9b, 0xb7, 0x9b, 0xb7, 0x9b, 0xb7, 0x9b, 0xb7, 0x9b, 0xb7, 0x9b,
  0x49, 0x49, 0x49, 0x49, 0x49, 0x49, 0x49, 0x49, 0x49, 0x49, 0x49, 0x49, 0x78, 0xc5, 0x78, 0xc5,
  0xdf, 0xff, 0xdf, 0xff, 0xdf, 0xff, 0xdf, 0xff, 0xdf, 0xff, 0xdf, 0xff, 0x78, 0xc5, 0x78, 0xc5,
  0x78, 0xc5, 0x78, 0xc5, 0x82, 0x10, 0x82, 0x10, 0xb7, 0x9b, 0xb7, 0x9b, 0xb7, 0x9b, 0xb7, 0x9b,
  0xb7, 0x9b, 0xb7, 0x9b, 0x35, 0x7b, 0x35, 0x7b, 0x35, 0x7b, 0x74, 0x5a, 0x74, 0x5a, 0x74, 0x5a,
  0x74, 0x5a, 0x74, 0x5a, 0x74, 0x5a, 0x74, 0x5a, 0x74, 0x5a, 0x74, 0x5a, 0x74, 0x5a, 0x74, 0x5a,
  0x74, 0x5a, 0x74, 0x5a, 0x74, 0x5a, 0x74, 0x5a, 0x74, 0x5a, 0x74, 0x5a, 0x74, 0x5a, 0x74, 0x5a,
  0x74, 0x5a, 0x74, 0x5a, 0x74, 0x5a, 0x74, 0x5a, 0x74, 0x5a, 0x74, 0x5a, 0x74, 0x5a, 0x74, 0x5a,
  0x49, 0x49, 0x49, 0x49, 0x49, 0x49, 0x00, 0x00, 0x00, 0x00, 0x00, 0x00, 0x00, 0x00, 0x00, 0x00,
  0x00, 0x00, 0x00, 0x00, 0x00, 0x00, 0x00, 0x00, 0x00, 0x00, 0x00, 0x00, 0x00, 0x00, 0x00, 0x00,
  0x00, 0x00, 0x00, 0x00, 0x00, 0x00, 0x00, 0x00, 0x00, 0x00, 0x00, 0x00, 0x00, 0x00, 0x00, 0x00,
  0x00, 0x00, 0x00, 0x00, 0x00, 0x00, 0x00, 0x00, 0x00, 0x00, 0x00, 0x00, 0x00, 0x00, 0x00, 0x00,
  0x00, 0x00, 0x00, 0x00, 0x00, 0x00, 0x00, 0x00, 0x00, 0x00, 0x00, 0x00, 0x00, 0x00, 0x00, 0x00,
  0x00, 0x00, 0x00, 0x00, 0x00, 0x00, 0x00, 0x00, 0x00, 0x00, 0x00, 0x00, 0x00, 0x00, 0x00, 0x00,
  0x00, 0x00, 0x00, 0x00, 0x00, 0x00, 0x00, 0x00, 0x00, 0x00, 0x00, 0x00, 0x00, 0x00, 0x00, 0x00,
  0x00, 0x00, 0x00, 0x00, 0x00, 0x00, 0x00, 0x00, 0x00, 0x00, 0x00, 0x00, 0x00, 0x00, 0x00, 0x00,
  0x00, 0x00, 0x00, 0x00, 0x00, 0x00, 0x00, 0x00, 0x00, 0x00, 0x00, 0x00, 0x00, 0x00, 0x00, 0x00,
  0x00, 0x00, 0x00, 0x00, 0x00, 0x00, 0x00, 0x00, 0x00, 0x00, 0x00, 0x00, 0x00, 0x00, 0x00, 0x00,
  0x00, 0x00, 0x00, 0x00, 0x00, 0x00, 0x00, 0x00, 0x00, 0x00, 0x00, 0x00, 0x00, 0x00, 0x00, 0x00,
  0x00, 0x00, 0x00, 0x00, 0x00, 0x00, 0x00, 0x00, 0x49, 0x49, 0x49, 0x49, 0x49, 0x49, 0x49, 0x49,
  0x49, 0x49, 0x49, 0x49, 0x74, 0x5a, 0x74, 0x5a, 0x74, 0x5a, 0x74, 0x5a, 0x74, 0x5a, 0x74, 0x5a,
  0x82, 0x10, 0x82, 0x10, 0x82, 0x10, 0xb7, 0x9b, 0xb7, 0x9b, 0xb7, 0x9b, 0x49, 0x49, 0x49, 0x49,
  0x49, 0x49, 0xb7, 0x9b, 0xb7, 0x9b, 0xb7, 0x9b, 0xb7, 0x9b, 0xb7, 0x9b, 0xb7, 0x9b, 0xb7, 0x9b,
  0xb7, 0x9b, 0xb7, 0x9b, 0xb7, 0x9b, 0xb7, 0x9b, 0xb7, 0x9b, 0xb7, 0x9b, 0xb7, 0x9b, 0xb7, 0x9b,
  0xb7, 0x9b, 0xb7, 0x9b, 0xb7, 0x9b, 0xb7, 0x9b, 0xb7, 0x9b, 0xb7, 0x9b, 0xb7, 0x9b, 0xb7, 0x9b,
  0xb7, 0x9b, 0xb7, 0x9b, 0xb7, 0x9b, 0xb7, 0x9b, 0xb7, 0x9b, 0xb7, 0x9b, 0xb7, 0x9b, 0xb7, 0x9b,
  0xb7, 0x9b, 0xb7, 0x9b, 0xb7, 0x9b, 0xb7, 0x9b, 0xb7, 0x9b, 0xb7, 0x9b, 0xb7, 0x9b, 0xb7, 0x9b,
  0xb7, 0x9b, 0xb7, 0x9b, 0xb7, 0x9b, 0xb7, 0x9b, 0xb7, 0x9b, 0xb7, 0x9b, 0xb7, 0x9b, 0xb7, 0x9b,
  0xb7, 0x9b, 0xb7, 0x9b, 0xb7, 0x9b, 0xb7, 0x9b, 0x49, 0x49, 0x49, 0x49, 0x49, 0x49, 0x49, 0x49,
  0x49, 0x49, 0x49, 0x49, 0x78, 0xc5, 0x78, 0xc5, 0xdf, 0xff, 0xdf, 0xff, 0xdf, 0xff, 0xdf, 0xff,
  0xdf, 0xff, 0xdf, 0xff, 0x78, 0xc5, 0x78, 0xc5, 0x78, 0xc5, 0x78, 0xc5, 0x82, 0x10, 0x82, 0x10,
  0xb7, 0x9b, 0xb7, 0x9b, 0xb7, 0x9b, 0xb7, 0x9b, 0xb7, 0x9b, 0xb7, 0x9b, 0x35, 0x7b, 0x35, 0x7b,
  0x35, 0x7b, 0x74, 0x5a, 0x74, 0x5a, 0x74, 0x5a, 0x74, 0x5a, 0x74, 0x5a, 0x74, 0x5a, 0x74, 0x5a,
  0x74, 0x5a, 0x74, 0x5a, 0x74, 0x5a, 0x74, 0x5a, 0x74, 0x5a, 0x74, 0x5a, 0x74, 0x5a, 0x74, 0x5a,
  0x74, 0x5a, 0x74, 0x5a, 0x74, 0x5a, 0x74, 0x5a, 0x74, 0x5a, 0x74, 0x5a, 0x74, 0x5a, 0x74, 0x5a,
  0x74, 0x5a, 0x74, 0x5a, 0x74, 0x5a, 0x74, 0x5a, 0x49, 0x49, 0x49, 0x49, 0x49, 0x49, 0x00, 0x00,
  0x00, 0x00, 0x00, 0x00, 0x00, 0x00, 0x00, 0x00, 0x00, 0x00, 0x00, 0x00, 0x00, 0x00, 0x00, 0x00,
  0x00, 0x00, 0x00, 0x00, 0x00, 0x00, 0x00, 0x00, 0x00, 0x00, 0x00, 0x00, 0x00, 0x00, 0x00, 0x00,
  0x00, 0x00, 0x00, 0x00, 0x00, 0x00, 0x00, 0x00, 0x00, 0x00, 0x00, 0x00, 0x00, 0x00, 0x00, 0x00,
  0x00, 0x00, 0x00, 0x00, 0x00, 0x00, 0x00, 0x00, 0x00, 0x00, 0x00, 0x00, 0x00, 0x00, 0x00, 0x00,
  0x00, 0x00, 0x00, 0x00, 0x00, 0x00, 0x00, 0x00, 0x00, 0x00, 0x00, 0x00, 0x00, 0x00, 0x00, 0x00,
  0x00, 0x00, 0x00, 0x00, 0x00, 0x00, 0x00, 0x00, 0x00, 0x00, 0x00, 0x00, 0x00, 0x00, 0x00, 0x00,
  0x00, 0x00, 0x00, 0x00, 0x00, 0x00, 0x00, 0x00, 0x00, 0x00, 0x00, 0x00, 0x00, 0x00, 0x00, 0x00,
  0x00, 0x00, 0x00, 0x00, 0x00, 0x00, 0x00, 0x00, 0x00, 0x00, 0x00, 0x00, 0x00, 0x00, 0x00, 0x00,
  0x00, 0x00, 0x00, 0x00, 0x00, 0x00, 0x00, 0x00, 0x00, 0x00, 0x00, 0x00, 0x00, 0x00, 0x00, 0x00,
  0x00, 0x00, 0x00, 0x00, 0x00, 0x00, 0x00, 0x00, 0x00, 0x00, 0x00, 0x00, 0x00, 0x00, 0x00, 0x00,
  0x00, 0x00, 0x00, 0x00, 0x00, 0x00, 0x00, 0x00, 0x00, 0x00, 0x00, 0x00, 0x00, 0x00, 0x00, 0x00,
  0x00, 0x00, 0x00, 0x00, 0x00, 0x00, 0x00, 0x00, 0x00, 0x00, 0x00, 0x00, 0x00, 0x00, 0x00, 0x00,
  0x00, 0x00, 0x49, 0x49, 0x49, 0x49, 0x49, 0x49, 0x82, 0x10, 0x82, 0x10, 0x82, 0x10, 0xb7, 0x9b,
  0xb7, 0x9b, 0xb7, 0x9b, 0x49, 0x49, 0x49, 0x49, 0x49, 0x49, 0x49, 0x49, 0x49, 0x49, 0x49, 0x49,
  0x49, 0x49, 0x49, 0x49, 0x49, 0x49, 0xb7, 0x9b, 0xb7, 0x9b, 0xb7, 0x9b, 0xb7, 0x9b, 0xb7, 0x9b,
  0xb7, 0x9b, 0xb7, 0x9b, 0xb7, 0x9b, 0xb7, 0x9b, 0xb7, 0x9b, 0xb7, 0x9b, 0xb7, 0x9b, 0xb7, 0x9b,
  0xb7, 0x9b, 0xb7, 0x9b, 0xb7, 0x9b, 0xb7, 0x9b, 0xb7, 0x9b, 0xb7, 0x9b, 0xb7, 0x9b, 0xb7, 0x9b,
  0xb7, 0x9b, 0xb7, 0x9b, 0xb7, 0x9b, 0xb7, 0x9b, 0xb7, 0x9b, 0xb7, 0x9b, 0xb7, 0x9b, 0xb7, 0x9b,
  0xb7, 0x9b, 0xb7, 0x9b, 0xb7, 0x9b, 0xb7, 0x9b, 0xb7, 0x9b, 0xb7, 0x9b, 0xb7, 0x9b, 0x49, 0x49,
  0x49, 0x49, 0x49, 0x49, 0x49, 0x49, 0x49, 0x49, 0x49, 0x49, 0x49, 0x49, 0x49, 0x49, 0x49, 0x49,
  0x2f, 0x6b, 0x2f, 0x6b, 0x2f, 0x6b, 0xdf, 0xff, 0xdf, 0xff, 0xdf, 0xff, 0xdf, 0xff, 0xdf, 0xff,
  0xdf, 0xff, 0xdf, 0xff, 0xdf, 0xff, 0xdf, 0xff, 0xdf, 0xff, 0xdf, 0xff, 0x82, 0x10, 0x82, 0x10,
  0x82, 0x10, 0x82, 0x10, 0xb7, 0x9b, 0xb7, 0x9b, 0xb7, 0x9b, 0xb7, 0x9b, 0xb7, 0x9b, 0xb7, 0x9b,
  0xb7, 0x9b, 0xb7, 0x9b, 0x74, 0x5a, 0x74, 0x5a, 0x74, 0x5a, 0x74, 0x5a, 0x74, 0x5a, 0x74, 0x5a,
  0x74, 0x5a, 0x74, 0x5a, 0x74, 0x5a, 0x74, 0x5a, 0x74, 0x5a, 0x74, 0x5a, 0x74, 0x5a, 0x74, 0x5a,
  0x74, 0x5a, 0x74, 0x5a, 0x74, 0x5a, 0x74, 0x5a, 0x74, 0x5a, 0x74, 0x5a, 0x74, 0x5a, 0x74, 0x5a,
  0x74, 0x5a, 0x74, 0x5a, 0x74, 0x5a, 0x74, 0x5a, 0x74, 0x5a, 0x74, 0x5a, 0x74, 0x5a, 0x74, 0x5a,
  0x49, 0x49, 0x49, 0x49, 0x49, 0x49, 0x00, 0x00, 0x00, 0x00, 0x00, 0x00, 0x00, 0x00, 0x00, 0x00,
  0x00, 0x00, 0x00, 0x00, 0x00, 0x00, 0x00, 0x00, 0x00, 0x00, 0x00, 0x00, 0x00, 0x00, 0x00, 0x00,
  0x00, 0x00, 0x00, 0x00, 0x00, 0x00, 0x00, 0x00, 0x00, 0x00, 0x00, 0x00, 0x00, 0x00, 0x00, 0x00,
  0x00, 0x00, 0x00, 0x00, 0x00, 0x00, 0x00, 0x00, 0x00, 0x00, 0x00, 0x00, 0x00, 0x00, 0x00, 0x00,
  0x00, 0x00, 0x00, 0x00, 0x00, 0x00, 0x00, 0x00, 0x00, 0x00, 0x00, 0x00, 0x00, 0x00, 0x00, 0x00,
  0x00, 0x00, 0x00, 0x00, 0x00, 0x00, 0x00, 0x00, 0x00, 0x00, 0x00, 0x00, 0x00, 0x00, 0x00, 0x00,
  0x00, 0x00, 0x00, 0x00, 0x00, 0x00, 0x00, 0x00, 0x00, 0x00, 0x00, 0x00, 0x00, 0x00, 0x00, 0x00,
  0x00, 0x00, 0x00, 0x00, 0x00, 0x00, 0x00, 0x00, 0x00, 0x00, 0x00, 0x00, 0x00, 0x00, 0x00, 0x00,
  0x00, 0x00, 0x00, 0x00, 0x00, 0x00, 0x00, 0x00, 0x00, 0x00, 0x00, 0x00, 0x00, 0x00, 0x00, 0x00,
  0x00, 0x00, 0x00, 0x00, 0x00, 0x00, 0x00, 0x00, 0x00, 0x00, 0x00, 0x00, 0x00, 0x00, 0x00, 0x00,
  0x00, 0x00, 0x00, 0x00, 0x00, 0x00, 0x00, 0x00, 0x00, 0x00, 0x00, 0x00, 0x00, 0x00, 0x00, 0x00,
  0x00, 0x00, 0x00, 0x00, 0x00, 0x00, 0x00, 0x00, 0x00, 0x00, 0x00, 0x00, 0x00, 0x00, 0x00, 0x00,
  0x00, 0x00, 0x00, 0x00, 0x00, 0x00, 0x00, 0x00, 0x00, 0x00, 0x49, 0x49, 0x49, 0x49, 0x49, 0x49,
  0x82, 0x10, 0x82, 0x10, 0x82, 0x10, 0xb7, 0x9b, 0xb7, 0x9b, 0xb7, 0x9b, 0x49, 0x49, 0x49, 0x49,
  0x49, 0x49, 0x49, 0x49, 0x49, 0x49, 0x49, 0x49, 0x49, 0x49, 0x49, 0x49, 0x49, 0x49, 0xb7, 0x9b,
  0xb7, 0x9b, 0xb7, 0x9b, 0xb7, 0x9b, 0xb7, 0x9b, 0xb7, 0x9b, 0xb7, 0x9b, 0xb7, 0x9b, 0xb7, 0x9b,
  0xb7, 0x9b, 0xb7, 0x9b, 0xb7, 0x9b, 0xb7, 0x9b, 0xb7, 0x9b, 0xb7, 0x9b, 0xb7, 0x9b, 0xb7, 0x9b,
  0xb7, 0x9b, 0xb7, 0x9b, 0xb7, 0x9b, 0xb7, 0x9b, 0xb7, 0x9b, 0xb7, 0x9b, 0xb7, 0x9b, 0xb7, 0x9b,
  0xb7, 0x9b, 0xb7, 0x9b, 0xb7, 0x9b, 0xb7, 0x9b, 0xb7, 0x9b, 0xb7, 0x9b, 0xb7, 0x9b, 0xb7, 0x9b,
  0xb7, 0x9b, 0xb7, 0x9b, 0xb7, 0x9b, 0x49, 0x49, 0x49, 0x49, 0x49, 0x49, 0x49, 0x49, 0x49, 0x49,
  0x49, 0x49, 0x49, 0x49, 0x49, 0x49, 0x49, 0x49, 0x2f, 0x6b, 0x2f, 0x6b, 0x2f, 0x6b, 0xdf, 0xff,
  0xdf, 0xff, 0xdf, 0xff, 0xdf, 0xff, 0xdf, 0xff, 0xdf, 0xff, 0xdf, 0xff, 0xdf, 0xff, 0xdf, 0xff,
  0xdf, 0xff, 0xdf, 0xff, 0x82, 0x10, 0x82, 0x10, 0x82, 0x10, 0x82, 0x10, 0xb7, 0x9b, 0xb7, 0x9b,
  0xb7, 0x9b, 0xb7, 0x9b, 0xb7, 0x9b, 0xb7, 0x9b, 0xb7, 0x9b, 0xb7, 0x9b, 0x74, 0x5a, 0x74, 0x5a,
  0x74, 0x5a, 0x74, 0x5a, 0x74, 0x5a, 0x74, 0x5a, 0x74, 0x5a, 0x74, 0x5a, 0x74, 0x5a, 0x74, 0x5a,
  0x74, 0x5a, 0x74, 0x5a, 0x74, 0x5a, 0x74, 0x5a, 0x74, 0x5a, 0x74, 0x5a, 0x74, 0x5a, 0x74, 0x5a,
  0x74, 0x5a, 0x74, 0x5a, 0x74, 0x5a, 0x74, 0x5a, 0x74, 0x5a, 0x74, 0x5a, 0x74, 0x5a, 0x74, 0x5a,
  0x74, 0x5a, 0x74, 0x5a, 0x74, 0x5a, 0x74, 0x5a, 0x49, 0x49, 0x49, 0x49, 0x49, 0x49, 0x00, 0x00,
  0x00, 0x00, 0x00, 0x00, 0x00, 0x00, 0x00, 0x00, 0x00, 0x00, 0x00, 0x00, 0x00, 0x00, 0x00, 0x00,
  0x00, 0x00, 0x00, 0x00, 0x00, 0x00, 0x00, 0x00, 0x00, 0x00, 0x00, 0x00, 0x00, 0x00, 0x00, 0x00,
  0x00, 0x00, 0x00, 0x00, 0x00, 0x00, 0x00, 0x00, 0x00, 0x00, 0x00, 0x00, 0x00, 0x00, 0x00, 0x00,
  0x00, 0x00, 0x00, 0x00, 0x00, 0x00, 0x00, 0x00, 0x00, 0x00, 0x00, 0x00, 0x00, 0x00, 0x00, 0x00,
  0x00, 0x00, 0x00, 0x00, 0x00, 0x00, 0x00, 0x00, 0x00, 0x00, 0x00, 0x00, 0x00, 0x00, 0x00, 0x00,
  0x00, 0x00, 0x00, 0x00, 0x00, 0x00, 0x00, 0x00, 0x00, 0x00, 0x00, 0x00, 0x00, 0x00, 0x00, 0x00,
  0x00, 0x00, 0x00, 0x00, 0x00, 0x00, 0x00, 0x00, 0x00, 0x00, 0x00, 0x00, 0x00, 0x00, 0x00, 0x00,
  0x00, 0x00, 0x00, 0x00, 0x00, 0x00, 0x00, 0x00, 0x00, 0x00, 0x00, 0x00, 0x00, 0x00, 0x00, 0x00,
  0x00, 0x00, 0x00, 0x00, 0x00, 0x00, 0x00, 0x00, 0x00, 0x00, 0x00, 0x00, 0x00, 0x00, 0x00, 0x00,
  0x00, 0x00, 0x00, 0x00, 0x00, 0x00, 0x00, 0x00, 0x00, 0x00, 0x00, 0x00, 0x00, 0x00, 0x00, 0x00,
  0x00, 0x00, 0x00, 0x00, 0x00, 0x00, 0x00, 0x00, 0x00, 0x00, 0x00, 0x00, 0x00, 0x00, 0x00, 0x00,
  0x00, 0x00, 0x00, 0x00, 0x00, 0x00, 0x00, 0x00, 0x00, 0x00, 0x00, 0x00, 0x00, 0x00, 0x00, 0x00,
  0x00, 0x00, 0x49, 0x49, 0x49, 0x49, 0x49, 0x49, 0x82, 0x10, 0x82, 0x10, 0x82, 0x10, 0xb7, 0x9b,
  0xb7, 0x9b, 0xb7, 0x9b, 0x49, 0x49, 0x49, 0x49, 0x49, 0x49, 0x49, 0x49, 0x49, 0x49, 0x49, 0x49,
  0x49, 0x49, 0x49, 0x49, 0x49, 0x49, 0xb7, 0x9b, 0xb7, 0x9b, 0xb7, 0x9b, 0xb7, 0x9b, 0xb7, 0x9b,
  0xb7, 0x9b, 0xb7, 0x9b, 0xb7, 0x9b, 0xb7, 0x9b, 0xb7, 0x9b, 0xb7, 0x9b, 0xb7, 0x9b, 0xb7, 0x9b,
  0xb7, 0x9b, 0xb7, 0x9b, 0xb7, 0x9b, 0xb7, 0x9b, 0xb7, 0x9b, 0xb7, 0x9b, 0xb7, 0x9b, 0xb7, 0x9b,
  0xb7, 0x9b, 0xb7, 0x9b, 0xb7, 0x9b, 0xb7, 0x9b, 0xb7, 0x9b, 0xb7, 0x9b, 0xb7, 0x9b, 0xb7, 0x9b,
  0xb7, 0x9b, 0xb7, 0x9b, 0xb7, 0x9b, 0xb7, 0x9b, 0xb7, 0x9b, 0xb7, 0x9b, 0xb7, 0x9b, 0x49, 0x49,
  0x49, 0x49, 0x49, 0x49, 0x49, 0x49, 0x49, 0x49, 0x49, 0x49, 0x49, 0x49, 0x49, 0x49, 0x49, 0x49,
  0x2f, 0x6b, 0x2f, 0x6b, 0x2f, 0x6b, 0xdf, 0xff, 0xdf, 0xff, 0xdf, 0xff, 0xdf, 0xff, 0xdf, 0xff,
  0xdf, 0xff, 0xdf, 0xff, 0xdf, 0xff, 0xdf, 0xff, 0xdf, 0xff, 0xdf, 0xff, 0x82, 0x10, 0x82, 0x10,
  0x82, 0x10, 0x82, 0x10, 0xb7, 0x9b, 0xb7, 0x9b, 0xb7, 0x9b, 0xb7, 0x9b, 0xb7, 0x9b, 0xb7, 0x9b,
  0xb7, 0x9b, 0xb7, 0x9b, 0x74, 0x5a, 0x74, 0x5a, 0x74, 0x5a, 0x74, 0x5a, 0x74, 0x5a, 0x74, 0x5a,
  0x74, 0x5a, 0x74, 0x5a, 0x74, 0x5a, 0x74, 0x5a, 0x74, 0x5a, 0x74, 0x5a, 0x74, 0x5a, 0x74, 0x5a,
  0x74, 0x5a, 0x74, 0x5a, 0x74, 0x5a, 0x74, 0x5a, 0x74, 0x5a, 0x74, 0x5a, 0x74, 0x5a, 0x74, 0x5a,
  0x74, 0x5a, 0x74, 0x5a, 0x74, 0x5a, 0x74, 0x5a, 0x74, 0x5a, 0x74, 0x5a, 0x74, 0x5a, 0x74, 0x5a,
  0x49, 0x49, 0x49, 0x49, 0x49, 0x49, 0x00, 0x00, 0x00, 0x00, 0x00, 0x00, 0x00, 0x00, 0x00, 0x00,
  0x00, 0x00, 0x00, 0x00, 0x00, 0x00, 0x00, 0x00, 0x00, 0x00, 0x00, 0x00, 0x00, 0x00, 0x00, 0x00,
  0x00, 0x00, 0x00, 0x00, 0x00, 0x00, 0x00, 0x00, 0x00, 0x00, 0x00, 0x00, 0x00, 0x00, 0x00, 0x00,
  0x00, 0x00, 0x00, 0x00, 0x00, 0x00, 0x00, 0x00, 0x00, 0x00, 0x00, 0x00, 0x00, 0x00, 0x00, 0x00,
  0x00, 0x00, 0x00, 0x00, 0x00, 0x00, 0x00, 0x00, 0x00, 0x00, 0x00, 0x00, 0x00, 0x00, 0x00, 0x00,
  0x00, 0x00, 0x00, 0x00, 0x00, 0x00, 0x00, 0x00, 0x00, 0x00, 0x00, 0x00, 0x00, 0x00, 0x00, 0x00,
  0x00, 0x00, 0x00, 0x00, 0x00, 0x00, 0x00, 0x00, 0x00, 0x00, 0x00, 0x00, 0x00, 0x00, 0x00, 0x00,
  0x00, 0x00, 0x00, 0x00, 0x00, 0x00, 0x00, 0x00, 0x00, 0x00, 0x00, 0x00, 0x00, 0x00, 0x00, 0x00,
  0x00, 0x00, 0x00, 0x00, 0x00, 0x00, 0x00, 0x00, 0x00, 0x00, 0x00, 0x00, 0x00, 0x00, 0x00, 0x00,
  0x00, 0x00, 0x00, 0x00, 0x00, 0x00, 0x00, 0x00, 0x00, 0x00, 0x00, 0x00, 0x00, 0x00, 0x00, 0x00,
  0x00, 0x00, 0x00, 0x00, 0x00, 0x00, 0x00, 0x00, 0x00, 0x00, 0x00, 0x00, 0x00, 0x00, 0x00, 0x00,
  0x00, 0x00, 0x00, 0x00, 0x00, 0x00, 0x00, 0x00, 0x00, 0x00, 0x00, 0x00, 0x00, 0x00, 0x00, 0x00,
  0x00, 0x00, 0x00, 0x00, 0x00, 0x00, 0x00, 0x00, 0x00, 0x00, 0x00, 0x00, 0x00, 0x00, 0x00, 0x00,
  0x82, 0x10, 0x82, 0x10, 0x82, 0x10, 0xb7, 0x9b, 0xb7, 0x9b, 0xb7, 0x9b, 0xb7, 0x9b, 0xb7, 0x9b,
  0xb7, 0x9b, 0x74, 0x5a, 0x74, 0x5a, 0x74, 0x5a, 0x78, 0xc5, 0x78, 0xc5, 0x78, 0xc5, 0x49, 0x49,
  0x49, 0x49, 0x49, 0x49, 0x49, 0x49, 0x49, 0x49, 0x49, 0x49, 0xb7, 0x9b, 0xb7, 0x9b, 0xb7, 0x9b,
  0xb7, 0x9b, 0xb7, 0x9b, 0xb7, 0x9b, 0xb7, 0x9b, 0xb7, 0x9b, 0xb7, 0x9b, 0xb7, 0x9b, 0xb7, 0x9b,
  0xb7, 0x9b, 0xb7, 0x9b, 0xb7, 0x9b, 0xb7, 0x9b, 0xb7, 0x9b, 0xb7, 0x9b, 0xb7, 0x9b, 0xb7, 0x9b,
  0xb7, 0x9b, 0x49, 0x49, 0x49, 0x49, 0x49, 0x49, 0x49, 0x49, 0x49, 0x49, 0x49, 0x49, 0x49, 0x49,
  0x49, 0x49, 0x49, 0x49, 0x49, 0x49, 0x78, 0xc5, 0x78, 0xc5, 0x78, 0xc5, 0xdf, 0xff, 0xdf, 0xff,
  0xdf, 0xff, 0xdf, 0xff, 0xdf, 0xff, 0xdf, 0xff, 0x2f, 0x6b, 0x2f, 0x6b, 0x2f, 0x6b, 0xdf, 0xff,
  0xdf, 0xff, 0xdf, 0xff, 0xdf, 0xff, 0xdf, 0xff, 0xdf, 0xff, 0xdf, 0xff, 0xdf, 0xff, 0xdf, 0xff,
  0xdf, 0xff, 0xdf, 0xff, 0x82, 0x10, 0x82, 0x10, 0x82, 0x10, 0x82, 0x10, 0xb7, 0x9b, 0xb7, 0x9b,
  0xb7, 0x9b, 0xb7, 0x9b, 0xb7, 0x9b, 0xb7, 0x9b, 0xb7, 0x9b, 0xb7, 0x9b, 0x74, 0x5a, 0x74, 0x5a,
  0x74, 0x5a, 0x74, 0x5a, 0x74, 0x5a, 0x74, 0x5a, 0x74, 0x5a, 0x74, 0x5a, 0x74, 0x5a, 0x74, 0x5a,
  0x74, 0x5a, 0x74, 0x5a, 0x74, 0x5a, 0x74, 0x5a, 0x74, 0x5a, 0x74, 0x5a, 0x74, 0x5a, 0x74, 0x5a,
  0x74, 0x5a, 0x74, 0x5a, 0x74, 0x5a, 0x74, 0x5a, 0x74, 0x5a, 0x74, 0x5a, 0x74, 0x5a, 0x74, 0x5a,
  0x74, 0x5a, 0x74, 0x5a, 0x74, 0x5a, 0x74, 0x5a, 0x49, 0x49, 0x49, 0x49, 0x49, 0x49, 0x00, 0x00,
  0x00, 0x00, 0x00, 0x00, 0x00, 0x00, 0x00, 0x00, 0x00, 0x00, 0x00, 0x00, 0x00, 0x00, 0x00, 0x00,
  0x00, 0x00, 0x00, 0x00, 0x00, 0x00, 0x00, 0x00, 0x00, 0x00, 0x00, 0x00, 0x00, 0x00, 0x00, 0x00,
  0x00, 0x00, 0x00, 0x00, 0x00, 0x00, 0x00, 0x00, 0x00, 0x00, 0x00, 0x00, 0x00, 0x00, 0x00, 0x00,
  0x00, 0x00, 0x00, 0x00, 0x00, 0x00, 0x00, 0x00, 0x00, 0x00, 0x00, 0x00, 0x00, 0x00, 0x00, 0x00,
  0x00, 0x00, 0x00, 0x00, 0x00, 0x00, 0x00, 0x00, 0x00, 0x00, 0x00, 0x00, 0x00, 0x00, 0x00, 0x00,
  0x00, 0x00, 0x00, 0x00, 0x00, 0x00, 0x00, 0x00, 0x00, 0x00, 0x00, 0x00, 0x00, 0x00, 0x00, 0x00,
  0x00, 0x00, 0x00, 0x00, 0x00, 0x00, 0x00, 0x00, 0x00, 0x00, 0x00, 0x00, 0x00, 0x00, 0x00, 0x00,
  0x00, 0x00, 0x00, 0x00, 0x00, 0x00, 0x00, 0x00, 0x00, 0x00, 0x00, 0x00, 0x00, 0x00, 0x00, 0x00,
  0x00, 0x00, 0x00, 0x00, 0x00, 0x00, 0x00, 0x00, 0x00, 0x00, 0x00, 0x00, 0x00, 0x00, 0x00, 0x00,
  0x00, 0x00, 0x00, 0x00, 0x00, 0x00, 0x00, 0x00, 0x00, 0x00, 0x00, 0x00, 0x00, 0x00, 0x00, 0x00,
  0x00, 0x00, 0x00, 0x00, 0x00, 0x00, 0x00, 0x00, 0x00, 0x00, 0x00, 0x00, 0x00, 0x00, 0x00, 0x00,
  0x00, 0x00, 0x00, 0x00, 0x00, 0x00, 0x00, 0x00, 0x00, 0x00, 0x00, 0x00, 0x00, 0x00, 0x00, 0x00,
  0x00, 0x00, 0x00, 0x00, 0x00, 0x00, 0x00, 0x00, 0x82, 0x10, 0x82, 0x10, 0x82, 0x10, 0xb7, 0x9b,
  0xb7, 0x9b, 0xb7, 0x9b, 0xb7, 0x9b, 0xb7, 0x9b, 0xb7, 0x9b, 0x74, 0x5a, 0x74, 0x5a, 0x74, 0x5a,
  0x78, 0xc5, 0x78, 0xc5, 0x78, 0xc5, 0x49, 0x49, 0x49, 0x49, 0x49, 0x49, 0x49, 0x49, 0x49, 0x49,
  0x49, 0x49, 0xb7, 0x9b, 0xb7, 0x9b, 0xb7, 0x9b, 0xb7, 0x9b, 0xb7, 0x9b, 0xb7, 0x9b, 0xb7, 0x9b,
  0xb7, 0x9b, 0xb7, 0x9b, 0xb7, 0x9b, 0xb7, 0x9b, 0xb7, 0x9b, 0xb7, 0x9b, 0xb7, 0x9b, 0xb7, 0x9b,
  0xb7, 0x9b, 0xb7, 0x9b, 0xb7, 0x9b, 0xb7, 0x9b, 0xb7, 0x9b, 0x49, 0x49, 0x49, 0x49, 0x49, 0x49,
  0x49, 0x49, 0x49, 0x49, 0x49, 0x49, 0x49, 0x49, 0x49, 0x49, 0x49, 0x49, 0x49, 0x49, 0x78, 0xc5,
  0x78, 0xc5, 0x78, 0xc5, 0xdf, 0xff, 0xdf, 0xff, 0xdf, 0xff, 0xdf, 0xff, 0xdf, 0xff, 0xdf, 0xff,
  0x2f, 0x6b, 0x2f, 0x6b, 0x2f, 0x6b, 0xdf, 0xff, 0xdf, 0xff, 0xdf, 0xff, 0xdf, 0xff, 0xdf, 0xff,
  0xdf, 0xff, 0xdf, 0xff, 0xdf, 0xff, 0xdf, 0xff, 0xdf, 0xff, 0xdf, 0xff, 0x82, 0x10, 0x82, 0x10,
  0x82, 0x10, 0x82, 0x10, 0xb7, 0x9b, 0xb7, 0x9b, 0xb7, 0x9b, 0xb7, 0x9b, 0xb7, 0x9b, 0xb7, 0x9b,
  0xb7, 0x9b, 0xb7, 0x9b, 0x74, 0x5a, 0x74, 0x5a, 0x74, 0x5a, 0x74, 0x5a, 0x74, 0x5a, 0x74, 0x5a,
  0x74, 0x5a, 0x74, 0x5a, 0x74, 0x5a, 0x74, 0x5a, 0x74, 0x5a, 0x74, 0x5a, 0x74, 0x5a, 0x74, 0x5a,
  0x74, 0x5a, 0x74, 0x5a, 0x74, 0x5a, 0x74, 0x5a, 0x74, 0x5a, 0x74, 0x5a, 0x74, 0x5a, 0x74, 0x5a,
  0x74, 0x5a, 0x74, 0x5a, 0x74, 0x5a, 0x74, 0x5a, 0x74, 0x5a, 0x74, 0x5a, 0x74, 0x5a, 0x74, 0x5a,
  0x49, 0x49, 0x49, 0x49, 0x49, 0x49, 0x00, 0x00, 0x00, 0x00, 0x00, 0x00, 0x00, 0x00, 0x00, 0x00,
  0x00, 0x00, 0x00, 0x00, 0x00, 0x00, 0x00, 0x00, 0x00, 0x00, 0x00, 0x00, 0x00, 0x00, 0x00, 0x00,
  0x00, 0x00, 0x00, 0x00, 0x00, 0x00, 0x00, 0x00, 0x00, 0x00, 0x00, 0x00, 0x00, 0x00, 0x00, 0x00,
  0x00, 0x00, 0x00, 0x00, 0x00, 0x00, 0x00, 0x00, 0x00, 0x00, 0x00, 0x00, 0x00, 0x00, 0x00, 0x00,
  0x00, 0x00, 0x00, 0x00, 0x00, 0x00, 0x00, 0x00, 0x00, 0x00, 0x00, 0x00, 0x00, 0x00, 0x00, 0x00,
  0x00, 0x00, 0x00, 0x00, 0x00, 0x00, 0x00, 0x00, 0x00, 0x00, 0x00, 0x00, 0x00, 0x00, 0x00, 0x00,
  0x00, 0x00, 0x00, 0x00, 0x00, 0x00, 0x00, 0x00, 0x00, 0x00, 0x00, 0x00, 0x00, 0x00, 0x00, 0x00,
  0x00, 0x00, 0x00, 0x00, 0x00, 0x00, 0x00, 0x00, 0x00, 0x00, 0x00, 0x00, 0x00, 0x00, 0x00, 0x00,
  0x00, 0x00, 0x00, 0x00, 0x00, 0x00, 0x00, 0x00, 0x00, 0x00, 0x00, 0x00, 0x00, 0x00, 0x00, 0x00,
  0x00, 0x00, 0x00, 0x00, 0x00, 0x00, 0x00, 0x00, 0x00, 0x00, 0x00, 0x00, 0x00, 0x00, 0x00, 0x00,
  0x00, 0x00, 0x00, 0x00, 0x00, 0x00, 0x00, 0x00, 0x00, 0x00, 0x00, 0x00, 0x00, 0x00, 0x00, 0x00,
  0x00, 0x00, 0x00, 0x00, 0x00, 0x00, 0x00, 0x00, 0x00, 0x00, 0x00, 0x00, 0x00, 0x00, 0x00, 0x00,
  0x00, 0x00, 0x00, 0x00, 0x00, 0x00, 0x00, 0x00, 0x00, 0x00, 0x00, 0x00, 0x00, 0x00, 0x00, 0x00,
  0x82, 0x10, 0x82, 0x10, 0x82, 0x10, 0xb7, 0x9b, 0xb7, 0x9b, 0xb7, 0x9b, 0xb7, 0x9b, 0xb7, 0x9b,
  0xb7, 0x9b, 0x74, 0x5a, 0x74, 0x5a, 0x74, 0x5a, 0x78, 0xc5, 0x78, 0xc5, 0x78, 0xc5, 0x49, 0x49,
  0x49, 0x49, 0x49, 0x49, 0x49, 0x49, 0x49, 0x49, 0x49, 0x49, 0xb7, 0x9b, 0xb7, 0x9b, 0xb7, 0x9b,
  0xb7, 0x9b, 0xb7, 0x9b, 0xb7, 0x9b, 0xb7, 0x9b, 0xb7, 0x9b, 0xb7, 0x9b, 0xb7, 0x9b, 0xb7, 0x9b,
  0xb7, 0x9b, 0xb7, 0x9b, 0xb7, 0x9b, 0xb7, 0x9b, 0xb7, 0x9b, 0xb7, 0x9b, 0xb7, 0x9b, 0xb7, 0x9b,
  0xb7, 0x9b, 0x49, 0x49, 0x49, 0x49, 0x49, 0x49, 0x49, 0x49, 0x49, 0x49, 0x49, 0x49, 0x49, 0x49,
  0x49, 0x49, 0x49, 0x49, 0x49, 0x49, 0x78, 0xc5, 0x78, 0xc5, 0x78, 0xc5, 0xdf, 0xff, 0xdf, 0xff,
  0xdf, 0xff, 0xdf, 0xff, 0xdf, 0xff, 0xdf, 0xff, 0x2f, 0x6b, 0x2f, 0x6b, 0x2f, 0x6b, 0xdf, 0xff,
  0xdf, 0xff, 0xdf, 0xff, 0xdf, 0xff, 0xdf, 0xff, 0xdf, 0xff, 0xdf, 0xff, 0xdf, 0xff, 0xdf, 0xff,
  0xdf, 0xff, 0xdf, 0xff, 0x82, 0x10, 0x82, 0x10, 0x82, 0x10, 0x82, 0x10, 0xb7, 0x9b, 0xb7, 0x9b,
  0xb7, 0x9b, 0xb7, 0x9b, 0xb7, 0x9b, 0xb7, 0x9b, 0xb7, 0x9b, 0xb7, 0x9b, 0x74, 0x5a, 0x74, 0x5a,
  0x74, 0x5a, 0x74, 0x5a, 0x74, 0x5a, 0x74, 0x5a, 0x74, 0x5a, 0x74, 0x5a, 0x74, 0x5a, 0x74, 0x5a,
  0x74, 0x5a, 0x74, 0x5a, 0x74, 0x5a, 0x74, 0x5a, 0x74, 0x5a, 0x74, 0x5a, 0x74, 0x5a, 0x74, 0x5a,
  0x74, 0x5a, 0x74, 0x5a, 0x74, 0x5a, 0x74, 0x5a, 0x74, 0x5a, 0x74, 0x5a, 0x74, 0x5a, 0x74, 0x5a,
  0x74, 0x5a, 0x74, 0x5a, 0x74, 0x5a, 0x74, 0x5a, 0x49, 0x49, 0x49, 0x49, 0x49, 0x49, 0x00, 0x00,
  0x00, 0x00, 0x00, 0x00, 0x00, 0x00, 0x00, 0x00, 0x00, 0x00, 0x00, 0x00, 0x00, 0x00, 0x00, 0x00,
  0x00, 0x00, 0x00, 0x00, 0x00, 0x00, 0x00, 0x00, 0x00, 0x00, 0x00, 0x00, 0x00, 0x00, 0x00, 0x00,
  0x00, 0x00, 0x00, 0x00, 0x00, 0x00, 0x00, 0x00, 0x00, 0x00, 0x00, 0x00, 0x00, 0x00, 0x00, 0x00,
  0x00, 0x00, 0x00, 0x00, 0x00, 0x00, 0x00, 0x00, 0x00, 0x00, 0x00, 0x00, 0x00, 0x00, 0x00, 0x00,
  0x00, 0x00, 0x00, 0x00, 0x00, 0x00, 0x00, 0x00, 0x00, 0x00, 0x00, 0x00, 0x00, 0x00, 0x00, 0x00,
  0x00, 0x00, 0x00, 0x00, 0x00, 0x00, 0x00, 0x00, 0x00, 0x00, 0x00, 0x00, 0x00, 0x00, 0x00, 0x00,
  0x00, 0x00, 0x00, 0x00, 0x00, 0x00, 0x00, 0x00, 0x00, 0x00, 0x00, 0x00, 0x00, 0x00, 0x00, 0x00,
  0x00, 0x00, 0x00, 0x00, 0x00, 0x00, 0x00, 0x00, 0x00, 0x00, 0x00, 0x00, 0x00, 0x00, 0x00, 0x00,
  0x00, 0x00, 0x00, 0x00, 0x00, 0x00, 0x00, 0x00, 0x00, 0x00, 0x00, 0x00, 0x00, 0x00, 0x00, 0x00,
  0x00, 0x00, 0x00, 0x00, 0x00, 0x00, 0x00, 0x00, 0x00, 0x00, 0x00, 0x00, 0x00, 0x00, 0x00, 0x00,
  0x00, 0x00, 0x00, 0x00, 0x00, 0x00, 0x00, 0x00, 0x00, 0x00, 0x00, 0x00, 0x00, 0x00, 0x00, 0x00,
  0x00, 0x00, 0x00, 0x00, 0x00, 0x00, 0x00, 0x00, 0x00, 0x00, 0x00, 0x00, 0x00, 0x00, 0x00, 0x00,
  0x00, 0x00, 0x00, 0x00, 0x00, 0x00, 0x00, 0x00, 0x82, 0x10, 0x82, 0x10, 0x82, 0x10, 0xb7, 0x9b,
  0xb7, 0x9b, 0xb7, 0x9b, 0xb7, 0x9b, 0xb7, 0x9b, 0xb7, 0x9b, 0x74, 0x5a, 0x74, 0x5a, 0x74, 0x5a,
  0x78, 0xc5, 0x78, 0xc5, 0x78, 0xc5, 0xdf, 0xff, 0xdf, 0xff, 0xdf, 0xff, 0x2f, 0x6b, 0x2f, 0x6b,
  0x2f, 0x6b, 0x49, 0x49, 0x49, 0x49, 0x49, 0x49, 0x49, 0x49, 0x49, 0x49, 0x49, 0x49, 0x49, 0x49,
  0x49, 0x49, 0x49, 0x49, 0x49, 0x49, 0x49, 0x49, 0x49, 0x49, 0x49, 0x49, 0x49, 0x49, 0x49, 0x49,
  0x49, 0x49, 0x49, 0x49, 0x49, 0x49, 0x49, 0x49, 0x49, 0x49, 0xdf, 0xff, 0xdf, 0xff, 0xdf, 0xff,
  0xdf, 0xff, 0x2f, 0x6b, 0x2f, 0x6b, 0x2f, 0x6b, 0xdf, 0xff, 0xdf, 0xff, 0xdf, 0xff, 0xdf, 0xff,
  0xdf, 0xff, 0xdf, 0xff, 0xdf, 0xff, 0xdf, 0xff, 0xdf, 0xff, 0xdf, 0xff, 0xdf, 0xff, 0xdf, 0xff,
  0x2f, 0x6b, 0x2f, 0x6b, 0x2f, 0x6b, 0xdf, 0xff, 0xdf, 0xff, 0xdf, 0xff, 0xdf, 0xff, 0xdf, 0xff,
  0xdf, 0xff, 0xdf, 0xff, 0xdf, 0xff, 0xdf, 0xff, 0xdf, 0xff, 0xdf, 0xff, 0x82, 0x10, 0x82, 0x10,
  0x82, 0x10, 0x82, 0x10, 0xb7, 0x9b, 0xb7, 0x9b, 0xb7, 0x9b, 0xb7, 0x9b, 0xb7, 0x9b, 0x35, 0x7b,
  0x35, 0x7b, 0x35, 0x7b, 0x74, 0x5a, 0x74, 0x5a, 0x74, 0x5a, 0x74, 0x5a, 0x74, 0x5a, 0x74, 0x5a,
  0x74, 0x5a, 0x74, 0x5a, 0x74, 0x5a, 0x74, 0x5a, 0x74, 0x5a, 0x74, 0x5a, 0x74, 0x5a, 0x74, 0x5a,
  0x74, 0x5a, 0x74, 0x5a, 0x74, 0x5a, 0x74, 0x5a, 0x74, 0x5a, 0x74, 0x5a, 0x74, 0x5a, 0x74, 0x5a,
  0x74, 0x5a, 0x74, 0x5a, 0x74, 0x5a, 0x74, 0x5a, 0x74, 0x5a, 0x74, 0x5a, 0x74, 0x5a, 0x74, 0x5a,
  0x49, 0x49, 0x49, 0x49, 0x49, 0x49, 0x00, 0x00, 0x00, 0x00, 0x00, 0x00, 0x00, 0x00, 0x00, 0x00,
  0x00, 0x00, 0x00, 0x00, 0x00, 0x00, 0x00, 0x00, 0x00, 0x00, 0x00, 0x00, 0x00, 0x00, 0x00, 0x00,
  0x00, 0x00, 0x00, 0x00, 0x00, 0x00, 0x00, 0x00, 0x00, 0x00, 0x00, 0x00, 0x00, 0x00, 0x00, 0x00,
  0x00, 0x00, 0x00, 0x00, 0x00, 0x00, 0x00, 0x00, 0x00, 0x00, 0x00, 0x00, 0x00, 0x00, 0x00, 0x00,
  0x00, 0x00, 0x00, 0x00, 0x00, 0x00, 0x00, 0x00, 0x00, 0x00, 0x00, 0x00, 0x00, 0x00, 0x00, 0x00,
  0x00, 0x00, 0x00, 0x00, 0x00, 0x00, 0x00, 0x00, 0x00, 0x00, 0x00, 0x00, 0x00, 0x00, 0x00, 0x00,
  0x00, 0x00, 0x00, 0x00, 0x00, 0x00, 0x00, 0x00, 0x00, 0x00, 0x00, 0x00, 0x00, 0x00, 0x00, 0x00,
  0x00, 0x00, 0x00, 0x00, 0x00, 0x00, 0x00, 0x00, 0x00, 0x00, 0x00, 0x00, 0x00, 0x00, 0x00, 0x00,
  0x00, 0x00, 0x00, 0x00, 0x00, 0x00, 0x00, 0x00, 0x00, 0x00, 0x00, 0x00, 0x00, 0x00, 0x00, 0x00,
  0x00, 0x00, 0x00, 0x00, 0x00, 0x00, 0x00, 0x00, 0x00, 0x00, 0x00, 0x00, 0x00, 0x00, 0x00, 0x00,
  0x00, 0x00, 0x00, 0x00, 0x00, 0x00, 0x00, 0x00, 0x00, 0x00, 0x00, 0x00, 0x00, 0x00, 0x00, 0x00,
  0x00, 0x00, 0x00, 0x00, 0x00, 0x00, 0x00, 0x00, 0x00, 0x00, 0x00, 0x00, 0x00, 0x00, 0x00, 0x00,
  0x00, 0x00, 0x00, 0x00, 0x00, 0x00, 0x00, 0x00, 0x00, 0x00, 0x00, 0x00, 0x00, 0x00, 0x00, 0x00,
  0x82, 0x10, 0x82, 0x10, 0x82, 0x10, 0xb7, 0x9b, 0xb7, 0x9b, 0xb7, 0x9b, 0xb7, 0x9b, 0xb7, 0x9b,
  0xb7, 0x9b, 0x74, 0x5a, 0x74, 0x5a, 0x74, 0x5a, 0x78, 0xc5, 0x78, 0xc5, 0x78, 0xc5, 0xdf, 0xff,
  0xdf, 0xff, 0xdf, 0xff, 0x2f, 0x6b, 0x2f, 0x6b, 0x2f, 0x6b, 0x49, 0x49, 0x49, 0x49, 0x49, 0x49,
  0x49, 0x49, 0x49, 0x49, 0x49, 0x49, 0x49, 0x49, 0x49, 0x49, 0x49, 0x49, 0x49, 0x49, 0x49, 0x49,
  0x49, 0x49, 0x49, 0x49, 0x49, 0x49, 0x49, 0x49, 0x49, 0x49, 0x49, 0x49, 0x49, 0x49, 0x49, 0x49,
  0x49, 0x49, 0xdf, 0xff, 0xdf, 0xff, 0xdf, 0xff, 0xdf, 0xff, 0x2f, 0x6b, 0x2f, 0x6b, 0x2f, 0x6b,
  0xdf, 0xff, 0xdf, 0xff, 0xdf, 0xff, 0xdf, 0xff, 0xdf, 0xff, 0xdf, 0xff, 0xdf, 0xff, 0xdf, 0xff,
  0xdf, 0xff, 0xdf, 0xff, 0xdf, 0xff, 0xdf, 0xff, 0x2f, 0x6b, 0x2f, 0x6b, 0x2f, 0x6b, 0xdf, 0xff,
  0xdf, 0xff, 0xdf, 0xff, 0xdf, 0xff, 0xdf, 0xff, 0xdf, 0xff, 0xdf, 0xff, 0xdf, 0xff, 0xdf, 0xff,
  0xdf, 0xff, 0xdf, 0xff, 0x82, 0x10, 0x82, 0x10, 0x82, 0x10, 0x82, 0x10, 0xb7, 0x9b, 0xb7, 0x9b,
  0xb7, 0x9b, 0xb7, 0x9b, 0xb7, 0x9b, 0x35, 0x7b, 0x35, 0x7b, 0x35, 0x7b, 0x74, 0x5a, 0x74, 0x5a,
  0x74, 0x5a, 0x74, 0x5a, 0x74, 0x5a, 0x74, 0x5a, 0x74, 0x5a, 0x74, 0x5a, 0x74, 0x5a, 0x74, 0x5a,
  0x74, 0x5a, 0x74, 0x5a, 0x74, 0x5a, 0x74, 0x5a, 0x74, 0x5a, 0x74, 0x5a, 0x74, 0x5a, 0x74, 0x5a,
  0x74, 0x5a, 0x74, 0x5a, 0x74, 0x5a, 0x74, 0x5a, 0x74, 0x5a, 0x74, 0x5a, 0x74, 0x5a, 0x74, 0x5a,
  0x74, 0x5a, 0x74, 0x5a, 0x74, 0x5a, 0x74, 0x5a, 0x49, 0x49, 0x49, 0x49, 0x49, 0x49, 0x00, 0x00,
  0x00, 0x00, 0x00, 0x00, 0x00, 0x00, 0x00, 0x00, 0x00, 0x00, 0x00, 0x00, 0x00, 0x00, 0x00, 0x00,
  0x00, 0x00, 0x00, 0x00, 0x00, 0x00, 0x00, 0x00, 0x00, 0x00, 0x00, 0x00, 0x00, 0x00, 0x00, 0x00,
  0x00, 0x00, 0x00, 0x00, 0x00, 0x00, 0x00, 0x00, 0x00, 0x00, 0x00, 0x00, 0x00, 0x00, 0x00, 0x00,
  0x00, 0x00, 0x00, 0x00, 0x00, 0x00, 0x00, 0x00, 0x00, 0x00, 0x00, 0x00, 0x00, 0x00, 0x00, 0x00,
  0x00, 0x00, 0x00, 0x00, 0x00, 0x00, 0x00, 0x00, 0x00, 0x00, 0x00, 0x00, 0x00, 0x00, 0x00, 0x00,
  0x00, 0x00, 0x00, 0x00, 0x00, 0x00, 0x00, 0x00, 0x00, 0x00, 0x00, 0x00, 0x00, 0x00, 0x00, 0x00,
  0x00, 0x00, 0x00, 0x00, 0x00, 0x00, 0x00, 0x00, 0x00, 0x00, 0x00, 0x00, 0x00, 0x00, 0x00, 0x00,
  0x00, 0x00, 0x00, 0x00, 0x00, 0x00, 0x00, 0x00, 0x00, 0x00, 0x00, 0x00, 0x00, 0x00, 0x00, 0x00,
  0x00, 0x00, 0x00, 0x00, 0x00, 0x00, 0x00, 0x00, 0x00, 0x00, 0x00, 0x00, 0x00, 0x00, 0x00, 0x00,
  0x00, 0x00, 0x00, 0x00, 0x00, 0x00, 0x00, 0x00, 0x00, 0x00, 0x00, 0x00, 0x00, 0x00, 0x00, 0x00,
  0x00, 0x00, 0x00, 0x00, 0x00, 0x00, 0x00, 0x00, 0x00, 0x00, 0x00, 0x00, 0x00, 0x00, 0x00, 0x00,
  0x00, 0x00, 0x00, 0x00, 0x00, 0x00, 0x00, 0x00, 0x00, 0x00, 0x00, 0x00, 0x00, 0x00, 0x00, 0x00,
  0x00, 0x00, 0x00, 0x00, 0x00, 0x00, 0x00, 0x00, 0x82, 0x10, 0x82, 0x10, 0x82, 0x10, 0xb7, 0x9b,
  0xb7, 0x9b, 0xb7, 0x9b, 0xb7, 0x9b, 0xb7, 0x9b, 0xb7, 0x9b, 0x74, 0x5a, 0x74, 0x5a, 0x74, 0x5a,
  0x78, 0xc5, 0x78, 0xc5, 0x78, 0xc5, 0xdf, 0xff, 0xdf, 0xff, 0xdf, 0xff, 0x2f, 0x6b, 0x2f, 0x6b,
  0x2f, 0x6b, 0x49, 0x49, 0x49, 0x49, 0x49, 0x49, 0x49, 0x49, 0x49, 0x49, 0x49, 0x49, 0x49, 0x49,
  0x49, 0x49, 0x49, 0x49, 0x49, 0x49, 0x49, 0x49, 0x49, 0x49, 0x49, 0x49, 0x49, 0x49, 0x49, 0x49,
  0x49, 0x49, 0x49, 0x49, 0x49, 0x49, 0x49, 0x49, 0x49, 0x49, 0xdf, 0xff, 0xdf, 0xff, 0xdf, 0xff,
  0xdf, 0xff, 0x2f, 0x6b, 0x2f, 0x6b, 0x2f, 0x6b, 0xdf, 0xff, 0xdf, 0xff, 0xdf, 0xff, 0xdf, 0xff,
  0xdf, 0xff, 0xdf, 0xff, 0xdf, 0xff, 0xdf, 0xff, 0xdf, 0xff, 0xdf, 0xff, 0xdf, 0xff, 0xdf, 0xff,
  0x2f, 0x6b, 0x2f, 0x6b, 0x2f, 0x6b, 0xdf, 0xff, 0xdf, 0xff, 0xdf, 0xff, 0xdf, 0xff, 0xdf, 0xff,
  0xdf, 0xff, 0xdf, 0xff, 0xdf, 0xff, 0xdf, 0xff, 0xdf, 0xff, 0xdf, 0xff, 0x82, 0x10, 0x82, 0x10,
  0x82, 0x10, 0x82, 0x10, 0xb7, 0x9b, 0xb7, 0x9b, 0xb7, 0x9b, 0xb7, 0x9b, 0xb7, 0x9b, 0x35, 0x7b,
  0x35, 0x7b, 0x35, 0x7b, 0x74, 0x5a, 0x74, 0x5a, 0x74, 0x5a, 0x74, 0x5a, 0x74, 0x5a, 0x74, 0x5a,
  0x74, 0x5a, 0x74, 0x5a, 0x74, 0x5a, 0x74, 0x5a, 0x74, 0x5a, 0x74, 0x5a, 0x74, 0x5a, 0x74, 0x5a,
  0x74, 0x5a, 0x74, 0x5a, 0x74, 0x5a, 0x74, 0x5a, 0x74, 0x5a, 0x74, 0x5a, 0x74, 0x5a, 0x74, 0x5a,
  0x74, 0x5a, 0x74, 0x5a, 0x74, 0x5a, 0x74, 0x5a, 0x74, 0x5a, 0x74, 0x5a, 0x74, 0x5a, 0x74, 0x5a,
  0x49, 0x49, 0x49, 0x49, 0x49, 0x49, 0x00, 0x00, 0x00, 0x00, 0x00, 0x00, 0x00, 0x00, 0x00, 0x00,
  0x00, 0x00, 0x00, 0x00, 0x00, 0x00, 0x00, 0x00, 0x00, 0x00, 0x00, 0x00, 0x00, 0x00, 0x00, 0x00,
  0x00, 0x00, 0x00, 0x00, 0x00, 0x00, 0x00, 0x00, 0x00, 0x00, 0x00, 0x00, 0x00, 0x00, 0x00, 0x00,
  0x00, 0x00, 0x00, 0x00, 0x00, 0x00, 0x00, 0x00, 0x00, 0x00, 0x00, 0x00, 0x00, 0x00, 0x00, 0x00,
  0x00, 0x00, 0x00, 0x00, 0x00, 0x00, 0x00, 0x00, 0x00, 0x00, 0x00, 0x00, 0x00, 0x00, 0x00, 0x00,
  0x00, 0x00, 0x00, 0x00, 0x00, 0x00, 0x00, 0x00, 0x00, 0x00, 0x00, 0x00, 0x00, 0x00, 0x00, 0x00,
  0x00, 0x00, 0x00, 0x00, 0x00, 0x00, 0x00, 0x00, 0x00, 0x00, 0x00, 0x00, 0x00, 0x00, 0x00, 0x00,
  0x00, 0x00, 0x00, 0x00, 0x00, 0x00, 0x00, 0x00, 0x00, 0x00, 0x00, 0x00, 0x00, 0x00, 0x00, 0x00,
  0x00, 0x00, 0x00, 0x00, 0x00, 0x00, 0x00, 0x00, 0x00, 0x00, 0x00, 0x00, 0x00, 0x00, 0x00, 0x00,
  0x00, 0x00, 0x00, 0x00, 0x00, 0x00, 0x00, 0x00, 0x00, 0x00, 0x00, 0x00, 0x00, 0x00, 0x00, 0x00,
  0x00, 0x00, 0x00, 0x00, 0x00, 0x00, 0x00, 0x00, 0x00, 0x00, 0x00, 0x00, 0x00, 0x00, 0x00, 0x00,
  0x00, 0x00, 0x00, 0x00, 0x00, 0x00, 0x00, 0x00, 0x00, 0x00, 0x00, 0x00, 0x00, 0x00, 0x00, 0x00,
  0x00, 0x00, 0x00, 0x00, 0x00, 0x00, 0x00, 0x00, 0x00, 0x00, 0x00, 0x00, 0x00, 0x00, 0x00, 0x00,
  0x82, 0x10, 0x82, 0x10, 0x82, 0x10, 0xb7, 0x9b, 0xb7, 0x9b, 0xb7, 0x9b, 0xb7, 0x9b, 0xb7, 0x9b,
  0xb7, 0x9b, 0x74, 0x5a, 0x74, 0x5a, 0x74, 0x5a, 0x78, 0xc5, 0x78, 0xc5, 0x78, 0xc5, 0xdf, 0xff,
  0xdf, 0xff, 0xdf, 0xff, 0x2f, 0x6b, 0x2f, 0x6b, 0x2f, 0x6b, 0xdf, 0xff, 0xdf, 0xff, 0xdf, 0xff,
  0xdf, 0xff, 0xdf, 0xff, 0xdf, 0xff, 0xdf, 0xff, 0xdf, 0xff, 0xdf, 0xff, 0x2f, 0x6b, 0x2f, 0x6b,
  0x2f, 0x6b, 0xdf, 0xff, 0xdf, 0xff, 0xdf, 0xff, 0xdf, 0xff, 0xdf, 0xff, 0xdf, 0xff, 0xdf, 0xff,
  0xdf, 0xff, 0xdf, 0xff, 0xdf, 0xff, 0xdf, 0xff, 0xdf, 0xff, 0x2f, 0x6b, 0x2f, 0x6b, 0x2f, 0x6b,
  0xdf, 0xff, 0xdf, 0xff, 0xdf, 0xff, 0xdf, 0xff, 0xdf, 0xff, 0xdf, 0xff, 0xdf, 0xff, 0xdf, 0xff,
  0xdf, 0xff, 0xdf, 0xff, 0xdf, 0xff, 0xdf, 0xff, 0x2f, 0x6b, 0x2f, 0x6b, 0x2f, 0x6b, 0xdf, 0xff,
  0xdf, 0xff, 0xdf, 0xff, 0xdf, 0xff, 0xdf, 0xff, 0xdf, 0xff, 0xdf, 0xff, 0xdf, 0xff, 0x82, 0x10,
  0x82, 0x10, 0x82, 0x10, 0xb7, 0x9b, 0xb7, 0x9b, 0xb7, 0x9b, 0xb7, 0x9b, 0xb7, 0x9b, 0xb7, 0x9b,
  0xb7, 0x9b, 0xb7, 0x9b, 0xb7, 0x9b, 0x74, 0x5a, 0x74, 0x5a, 0x74, 0x5a, 0x74, 0x5a, 0x74, 0x5a,
  0x74, 0x5a, 0x74, 0x5a, 0x74, 0x5a, 0x74, 0x5a, 0x74, 0x5a, 0x74, 0x5a, 0x74, 0x5a, 0x74, 0x5a,
  0x74, 0x5a, 0x74, 0x5a, 0x74, 0x5a, 0x74, 0x5a, 0x74, 0x5a, 0x74, 0x5a, 0x74, 0x5a, 0x74, 0x5a,
  0x74, 0x5a, 0x74, 0x5a, 0x74, 0x5a, 0x74, 0x5a, 0x74, 0x5a, 0x74, 0x5a, 0x74, 0x5a, 0x74, 0x5a,
  0x74, 0x5a, 0x74, 0x5a, 0x74, 0x5a, 0x74, 0x5a, 0x00, 0x00, 0x00, 0x00, 0x00, 0x00, 0x00, 0x00,
  0x00, 0x00, 0x00, 0x00, 0x00, 0x00, 0x00, 0x00, 0x00, 0x00, 0x00, 0x00, 0x00, 0x00, 0x00, 0x00,
  0x00, 0x00, 0x00, 0x00, 0x00, 0x00, 0x00, 0x00, 0x00, 0x00, 0x00, 0x00, 0x00, 0x00, 0x00, 0x00,
  0x00, 0x00, 0x00, 0x00, 0x00, 0x00, 0x00, 0x00, 0x00, 0x00, 0x00, 0x00, 0x00, 0x00, 0x00, 0x00,
  0x00, 0x00, 0x00, 0x00, 0x00, 0x00, 0x00, 0x00, 0x00, 0x00, 0x00, 0x00, 0x00, 0x00, 0x00, 0x00,
  0x00, 0x00, 0x00, 0x00, 0x00, 0x00, 0x00, 0x00, 0x00, 0x00, 0x00, 0x00, 0x00, 0x00, 0x00, 0x00,
  0x00, 0x00, 0x00, 0x00, 0x00, 0x00, 0x00, 0x00, 0x00, 0x00, 0x00, 0x00, 0x00, 0x00, 0x00, 0x00,
  0x00, 0x00, 0x00, 0x00, 0x00, 0x00, 0x00, 0x00, 0x00, 0x00, 0x00, 0x00, 0x00, 0x00, 0x00, 0x00,
  0x00, 0x00, 0x00, 0x00, 0x00, 0x00, 0x00, 0x00, 0x00, 0x00, 0x00, 0x00, 0x00, 0x00, 0x00, 0x00,
  0x00, 0x00, 0x00, 0x00, 0x00, 0x00, 0x00, 0x00, 0x00, 0x00, 0x00, 0x00, 0x00, 0x00, 0x00, 0x00,
  0x00, 0x00, 0x00, 0x00, 0x00, 0x00, 0x00, 0x00, 0x00, 0x00, 0x00, 0x00, 0x00, 0x00, 0x00, 0x00,
  0x00, 0x00, 0x00, 0x00, 0x00, 0x00, 0x00, 0x00, 0x00, 0x00, 0x00, 0x00, 0x00, 0x00, 0x00, 0x00,
  0x00, 0x00, 0x00, 0x00, 0x00, 0x00, 0x00, 0x00, 0x00, 0x00, 0x00, 0x00, 0x00, 0x00, 0x00, 0x00,
  0x00, 0x00, 0x00, 0x00, 0x00, 0x00, 0x00, 0x00, 0x82, 0x10, 0x82, 0x10, 0x82, 0x10, 0xb7, 0x9b,
  0xb7, 0x9b, 0xb7, 0x9b, 0xb7, 0x9b, 0xb7, 0x9b, 0xb7, 0x9b, 0x74, 0x5a, 0x74, 0x5a, 0x74, 0x5a,
  0x78, 0xc5, 0x78, 0xc5, 0x78, 0xc5, 0xdf, 0xff, 0xdf, 0xff, 0xdf, 0xff, 0x2f, 0x6b, 0x2f, 0x6b,
  0x2f, 0x6b, 0xdf, 0xff, 0xdf, 0xff, 0xdf, 0xff, 0xdf, 0xff, 0xdf, 0xff, 0xdf, 0xff, 0xdf, 0xff,
  0xdf, 0xff, 0xdf, 0xff, 0x2f, 0x6b, 0x2f, 0x6b, 0x2f, 0x6b, 0xdf, 0xff, 0xdf, 0xff, 0xdf, 0xff,
  0xdf, 0xff, 0xdf, 0xff, 0xdf, 0xff, 0xdf, 0xff, 0xdf, 0xff, 0xdf, 0xff, 0xdf, 0xff, 0xdf, 0xff,
  0xdf, 0xff, 0x2f, 0x6b, 0x2f, 0x6b, 0x2f, 0x6b, 0xdf, 0xff, 0xdf, 0xff, 0xdf, 0xff, 0xdf, 0xff,
  0xdf, 0xff, 0xdf, 0xff, 0xdf, 0xff, 0xdf, 0xff, 0xdf, 0xff, 0xdf, 0xff, 0xdf, 0xff, 0xdf, 0xff,
  0x2f, 0x6b, 0x2f, 0x6b, 0x2f, 0x6b, 0xdf, 0xff, 0xdf, 0xff, 0xdf, 0xff, 0xdf, 0xff, 0xdf, 0xff,
  0xdf, 0xff, 0xdf, 0xff, 0xdf, 0xff, 0x82, 0x10, 0x82, 0x10, 0x82, 0x10, 0xb7, 0x9b, 0xb7, 0x9b,
  0xb7, 0x9b, 0xb7, 0x9b, 0xb7, 0x9b, 0xb7, 0x9b, 0xb7, 0x9b, 0xb7, 0x9b, 0xb7, 0x9b, 0x74, 0x5a,
  0x74, 0x5a, 0x74, 0x5a, 0x74, 0x5a, 0x74, 0x5a, 0x74, 0x5a, 0x74, 0x5a, 0x74, 0x5a, 0x74, 0x5a,
  0x74, 0x5a, 0x74, 0x5a, 0x74, 0x5a, 0x74, 0x5a, 0x74, 0x5a, 0x74, 0x5a, 0x74, 0x5a, 0x74, 0x5a,
  0x74, 0x5a, 0x74, 0x5a, 0x74, 0x5a, 0x74, 0x5a, 0x74, 0x5a, 0x74, 0x5a, 0x74, 0x5a, 0x74, 0x5a,
  0x74, 0x5a, 0x74, 0x5a, 0x74, 0x5a, 0x74, 0x5a, 0x74, 0x5a, 0x74, 0x5a, 0x74, 0x5a, 0x74, 0x5a,
  0x00, 0x00, 0x00, 0x00, 0x00, 0x00, 0x00, 0x00, 0x00, 0x00, 0x00, 0x00, 0x00, 0x00, 0x00, 0x00,
  0x00, 0x00, 0x00, 0x00, 0x00, 0x00, 0x00, 0x00, 0x00, 0x00, 0x00, 0x00, 0x00, 0x00, 0x00, 0x00,
  0x00, 0x00, 0x00, 0x00, 0x00, 0x00, 0x00, 0x00, 0x00, 0x00, 0x00, 0x00, 0x00, 0x00, 0x00, 0x00,
  0x00, 0x00, 0x00, 0x00, 0x00, 0x00, 0x00, 0x00, 0x00, 0x00, 0x00, 0x00, 0x00, 0x00, 0x00, 0x00,
  0x00, 0x00, 0x00, 0x00, 0x00, 0x00, 0x00, 0x00, 0x00, 0x00, 0x00, 0x00, 0x00, 0x00, 0x00, 0x00,
  0x00, 0x00, 0x00, 0x00, 0x00, 0x00, 0x00, 0x00, 0x00, 0x00, 0x00, 0x00, 0x00, 0x00, 0x00, 0x00,
  0x00, 0x00, 0x00, 0x00, 0x00, 0x00, 0x00, 0x00, 0x00, 0x00, 0x00, 0x00, 0x00, 0x00, 0x00, 0x00,
  0x00, 0x00, 0x00, 0x00, 0x00, 0x00, 0x00, 0x00, 0x00, 0x00, 0x00, 0x00, 0x00, 0x00, 0x00, 0x00,
  0x00, 0x00, 0x00, 0x00, 0x00, 0x00, 0x00, 0x00, 0x00, 0x00, 0x00, 0x00, 0x00, 0x00, 0x00, 0x00,
  0x00, 0x00, 0x00, 0x00, 0x00, 0x00, 0x00, 0x00, 0x00, 0x00, 0x00, 0x00, 0x00, 0x00, 0x00, 0x00,
  0x00, 0x00, 0x00, 0x00, 0x00, 0x00, 0x00, 0x00, 0x00, 0x00, 0x00, 0x00, 0x00, 0x00, 0x00, 0x00,
  0x00, 0x00, 0x00, 0x00, 0x00, 0x00, 0x00, 0x00, 0x00, 0x00, 0x00, 0x00, 0x00, 0x00, 0x00, 0x00,
  0x00, 0x00, 0x00, 0x00, 0x00, 0x00, 0x00, 0x00, 0x00, 0x00, 0x00, 0x00, 0x00, 0x00, 0x00, 0x00,
  0x82, 0x10, 0x82, 0x10, 0x82, 0x10, 0xb7, 0x9b, 0xb7, 0x9b, 0xb7, 0x9b, 0xb7, 0x9b, 0xb7, 0x9b,
  0xb7, 0x9b, 0x74, 0x5a, 0x74, 0x5a, 0x74, 0x5a, 0x78, 0xc5, 0x78, 0xc5, 0x78, 0xc5, 0xdf, 0xff,
  0xdf, 0xff, 0xdf, 0xff, 0x2f, 0x6b, 0x2f, 0x6b, 0x2f, 0x6b, 0xdf, 0xff, 0xdf, 0xff, 0xdf, 0xff,
  0xdf, 0xff, 0xdf, 0xff, 0xdf, 0xff, 0xdf, 0xff, 0xdf, 0xff, 0xdf, 0xff, 0x2f, 0x6b, 0x2f, 0x6b,
  0x2f, 0x6b, 0xdf, 0xff, 0xdf, 0xff, 0xdf, 0xff, 0xdf, 0xff, 0xdf, 0xff, 0xdf, 0xff, 0xdf, 0xff,
  0xdf, 0xff, 0xdf, 0xff, 0xdf, 0xff, 0xdf, 0xff, 0xdf, 0xff, 0x2f, 0x6b, 0x2f, 0x6b, 0x2f, 0x6b,
  0xdf, 0xff, 0xdf, 0xff, 0xdf, 0xff, 0xdf, 0xff, 0xdf, 0xff, 0xdf, 0xff, 0xdf, 0xff, 0xdf, 0xff,
  0xdf, 0xff, 0xdf, 0xff, 0xdf, 0xff, 0xdf, 0xff, 0x2f, 0x6b, 0x2f, 0x6b, 0x2f, 0x6b, 0xdf, 0xff,
  0xdf, 0xff, 0xdf, 0xff, 0xdf, 0xff, 0xdf, 0xff, 0xdf, 0xff, 0xdf, 0xff, 0xdf, 0xff, 0x82, 0x10,
  0x82, 0x10, 0x82, 0x10, 0xb7, 0x9b, 0xb7, 0x9b, 0xb7, 0x9b, 0xb7, 0x9b, 0xb7, 0x9b, 0xb7, 0x9b,
  0xb7, 0x9b, 0xb7, 0x9b, 0xb7, 0x9b, 0x74, 0x5a, 0x74, 0x5a, 0x74, 0x5a, 0x74, 0x5a, 0x74, 0x5a,
  0x74, 0x5a, 0x74, 0x5a, 0x74, 0x5a, 0x74, 0x5a, 0x74, 0x5a, 0x74, 0x5a, 0x74, 0x5a, 0x74, 0x5a,
  0x74, 0x5a, 0x74, 0x5a, 0x74, 0x5a, 0x74, 0x5a, 0x74, 0x5a, 0x74, 0x5a, 0x74, 0x5a, 0x74, 0x5a,
  0x74, 0x5a, 0x74, 0x5a, 0x74, 0x5a, 0x74, 0x5a, 0x74, 0x5a, 0x74, 0x5a, 0x74, 0x5a, 0x74, 0x5a,
  0x74, 0x5a, 0x74, 0x5a, 0x74, 0x5a, 0x74, 0x5a, 0x00, 0x00, 0x00, 0x00, 0x00, 0x00, 0x00, 0x00,
  0x00, 0x00, 0x00, 0x00, 0x00, 0x00, 0x00, 0x00, 0x00, 0x00, 0x00, 0x00, 0x00, 0x00, 0x00, 0x00,
  0x00, 0x00, 0x00, 0x00, 0x00, 0x00, 0x00, 0x00, 0x00, 0x00, 0x00, 0x00, 0x00, 0x00, 0x00, 0x00,
  0x00, 0x00, 0x00, 0x00, 0x00, 0x00, 0x00, 0x00, 0x00, 0x00, 0x00, 0x00, 0x00, 0x00, 0x00, 0x00,
  0x00, 0x00, 0x00, 0x00, 0x00, 0x00, 0x00, 0x00, 0x00, 0x00, 0x00, 0x00, 0x00, 0x00, 0x00, 0x00,
  0x00, 0x00, 0x00, 0x00, 0x00, 0x00, 0x00, 0x00, 0x00, 0x00, 0x00, 0x00, 0x00, 0x00, 0x00, 0x00,
  0x00, 0x00, 0x00, 0x00, 0x00, 0x00, 0x00, 0x00, 0x00, 0x00, 0x00, 0x00, 0x00, 0x00, 0x00, 0x00,
  0x00, 0x00, 0x00, 0x00, 0x00, 0x00, 0x00, 0x00, 0x00, 0x00, 0x00, 0x00, 0x00, 0x00, 0x00, 0x00,
  0x00, 0x00, 0x00, 0x00, 0x00, 0x00, 0x00, 0x00, 0x00, 0x00, 0x00, 0x00, 0x00, 0x00, 0x00, 0x00,
  0x00, 0x00, 0x00, 0x00, 0x00, 0x00, 0x00, 0x00, 0x00, 0x00, 0x00, 0x00, 0x00, 0x00, 0x00, 0x00,
  0x00, 0x00, 0x00, 0x00, 0x00, 0x00, 0x00, 0x00, 0x00, 0x00, 0x00, 0x00, 0x00, 0x00, 0x00, 0x00,
  0x00, 0x00, 0x00, 0x00, 0x00, 0x00, 0x00, 0x00, 0x00, 0x00, 0x00, 0x00, 0x00, 0x00, 0x00, 0x00,
  0x00, 0x00, 0x00, 0x00, 0x00, 0x00, 0x00, 0x00, 0x00, 0x00, 0x00, 0x00, 0x00, 0x00, 0x00, 0x00,
  0x00, 0x00, 0x00, 0x00, 0x00, 0x00, 0x00, 0x00, 0x00, 0x00, 0x00, 0x00, 0x00, 0x00, 0x49, 0x49,
  0x49, 0x49, 0x49, 0x49, 0xb7, 0x9b, 0xb7, 0x9b, 0xb7, 0x9b, 0xb7, 0x9b, 0xb7, 0x9b, 0xb7, 0x9b,
  0x74, 0x5a, 0x74, 0x5a, 0x74, 0x5a, 0xdf, 0xff, 0xdf, 0xff, 0xdf, 0xff, 0x2f, 0x6b, 0x2f, 0x6b,
  0x2f, 0x6b, 0xdf, 0xff, 0xdf, 0xff, 0xdf, 0xff, 0xdf, 0xff, 0xdf, 0xff, 0xdf, 0xff, 0xdf, 0xff,
  0xdf, 0xff, 0xdf, 0xff, 0x2f, 0x6b, 0x2f, 0x6b, 0x2f, 0x6b, 0xdf, 0xff, 0xdf, 0xff, 0xdf, 0xff,
  0xdf, 0xff, 0xdf, 0xff, 0xdf, 0xff, 0xdf, 0xff, 0xdf, 0xff, 0xdf, 0xff, 0xdf, 0xff, 0xdf, 0xff,
  0xdf, 0xff, 0x2f, 0x6b, 0x2f, 0x6b, 0x2f, 0x6b, 0xdf, 0xff, 0xdf, 0xff, 0xdf, 0xff, 0xdf, 0xff,
  0xdf, 0xff, 0xdf, 0xff, 0xdf, 0xff, 0xdf, 0xff, 0xdf, 0xff, 0xdf, 0xff, 0xdf, 0xff, 0xdf, 0xff,
  0x78, 0xc5, 0x78, 0xc5, 0x78, 0xc5, 0xdc, 0xe6, 0xdc, 0xe6, 0xdc, 0xe6, 0xdf, 0xff, 0xdf, 0xff,
  0xdf, 0xff, 0xdf, 0xff, 0xdf, 0xff, 0x82, 0x10, 0x82, 0x10, 0x82, 0x10, 0xb7, 0x9b, 0xb7, 0x9b,
  0xb7, 0x9b, 0xb7, 0x9b, 0xb7, 0x9b, 0xb7, 0x9b, 0xb7, 0x9b, 0xb7, 0x9b, 0xb7, 0x9b, 0x74, 0x5a,
  0x74, 0x5a, 0x74, 0x5a, 0x74, 0x5a, 0x74, 0x5a, 0x74, 0x5a, 0x74, 0x5a, 0x74, 0x5a, 0x74, 0x5a,
  0x74, 0x5a, 0x74, 0x5a, 0x74, 0x5a, 0x74, 0x5a, 0x74, 0x5a, 0x74, 0x5a, 0x74, 0x5a, 0x74, 0x5a,
  0x74, 0x5a, 0x74, 0x5a, 0x74, 0x5a, 0x74, 0x5a, 0x74, 0x5a, 0x74, 0x5a, 0x74, 0x5a, 0x74, 0x5a,
  0x74, 0x5a, 0x74, 0x5a, 0x74, 0x5a, 0x74, 0x5a, 0x74, 0x5a, 0x49, 0x49, 0x49, 0x49, 0x49, 0x49,
  0x49, 0x49, 0x49, 0x49, 0x49, 0x49, 0x00, 0x00, 0x00, 0x00, 0x00, 0x00, 0x00, 0x00, 0x00, 0x00,
  0x00, 0x00, 0x00, 0x00, 0x00, 0x00, 0x00, 0x00, 0x00, 0x00, 0x00, 0x00, 0x00, 0x00, 0x00, 0x00,
  0x00, 0x00, 0x00, 0x00, 0x00, 0x00, 0x00, 0x00, 0x00, 0x00, 0x00, 0x00, 0x00, 0x00, 0x00, 0x00,
  0x00, 0x00, 0x00, 0x00, 0x00, 0x00, 0x00, 0x00, 0x00, 0x00, 0x00, 0x00, 0x00, 0x00, 0x00, 0x00,
  0x00, 0x00, 0x00, 0x00, 0x00, 0x00, 0x00, 0x00, 0x00, 0x00, 0x00, 0x00, 0x00, 0x00, 0x00, 0x00,
  0x00, 0x00, 0x00, 0x00, 0x00, 0x00, 0x00, 0x00, 0x00, 0x00, 0x00, 0x00, 0x00, 0x00, 0x00, 0x00,
  0x00, 0x00, 0x00, 0x00, 0x00, 0x00, 0x00, 0x00, 0x00, 0x00, 0x00, 0x00, 0x00, 0x00, 0x00, 0x00,
  0x00, 0x00, 0x00, 0x00, 0x00, 0x00, 0x00, 0x00, 0x00, 0x00, 0x00, 0x00, 0x00, 0x00, 0x00, 0x00,
  0x00, 0x00, 0x00, 0x00, 0x00, 0x00, 0x00, 0x00, 0x00, 0x00, 0x00, 0x00, 0x00, 0x00, 0x00, 0x00,
  0x00, 0x00, 0x00, 0x00, 0x00, 0x00, 0x00, 0x00, 0x00, 0x00, 0x00, 0x00, 0x00, 0x00, 0x00, 0x00,
  0x00, 0x00, 0x00, 0x00, 0x00, 0x00, 0x00, 0x00, 0x00, 0x00, 0x00, 0x00, 0x00, 0x00, 0x00, 0x00,
  0x00, 0x00, 0x00, 0x00, 0x00, 0x00, 0x00, 0x00, 0x00, 0x00, 0x00, 0x00, 0x00, 0x00, 0x00, 0x00,
  0x00, 0x00, 0x00, 0x00, 0x00, 0x00, 0x00, 0x00, 0x00, 0x00, 0x00, 0x00, 0x00, 0x00, 0x00, 0x00,
  0x00, 0x00, 0x00, 0x00, 0x00, 0x00, 0x49, 0x49, 0x49, 0x49, 0x49, 0x49, 0xb7, 0x9b, 0xb7, 0x9b,
  0xb7, 0x9b, 0xb7, 0x9b, 0xb7, 0x9b, 0xb7, 0x9b, 0x74, 0x5a, 0x74, 0x5a, 0x74, 0x5a, 0xdf, 0xff,
  0xdf, 0xff, 0xdf, 0xff, 0x2f, 0x6b, 0x2f, 0x6b, 0x2f, 0x6b, 0xdf, 0xff, 0xdf, 0xff, 0xdf, 0xff,
  0xdf, 0xff, 0xdf, 0xff, 0xdf, 0xff, 0xdf, 0xff, 0xdf, 0xff, 0xdf, 0xff, 0x2f, 0x6b, 0x2f, 0x6b,
  0x2f, 0x6b, 0xdf, 0xff, 0xdf, 0xff, 0xdf, 0xff, 0xdf, 0xff, 0xdf, 0xff, 0xdf, 0xff, 0xdf, 0xff,
  0xdf, 0xff, 0xdf, 0xff, 0xdf, 0xff, 0xdf, 0xff, 0xdf, 0xff, 0x2f, 0x6b, 0x2f, 0x6b, 0x2f, 0x6b,
  0xdf, 0xff, 0xdf, 0xff, 0xdf, 0xff, 0xdf, 0xff, 0xdf, 0xff, 0xdf, 0xff, 0xdf, 0xff, 0xdf, 0xff,
  0xdf, 0xff, 0xdf, 0xff, 0xdf, 0xff, 0xdf, 0xff, 0x78, 0xc5, 0x78, 0xc5, 0x78, 0xc5, 0xdc, 0xe6,
  0xdc, 0xe6, 0xdc, 0xe6, 0xdf, 0xff, 0xdf, 0xff, 0xdf, 0xff, 0xdf, 0xff, 0xdf, 0xff, 0x82, 0x10,
  0x82, 0x10, 0x82, 0x10, 0xb7, 0x9b, 0xb7, 0x9b, 0xb7, 0x9b, 0xb7, 0x9b, 0xb7, 0x9b, 0xb7, 0x9b,
  0xb7, 0x9b, 0xb7, 0x9b, 0xb7, 0x9b, 0x74, 0x5a, 0x74, 0x5a, 0x74, 0x5a, 0x74, 0x5a, 0x74, 0x5a,
  0x74, 0x5a, 0x74, 0x5a, 0x74, 0x5a, 0x74, 0x5a, 0x74, 0x5a, 0x74, 0x5a, 0x74, 0x5a, 0x74, 0x5a,
  0x74, 0x5a, 0x74, 0x5a, 0x74, 0x5a, 0x74, 0x5a, 0x74, 0x5a, 0x74, 0x5a, 0x74, 0x5a, 0x74, 0x5a,
  0x74, 0x5a, 0x74, 0x5a, 0x74, 0x5a, 0x74, 0x5a, 0x74, 0x5a, 0x74, 0x5a, 0x74, 0x5a, 0x74, 0x5a,
  0x74, 0x5a, 0x49, 0x49, 0x49, 0x49, 0x49, 0x49, 0x49, 0x49, 0x49, 0x49, 0x49, 0x49, 0x00, 0x00,
  0x00, 0x00, 0x00, 0x00, 0x00, 0x00, 0x00, 0x00, 0x00, 0x00, 0x00, 0x00, 0x00, 0x00, 0x00, 0x00,
  0x00, 0x00, 0x00, 0x00, 0x00, 0x00, 0x00, 0x00, 0x00, 0x00, 0x00, 0x00, 0x00, 0x00, 0x00, 0x00,
  0x00, 0x00, 0x00, 0x00, 0x00, 0x00, 0x00, 0x00, 0x00, 0x00, 0x00, 0x00, 0x00, 0x00, 0x00, 0x00,
  0x00, 0x00, 0x00, 0x00, 0x00, 0x00, 0x00, 0x00, 0x00, 0x00, 0x00, 0x00, 0x00, 0x00, 0x00, 0x00,
  0x00, 0x00, 0x00, 0x00, 0x00, 0x00, 0x00, 0x00, 0x00, 0x00, 0x00, 0x00, 0x00, 0x00, 0x00, 0x00,
  0x00, 0x00, 0x00, 0x00, 0x00, 0x00, 0x00, 0x00, 0x00, 0x00, 0x00, 0x00, 0x00, 0x00, 0x00, 0x00,
  0x00, 0x00, 0x00, 0x00, 0x00, 0x00, 0x00, 0x00, 0x00, 0x00, 0x00, 0x00, 0x00, 0x00, 0x00, 0x00,
  0x00, 0x00, 0x00, 0x00, 0x00, 0x00, 0x00, 0x00, 0x00, 0x00, 0x00, 0x00, 0x00, 0x00, 0x00, 0x00,
  0x00, 0x00, 0x00, 0x00, 0x00, 0x00, 0x00, 0x00, 0x00, 0x00, 0x00, 0x00, 0x00, 0x00, 0x00, 0x00,
  0x00, 0x00, 0x00, 0x00, 0x00, 0x00, 0x00, 0x00, 0x00, 0x00, 0x00, 0x00, 0x00, 0x00, 0x00, 0x00,
  0x00, 0x00, 0x00, 0x00, 0x00, 0x00, 0x00, 0x00, 0x00, 0x00, 0x00, 0x00, 0x00, 0x00, 0x00, 0x00,
  0x00, 0x00, 0x00, 0x00, 0x00, 0x00, 0x00, 0x00, 0x00, 0x00, 0x00, 0x00, 0x00, 0x00, 0x00, 0x00,
  0x00, 0x00, 0x00, 0x00, 0x00, 0x00, 0x00, 0x00, 0x00, 0x00, 0x00, 0x00, 0x00, 0x00, 0x49, 0x49,
  0x49, 0x49, 0x49, 0x49, 0xb7, 0x9b, 0xb7, 0x9b, 0xb7, 0x9b, 0xb7, 0x9b, 0xb7, 0x9b, 0xb7, 0x9b,
  0x74, 0x5a, 0x74, 0x5a, 0x74, 0x5a, 0xdf, 0xff, 0xdf, 0xff, 0xdf, 0xff, 0x2f, 0x6b, 0x2f, 0x6b,
  0x2f, 0x6b, 0xdf, 0xff, 0xdf, 0xff, 0xdf, 0xff, 0xdf, 0xff, 0xdf, 0xff, 0xdf, 0xff, 0xdf, 0xff,
  0xdf, 0xff, 0xdf, 0xff, 0x2f, 0x6b, 0x2f, 0x6b, 0x2f, 0x6b, 0xdf, 0xff, 0xdf, 0xff, 0xdf, 0xff,
  0xdf, 0xff, 0xdf, 0xff, 0xdf, 0xff, 0xdf, 0xff, 0xdf, 0xff, 0xdf, 0xff, 0xdf, 0xff, 0xdf, 0xff,
  0xdf, 0xff, 0x2f, 0x6b, 0x2f, 0x6b, 0x2f, 0x6b, 0xdf, 0xff, 0xdf, 0xff, 0xdf, 0xff, 0xdf, 0xff,
  0xdf, 0xff, 0xdf, 0xff, 0xdf, 0xff, 0xdf, 0xff, 0xdf, 0xff, 0xdf, 0xff, 0xdf, 0xff, 0xdf, 0xff,
  0x78, 0xc5, 0x78, 0xc5, 0x78, 0xc5, 0xdc, 0xe6, 0xdc, 0xe6, 0xdc, 0xe6, 0xdf, 0xff, 0xdf, 0xff,
  0xdf, 0xff, 0xdf, 0xff, 0xdf, 0xff, 0x82, 0x10, 0x82, 0x10, 0x82, 0x10, 0xb7, 0x9b, 0xb7, 0x9b,
  0xb7, 0x9b, 0xb7, 0x9b, 0xb7, 0x9b, 0xb7, 0x9b, 0xb7, 0x9b, 0xb7, 0x9b, 0xb7, 0x9b, 0x74, 0x5a,
  0x74, 0x5a, 0x74, 0x5a, 0x74, 0x5a, 0x74, 0x5a, 0x74, 0x5a, 0x74, 0x5a, 0x74, 0x5a, 0x74, 0x5a,
  0x74, 0x5a, 0x74, 0x5a, 0x74, 0x5a, 0x74, 0x5a, 0x74, 0x5a, 0x74, 0x5a, 0x74, 0x5a, 0x74, 0x5a,
  0x74, 0x5a, 0x74, 0x5a, 0x74, 0x5a, 0x74, 0x5a, 0x74, 0x5a, 0x74, 0x5a, 0x74, 0x5a, 0x74, 0x5a,
  0x74, 0x5a, 0x74, 0x5a, 0x74, 0x5a, 0x74, 0x5a, 0x74, 0x5a, 0x49, 0x49, 0x49, 0x49, 0x49, 0x49,
  0x49, 0x49, 0x49, 0x49, 0x49, 0x49, 0x00, 0x00, 0x00, 0x00, 0x00, 0x00, 0x00, 0x00, 0x00, 0x00,
  0x00, 0x00, 0x00, 0x00, 0x00, 0x00, 0x00, 0x00, 0x00, 0x00, 0x00, 0x00, 0x00, 0x00, 0x00, 0x00,
  0x00, 0x00, 0x00, 0x00, 0x00, 0x00, 0x00, 0x00, 0x00, 0x00, 0x00, 0x00, 0x00, 0x00, 0x00, 0x00,
  0x00, 0x00, 0x00, 0x00, 0x00, 0x00, 0x00, 0x00, 0x00, 0x00, 0x00, 0x00, 0x00, 0x00, 0x00, 0x00,
  0x00, 0x00, 0x00, 0x00, 0x00, 0x00, 0x00, 0x00, 0x00, 0x00, 0x00, 0x00, 0x00, 0x00, 0x00, 0x00,
  0x00, 0x00, 0x00, 0x00, 0x00, 0x00, 0x00, 0x00, 0x00, 0x00, 0x00, 0x00, 0x00, 0x00, 0x00, 0x00,
  0x00, 0x00, 0x00, 0x00, 0x00, 0x00, 0x00, 0x00, 0x00, 0x00, 0x00, 0x00, 0x00, 0x00, 0x00, 0x00,
  0x00, 0x00, 0x00, 0x00, 0x00, 0x00, 0x00, 0x00, 0x00, 0x00, 0x00, 0x00, 0x00, 0x00, 0x00, 0x00,
  0x00, 0x00, 0x00, 0x00, 0x00, 0x00, 0x00, 0x00, 0x00, 0x00, 0x00, 0x00, 0x00, 0x00, 0x00, 0x00,
  0x00, 0x00, 0x00, 0x00, 0x00, 0x00, 0x00, 0x00, 0x00, 0x00, 0x00, 0x00, 0x00, 0x00, 0x00, 0x00,
  0x00, 0x00, 0x00, 0x00, 0x00, 0x00, 0x00, 0x00, 0x00, 0x00, 0x00, 0x00, 0x00, 0x00, 0x00, 0x00,
  0x00, 0x00, 0x00, 0x00, 0x00, 0x00, 0x00, 0x00, 0x00, 0x00, 0x00, 0x00, 0x00, 0x00, 0x00, 0x00,
  0x00, 0x00, 0x00, 0x00, 0x00, 0x00, 0x00, 0x00, 0x00, 0x00, 0x00, 0x00, 0x00, 0x00, 0x00, 0x00,
  0x00, 0x00, 0x00, 0x00, 0x00, 0x00, 0x82, 0x10, 0x82, 0x10, 0x82, 0x10, 0xb7, 0x9b, 0xb7, 0x9b,
  0xb7, 0x9b, 0xb7, 0x9b, 0xb7, 0x9b, 0xb7, 0x9b, 0x74, 0x5a, 0x74, 0x5a, 0x74, 0x5a, 0xdf, 0xff,
  0xdf, 0xff, 0xdf, 0xff, 0x2f, 0x6b, 0x2f, 0x6b, 0x2f, 0x6b, 0xdf, 0xff, 0xdf, 0xff, 0xdf, 0xff,
  0xdf, 0xff, 0xdf, 0xff, 0xdf, 0xff, 0xdf, 0xff, 0xdf, 0xff, 0xdf, 0xff, 0x2f, 0x6b, 0x2f, 0x6b,
  0x2f, 0x6b, 0xdf, 0xff, 0xdf, 0xff, 0xdf, 0xff, 0xdf, 0xff, 0xdf, 0xff, 0xdf, 0xff, 0xdf, 0xff,
  0xdf, 0xff, 0xdf, 0xff, 0xdf, 0xff, 0xdf, 0xff, 0xdf, 0xff, 0x78, 0xc5, 0x78, 0xc5, 0x78, 0xc5,
  0xdc, 0xe6, 0xdc, 0xe6, 0xdc, 0xe6, 0xdf, 0xff, 0xdf, 0xff, 0xdf, 0xff, 0xdf, 0xff, 0xdf, 0xff,
  0xdf, 0xff, 0xdf, 0xff, 0xdf, 0xff, 0xdf, 0xff, 0xdf, 0xff, 0xdf, 0xff, 0xdf, 0xff, 0x2f, 0x6b,
  0x2f, 0x6b, 0x2f, 0x6b, 0xdf, 0xff, 0xdf, 0xff, 0x82, 0x10, 0x82, 0x10, 0x82, 0x10, 0xb7, 0x9b,
  0xb7, 0x9b, 0xb7, 0x9b, 0xb7, 0x9b, 0xb7, 0x9b, 0xb7, 0x9b, 0xb7, 0x9b, 0xb7, 0x9b, 0xb7, 0x9b,
  0x35, 0x7b, 0x35, 0x7b, 0x35, 0x7b, 0x74, 0x5a, 0x74, 0x5a, 0x74, 0x5a, 0x74, 0x5a, 0x74, 0x5a,
  0x74, 0x5a, 0x74, 0x5a, 0x74, 0x5a, 0x74, 0x5a, 0x74, 0x5a, 0x74, 0x5a, 0x74, 0x5a, 0x74, 0x5a,
  0x74, 0x5a, 0x74, 0x5a, 0x74, 0x5a, 0x74, 0x5a, 0x74, 0x5a, 0x74, 0x5a, 0x74, 0x5a, 0x74, 0x5a,
  0x74, 0x5a, 0x74, 0x5a, 0x74, 0x5a, 0x74, 0x5a, 0x74, 0x5a, 0x74, 0x5a, 0x74, 0x5a, 0x74, 0x5a,
  0x74, 0x5a, 0x49, 0x49, 0x49, 0x49, 0x49, 0x49, 0x49, 0x49, 0x49, 0x49, 0x49, 0x49, 0x00, 0x00,
  0x00, 0x00, 0x00, 0x00, 0x00, 0x00, 0x00, 0x00, 0x00, 0x00, 0x00, 0x00, 0x00, 0x00, 0x00, 0x00,
  0x00, 0x00, 0x00, 0x00, 0x00, 0x00, 0x00, 0x00, 0x00, 0x00, 0x00, 0x00, 0x00, 0x00, 0x00, 0x00,
  0x00, 0x00, 0x00, 0x00, 0x00, 0x00, 0x00, 0x00, 0x00, 0x00, 0x00, 0x00, 0x00, 0x00, 0x00, 0x00,
  0x00, 0x00, 0x00, 0x00, 0x00, 0x00, 0x00, 0x00, 0x00, 0x00, 0x00, 0x00, 0x00, 0x00, 0x00, 0x00,
  0x00, 0x00, 0x00, 0x00, 0x00, 0x00, 0x00, 0x00, 0x00, 0x00, 0x00, 0x00, 0x00, 0x00, 0x00, 0x00,
  0x00, 0x00, 0x00, 0x00, 0x00, 0x00, 0x00, 0x00, 0x00, 0x00, 0x00, 0x00, 0x00, 0x00, 0x00, 0x00,
  0x00, 0x00, 0x00, 0x00, 0x00, 0x00, 0x00, 0x00, 0x00, 0x00, 0x00, 0x00, 0x00, 0x00, 0x00, 0x00,
  0x00, 0x00, 0x00, 0x00, 0x00, 0x00, 0x00, 0x00, 0x00, 0x00, 0x00, 0x00, 0x00, 0x00, 0x00, 0x00,
  0x00, 0x00, 0x00, 0x00, 0x00, 0x00, 0x00, 0x00, 0x00, 0x00, 0x00, 0x00, 0x00, 0x00, 0x00, 0x00,
  0x00, 0x00, 0x00, 0x00, 0x00, 0x00, 0x00, 0x00, 0x00, 0x00, 0x00, 0x00, 0x00, 0x00, 0x00, 0x00,
  0x00, 0x00, 0x00, 0x00, 0x00, 0x00, 0x00, 0x00, 0x00, 0x00, 0x00, 0x00, 0x00, 0x00, 0x00, 0x00,
  0x00, 0x00, 0x00, 0x00, 0x00, 0x00, 0x00, 0x00, 0x00, 0x00, 0x00, 0x00, 0x00, 0x00, 0x00, 0x00,
  0x00, 0x00, 0x00, 0x00, 0x00, 0x00, 0x00, 0x00, 0x00, 0x00, 0x00, 0x00, 0x00, 0x00, 0x82, 0x10,
  0x82, 0x10, 0x82, 0x10, 0xb7, 0x9b, 0xb7, 0x9b, 0xb7, 0x9b, 0xb7, 0x9b, 0xb7, 0x9b, 0xb7, 0x9b,
  0x74, 0x5a, 0x74, 0x5a, 0x74, 0x5a, 0xdf, 0xff, 0xdf, 0xff, 0xdf, 0xff, 0x2f, 0x6b, 0x2f, 0x6b,
  0x2f, 0x6b, 0xdf, 0xff, 0xdf, 0xff, 0xdf, 0xff, 0xdf, 0xff, 0xdf, 0xff, 0xdf, 0xff, 0xdf, 0xff,
  0xdf, 0xff, 0xdf, 0xff, 0x2f, 0x6b, 0x2f, 0x6b, 0x2f, 0x6b, 0xdf, 0xff, 0xdf, 0xff, 0xdf, 0xff,
  0xdf, 0xff, 0xdf, 0xff, 0xdf, 0xff, 0xdf, 0xff, 0xdf, 0xff, 0xdf, 0xff, 0xdf, 0xff, 0xdf, 0xff,
  0xdf, 0xff, 0x78, 0xc5, 0x78, 0xc5, 0x78, 0xc5, 0xdc, 0xe6, 0xdc, 0xe6, 0xdc, 0xe6, 0xdf, 0xff,
  0xdf, 0xff, 0xdf, 0xff, 0xdf, 0xff, 0xdf, 0xff, 0xdf, 0xff, 0xdf, 0xff, 0xdf, 0xff, 0xdf, 0xff,
  0xdf, 0xff, 0xdf, 0xff, 0xdf, 0xff, 0x2f, 0x6b, 0x2f, 0x6b, 0x2f, 0x6b, 0xdf, 0xff, 0xdf, 0xff,
  0x82, 0x10, 0x82, 0x10, 0x82, 0x10, 0xb7, 0x9b, 0xb7, 0x9b, 0xb7, 0x9b, 0xb7, 0x9b, 0xb7, 0x9b,
  0xb7, 0x9b, 0xb7, 0x9b, 0xb7, 0x9b, 0xb7, 0x9b, 0x35, 0x7b, 0x35, 0x7b, 0x35, 0x7b, 0x74, 0x5a,
  0x74, 0x5a, 0x74, 0x5a, 0x74, 0x5a, 0x74, 0x5a, 0x74, 0x5a, 0x74, 0x5a, 0x74, 0x5a, 0x74, 0x5a,
  0x74, 0x5a, 0x74, 0x5a, 0x74, 0x5a, 0x74, 0x5a, 0x74, 0x5a, 0x74, 0x5a, 0x74, 0x5a, 0x74, 0x5a,
  0x74, 0x5a, 0x74, 0x5a, 0x74, 0x5a, 0x74, 0x5a, 0x74, 0x5a, 0x74, 0x5a, 0x74, 0x5a, 0x74, 0x5a,
  0x74, 0x5a, 0x74, 0x5a, 0x74, 0x5a, 0x74, 0x5a, 0x74, 0x5a, 0x49, 0x49, 0x49, 0x49, 0x49, 0x49,
  0x49, 0x49, 0x49, 0x49, 0x49, 0x49, 0x00, 0x00, 0x00, 0x00, 0x00, 0x00, 0x00, 0x00, 0x00, 0x00,
  0x00, 0x00, 0x00, 0x00, 0x00, 0x00, 0x00, 0x00, 0x00, 0x00, 0x00, 0x00, 0x00, 0x00, 0x00, 0x00,
  0x00, 0x00, 0x00, 0x00, 0x00, 0x00, 0x00, 0x00, 0x00, 0x00, 0x00, 0x00, 0x00, 0x00, 0x00, 0x00,
  0x00, 0x00, 0x00, 0x00, 0x00, 0x00, 0x00, 0x00, 0x00, 0x00, 0x00, 0x00, 0x00, 0x00, 0x00, 0x00,
  0x00, 0x00, 0x00, 0x00, 0x00, 0x00, 0x00, 0x00, 0x00, 0x00, 0x00, 0x00, 0x00, 0x00, 0x00, 0x00,
  0x00, 0x00, 0x00, 0x00, 0x00, 0x00, 0x00, 0x00, 0x00, 0x00, 0x00, 0x00, 0x00, 0x00, 0x00, 0x00,
  0x00, 0x00, 0x00, 0x00, 0x00, 0x00, 0x00, 0x00, 0x00, 0x00, 0x00, 0x00, 0x00, 0x00, 0x00, 0x00,
  0x00, 0x00, 0x00, 0x00, 0x00, 0x00, 0x00, 0x00, 0x00, 0x00, 0x00, 0x00, 0x00, 0x00, 0x00, 0x00,
  0x00, 0x00, 0x00, 0x00, 0x00, 0x00, 0x00, 0x00, 0x00, 0x00, 0x00, 0x00, 0x00, 0x00, 0x00, 0x00,
  0x00, 0x00, 0x00, 0x00, 0x00, 0x00, 0x00, 0x00, 0x00, 0x00, 0x00, 0x00, 0x00, 0x00, 0x00, 0x00,
  0x00, 0x00, 0x00, 0x00, 0x00, 0x00, 0x00, 0x00, 0x00, 0x00, 0x00, 0x00, 0x00, 0x00, 0x00, 0x00,
  0x00, 0x00, 0x00, 0x00, 0x00, 0x00, 0x00, 0x00, 0x00, 0x00, 0x00, 0x00, 0x00, 0x00, 0x00, 0x00,
  0x00, 0x00, 0x00, 0x00, 0x00, 0x00, 0x00, 0x00, 0x00, 0x00, 0x00, 0x00, 0x00, 0x00, 0x00, 0x00,
  0x00, 0x00, 0x00, 0x00, 0x00, 0x00, 0x82, 0x10, 0x82, 0x10, 0x82, 0x10, 0xb7, 0x9b, 0xb7, 0x9b,
  0xb7, 0x9b, 0xb7, 0x9b, 0xb7, 0x9b, 0xb7, 0x9b, 0x74, 0x5a, 0x74, 0x5a, 0x74, 0x5a, 0xdf, 0xff,
  0xdf, 0xff, 0xdf, 0xff, 0x2f, 0x6b, 0x2f, 0x6b, 0x2f, 0x6b, 0xdf, 0xff, 0xdf, 0xff, 0xdf, 0xff,
  0xdf, 0xff, 0xdf, 0xff, 0xdf, 0xff, 0xdf, 0xff, 0xdf, 0xff, 0xdf, 0xff, 0x2f, 0x6b, 0x2f, 0x6b,
  0x2f, 0x6b, 0xdf, 0xff, 0xdf, 0xff, 0xdf, 0xff, 0xdf, 0xff, 0xdf, 0xff, 0xdf, 0xff, 0xdf, 0xff,
  0xdf, 0xff, 0xdf, 0xff, 0xdf, 0xff, 0xdf, 0xff, 0xdf, 0xff, 0x78, 0xc5, 0x78, 0xc5, 0x78, 0xc5,
  0xdc, 0xe6, 0xdc, 0xe6, 0xdc, 0xe6, 0xdf, 0xff, 0xdf, 0xff, 0xdf, 0xff, 0xdf, 0xff, 0xdf, 0xff,
  0xdf, 0xff, 0xdf, 0xff, 0xdf, 0xff, 0xdf, 0xff, 0xdf, 0xff, 0xdf, 0xff, 0xdf, 0xff, 0x2f, 0x6b,
  0x2f, 0x6b, 0x2f, 0x6b, 0xdf, 0xff, 0xdf, 0xff, 0x82, 0x10, 0x82, 0x10, 0x82, 0x10, 0xb7, 0x9b,
  0xb7, 0x9b, 0xb7, 0x9b, 0xb7, 0x9b, 0xb7, 0x9b, 0xb7, 0x9b, 0xb7, 0x9b, 0xb7, 0x9b, 0xb7, 0x9b,
  0x35, 0x7b, 0x35, 0x7b, 0x35, 0x7b, 0x74, 0x5a, 0x74, 0x5a, 0x74, 0x5a, 0x74, 0x5a, 0x74, 0x5a,
  0x74, 0x5a, 0x74, 0x5a, 0x74, 0x5a, 0x74, 0x5a, 0x74, 0x5a, 0x74, 0x5a, 0x74, 0x5a, 0x74, 0x5a,
  0x74, 0x5a, 0x74, 0x5a, 0x74, 0x5a, 0x74, 0x5a, 0x74, 0x5a, 0x74, 0x5a, 0x74, 0x5a, 0x74, 0x5a,
  0x74, 0x5a, 0x74, 0x5a, 0x74, 0x5a, 0x74, 0x5a, 0x74, 0x5a, 0x74, 0x5a, 0x74, 0x5a, 0x74, 0x5a,
  0x74, 0x5a, 0x49, 0x49, 0x49, 0x49, 0x49, 0x49, 0x49, 0x49, 0x49, 0x49, 0x49, 0x49, 0x00, 0x00,
  0x00, 0x00, 0x00, 0x00, 0x00, 0x00, 0x00, 0x00, 0x00, 0x00, 0x00, 0x00, 0x00, 0x00, 0x00, 0x00,
  0x00, 0x00, 0x00, 0x00, 0x00, 0x00, 0x00, 0x00, 0x00, 0x00, 0x00, 0x00, 0x00, 0x00, 0x00, 0x00,
  0x00, 0x00, 0x00, 0x00, 0x00, 0x00, 0x00, 0x00, 0x00, 0x00, 0x00, 0x00, 0x00, 0x00, 0x00, 0x00,
  0x00, 0x00, 0x00, 0x00, 0x00, 0x00, 0x00, 0x00, 0x00, 0x00, 0x00, 0x00, 0x00, 0x00, 0x00, 0x00,
  0x00, 0x00, 0x00, 0x00, 0x00, 0x00, 0x00, 0x00, 0x00, 0x00, 0x00, 0x00, 0x00, 0x00, 0x00, 0x00,
  0x00, 0x00, 0x00, 0x00, 0x00, 0x00, 0x00, 0x00, 0x00, 0x00, 0x00, 0x00, 0x00, 0x00, 0x00, 0x00,
  0x00, 0x00, 0x00, 0x00, 0x00, 0x00, 0x00, 0x00, 0x00, 0x00, 0x00, 0x00, 0x00, 0x00, 0x00, 0x00,
  0x00, 0x00, 0x00, 0x00, 0x00, 0x00, 0x00, 0x00, 0x00, 0x00, 0x00, 0x00, 0x00, 0x00, 0x00, 0x00,
  0x00, 0x00, 0x00, 0x00, 0x00, 0x00, 0x00, 0x00, 0x00, 0x00, 0x00, 0x00, 0x00, 0x00, 0x00, 0x00,
  0x00, 0x00, 0x00, 0x00, 0x00, 0x00, 0x00, 0x00, 0x00, 0x00, 0x00, 0x00, 0x00, 0x00, 0x00, 0x00,
  0x00, 0x00, 0x00, 0x00, 0x00, 0x00, 0x00, 0x00, 0x00, 0x00, 0x00, 0x00, 0x00, 0x00, 0x00, 0x00,
  0x00, 0x00, 0x00, 0x00, 0x00, 0x00, 0x00, 0x00, 0x00, 0x00, 0x00, 0x00, 0x00, 0x00, 0x00, 0x00,
  0x00, 0x00, 0x00, 0x00, 0x00, 0x00, 0x00, 0x00, 0x00, 0x00, 0x00, 0x00, 0x00, 0x00, 0x00, 0x00,
  0x00, 0x00, 0x00, 0x00, 0x82, 0x10, 0x82, 0x10, 0x82, 0x10, 0xb7, 0x9b, 0xb7, 0x9b, 0xb7, 0x9b,
  0xb7, 0x9b, 0xb7, 0x9b, 0xb7, 0x9b, 0x74, 0x5a, 0x74, 0x5a, 0x74, 0x5a, 0x2f, 0x6b, 0x2f, 0x6b,
  0x2f, 0x6b, 0xdf, 0xff, 0xdf, 0xff, 0xdf, 0xff, 0xdf, 0xff, 0xdf, 0xff, 0xdf, 0xff, 0xdf, 0xff,
  0xdf, 0xff, 0xdf, 0xff, 0x78, 0xc5, 0x78, 0xc5, 0x78, 0xc5, 0xdc, 0xe6, 0xdc, 0xe6, 0xdc, 0xe6,
  0xdf, 0xff, 0xdf, 0xff, 0xdf, 0xff, 0xdf, 0xff, 0xdf, 0xff, 0xdf, 0xff, 0xdf, 0xff, 0xdf, 0xff,
  0xdf, 0xff, 0xdf, 0xff, 0xdf, 0xff, 0xdf, 0xff, 0x2f, 0x6b, 0x2f, 0x6b, 0x2f, 0x6b, 0xdf, 0xff,
  0xdf, 0xff, 0xdf, 0xff, 0xdf, 0xff, 0xdf, 0xff, 0xdf, 0xff, 0xdf, 0xff, 0xdf, 0xff, 0xdf, 0xff,
  0xdf, 0xff, 0xdf, 0xff, 0xdf, 0xff, 0x2f, 0x6b, 0x2f, 0x6b, 0x2f, 0x6b, 0x82, 0x10, 0x82, 0x10,
  0xb7, 0x9b, 0xb7, 0x9b, 0xb7, 0x9b, 0xb7, 0x9b, 0xb7, 0x9b, 0xb7, 0x9b, 0xb7, 0x9b, 0xb7, 0x9b,
  0xb7, 0x9b, 0xb7, 0x9b, 0xb7, 0x9b, 0xb7, 0x9b, 0xb7, 0x9b, 0xb7, 0x9b, 0xb7, 0x9b, 0x74, 0x5a,
  0x74, 0x5a, 0x74, 0x5a, 0x74, 0x5a, 0x74, 0x5a, 0x74, 0x5a, 0x74, 0x5a, 0x74, 0x5a, 0x74, 0x5a,
  0x74, 0x5a, 0x74, 0x5a, 0x74, 0x5a, 0x74, 0x5a, 0x74, 0x5a, 0x74, 0x5a, 0xb7, 0x9b, 0xb7, 0x9b,
  0xb7, 0x9b, 0xb7, 0x9b, 0xb7, 0x9b, 0xb7, 0x9b, 0xb7, 0x9b, 0xb7, 0x9b, 0xb7, 0x9b, 0x74, 0x5a,
  0x74, 0x5a, 0x74, 0x5a, 0x74, 0x5a, 0x74, 0x5a, 0x74, 0x5a, 0x74, 0x5a, 0x74, 0x5a, 0x74, 0x5a,
  0x49, 0x49, 0x49, 0x49, 0x49, 0x49, 0x49, 0x49, 0x49, 0x49, 0x49, 0x49, 0x00, 0x00, 0x00, 0x00,
  0x00, 0x00, 0x00, 0x00, 0x00, 0x00, 0x00, 0x00, 0x00, 0x00, 0x00, 0x00, 0x00, 0x00, 0x00, 0x00,
  0x00, 0x00, 0x00, 0x00, 0x00, 0x00, 0x00, 0x00, 0x00, 0x00, 0x00, 0x00, 0x00, 0x00, 0x00, 0x00,
  0x00, 0x00, 0x00, 0x00, 0x00, 0x00, 0x00, 0x00, 0x00, 0x00, 0x00, 0x00, 0x00, 0x00, 0x00, 0x00,
  0x00, 0x00, 0x00, 0x00, 0x00, 0x00, 0x00, 0x00, 0x00, 0x00, 0x00, 0x00, 0x00, 0x00, 0x00, 0x00,
  0x00, 0x00, 0x00, 0x00, 0x00, 0x00, 0x00, 0x00, 0x00, 0x00, 0x00, 0x00, 0x00, 0x00, 0x00, 0x00,
  0x00, 0x00, 0x00, 0x00, 0x00, 0x00, 0x00, 0x00, 0x00, 0x00, 0x00, 0x00, 0x00, 0x00, 0x00, 0x00,
  0x00, 0x00, 0x00, 0x00, 0x00, 0x00, 0x00, 0x00, 0x00, 0x00, 0x00, 0x00, 0x00, 0x00, 0x00, 0x00,
  0x00, 0x00, 0x00, 0x00, 0x00, 0x00, 0x00, 0x00, 0x00, 0x00, 0x00, 0x00, 0x00, 0x00, 0x00, 0x00,
  0x00, 0x00, 0x00, 0x00, 0x00, 0x00, 0x00, 0x00, 0x00, 0x00, 0x00, 0x00, 0x00, 0x00, 0x00, 0x00,
  0x00, 0x00, 0x00, 0x00, 0x00, 0x00, 0x00, 0x00, 0x00, 0x00, 0x00, 0x00, 0x00, 0x00, 0x00, 0x00,
  0x00, 0x00, 0x00, 0x00, 0x00, 0x00, 0x00, 0x00, 0x00, 0x00, 0x00, 0x00, 0x00, 0x00, 0x00, 0x00,
  0x00, 0x00, 0x00, 0x00, 0x00, 0x00, 0x00, 0x00, 0x00, 0x00, 0x00, 0x00, 0x00, 0x00, 0x00, 0x00,
  0x00, 0x00, 0x00, 0x00, 0x00, 0x00, 0x00, 0x00, 0x00, 0x00, 0x00, 0x00, 0x82, 0x10, 0x82, 0x10,
  0x82, 0x10, 0xb7, 0x9b, 0xb7, 0x9b, 0xb7, 0x9b, 0xb7, 0x9b, 0xb7, 0x9b, 0xb7, 0x9b, 0x74, 0x5a,
  0x74, 0x5a, 0x74, 0x5a, 0x2f, 0x6b, 0x2f, 0x6b, 0x2f, 0x6b, 0xdf, 0xff, 0xdf, 0xff, 0xdf, 0xff,
  0xdf, 0xff, 0xdf, 0xff, 0xdf, 0xff, 0xdf, 0xff, 0xdf, 0xff, 0xdf, 0xff, 0x78, 0xc5, 0x78, 0xc5,
  0x78, 0xc5, 0xdc, 0xe6, 0xdc, 0xe6, 0xdc, 0xe6, 0xdf, 0xff, 0xdf, 0xff, 0xdf, 0xff, 0xdf, 0xff,
  0xdf, 0xff, 0xdf, 0xff, 0xdf, 0xff, 0xdf, 0xff, 0xdf, 0xff, 0xdf, 0xff, 0xdf, 0xff, 0xdf, 0xff,
  0x2f, 0x6b, 0x2f, 0x6b, 0x2f, 0x6b, 0xdf, 0xff, 0xdf, 0xff, 0xdf, 0xff, 0xdf, 0xff, 0xdf, 0xff,
  0xdf, 0xff, 0xdf, 0xff, 0xdf, 0xff, 0xdf, 0xff, 0xdf, 0xff, 0xdf, 0xff, 0xdf, 0xff, 0x2f, 0x6b,
  0x2f, 0x6b, 0x2f, 0x6b, 0x82, 0x10, 0x82, 0x10, 0xb7, 0x9b, 0xb7, 0x9b, 0xb7, 0x9b, 0xb7, 0x9b,
  0xb7, 0x9b, 0xb7, 0x9b, 0xb7, 0x9b, 0xb7, 0x9b, 0xb7, 0x9b, 0xb7, 0x9b, 0xb7, 0x9b, 0xb7, 0x9b,
  0xb7, 0x9b, 0xb7, 0x9b, 0xb7, 0x9b, 0x74, 0x5a, 0x74, 0x5a, 0x74, 0x5a, 0x74, 0x5a, 0x74, 0x5a,
  0x74, 0x5a, 0x74, 0x5a, 0x74, 0x5a, 0x74, 0x5a, 0x74, 0x5a, 0x74, 0x5a, 0x74, 0x5a, 0x74, 0x5a,
  0x74, 0x5a, 0x74, 0x5a, 0xb7, 0x9b, 0xb7, 0x9b, 0xb7, 0x9b, 0xb7, 0x9b, 0xb7, 0x9b, 0xb7, 0x9b,
  0xb7, 0x9b, 0xb7, 0x9b, 0xb7, 0x9b, 0x74, 0x5a, 0x74, 0x5a, 0x74, 0x5a, 0x74, 0x5a, 0x74, 0x5a,
  0x74, 0x5a, 0x74, 0x5a, 0x74, 0x5a, 0x74, 0x5a, 0x49, 0x49, 0x49, 0x49, 0x49, 0x49, 0x49, 0x49,
  0x49, 0x49, 0x49, 0x49, 0x00, 0x00, 0x00, 0x00, 0x00, 0x00, 0x00, 0x00, 0x00, 0x00, 0x00, 0x00,
  0x00, 0x00, 0x00, 0x00, 0x00, 0x00, 0x00, 0x00, 0x00, 0x00, 0x00, 0x00, 0x00, 0x00, 0x00, 0x00,
  0x00, 0x00, 0x00, 0x00, 0x00, 0x00, 0x00, 0x00, 0x00, 0x00, 0x00, 0x00, 0x00, 0x00, 0x00, 0x00,
  0x00, 0x00, 0x00, 0x00, 0x00, 0x00, 0x00, 0x00, 0x00, 0x00, 0x00, 0x00, 0x00, 0x00, 0x00, 0x00,
  0x00, 0x00, 0x00, 0x00, 0x00, 0x00, 0x00, 0x00, 0x00, 0x00, 0x00, 0x00, 0x00, 0x00, 0x00, 0x00,
  0x00, 0x00, 0x00, 0x00, 0x00, 0x00, 0x00, 0x00, 0x00, 0x00, 0x00, 0x00, 0x00, 0x00, 0x00, 0x00,
  0x00, 0x00, 0x00, 0x00, 0x00, 0x00, 0x00, 0x00, 0x00, 0x00, 0x00, 0x00, 0x00, 0x00, 0x00, 0x00,
  0x00, 0x00, 0x00, 0x00, 0x00, 0x00, 0x00, 0x00, 0x00, 0x00, 0x00, 0x00, 0x00, 0x00, 0x00, 0x00,
  0x00, 0x00, 0x00, 0x00, 0x00, 0x00, 0x00, 0x00, 0x00, 0x00, 0x00, 0x00, 0x00, 0x00, 0x00, 0x00,
  0x00, 0x00, 0x00, 0x00, 0x00, 0x00, 0x00, 0x00, 0x00, 0x00, 0x00, 0x00, 0x00, 0x00, 0x00, 0x00,
  0x00, 0x00, 0x00, 0x00, 0x00, 0x00, 0x00, 0x00, 0x00, 0x00, 0x00, 0x00, 0x00, 0x00, 0x00, 0x00,
  0x00, 0x00, 0x00, 0x00, 0x00, 0x00, 0x00, 0x00, 0x00, 0x00, 0x00, 0x00, 0x00, 0x00, 0x00, 0x00,
  0x00, 0x00, 0x00, 0x00, 0x00, 0x00, 0x00, 0x00, 0x00, 0x00, 0x00, 0x00, 0x00, 0x00, 0x00, 0x00,
  0x00, 0x00, 0x00, 0x00, 0x82, 0x10, 0x82, 0x10, 0x82, 0x10, 0xb7, 0x9b, 0xb7, 0x9b, 0xb7, 0x9b,
  0xb7, 0x9b, 0xb7, 0x9b, 0xb7, 0x9b, 0x74, 0x5a, 0x74, 0x5a, 0x74, 0x5a, 0x2f, 0x6b, 0x2f, 0x6b,
  0x2f, 0x6b, 0xdf, 0xff, 0xdf, 0xff, 0xdf, 0xff, 0xdf, 0xff, 0xdf, 0xff, 0xdf, 0xff, 0xdf, 0xff,
  0xdf, 0xff, 0xdf, 0xff, 0x78, 0xc5, 0x78, 0xc5, 0x78, 0xc5, 0xdc, 0xe6, 0xdc, 0xe6, 0xdc, 0xe6,
  0xdf, 0xff, 0xdf, 0xff, 0xdf, 0xff, 0xdf, 0xff, 0xdf, 0xff, 0xdf, 0xff, 0xdf, 0xff, 0xdf, 0xff,
  0xdf, 0xff, 0xdf, 0xff, 0xdf, 0xff, 0xdf, 0xff, 0x2f, 0x6b, 0x2f, 0x6b, 0x2f, 0x6b, 0xdf, 0xff,
  0xdf, 0xff, 0xdf, 0xff, 0xdf, 0xff, 0xdf, 0xff, 0xdf, 0xff, 0xdf, 0xff, 0xdf, 0xff, 0xdf, 0xff,
  0xdf, 0xff, 0xdf, 0xff, 0xdf, 0xff, 0x2f, 0x6b, 0x2f, 0x6b, 0x2f, 0x6b, 0x82, 0x10, 0x82, 0x10,
  0xb7, 0x9b, 0xb7, 0x9b, 0xb7, 0x9b, 0xb7, 0x9b, 0xb7, 0x9b, 0xb7, 0x9b, 0xb7, 0x9b, 0xb7, 0x9b,
  0xb7, 0x9b, 0xb7, 0x9b, 0xb7, 0x9b, 0xb7, 0x9b, 0xb7, 0x9b, 0xb7, 0x9b, 0xb7, 0x9b, 0x74, 0x5a,
  0x74, 0x5a, 0x74, 0x5a, 0x74, 0x5a, 0x74, 0x5a, 0x74, 0x5a, 0x74, 0x5a, 0x74, 0x5a, 0x74, 0x5a,
  0x74, 0x5a, 0x74, 0x5a, 0x74, 0x5a, 0x74, 0x5a, 0x74, 0x5a, 0x74, 0x5a, 0xb7, 0x9b, 0xb7, 0x9b,
  0xb7, 0x9b, 0xb7, 0x9b, 0xb7, 0x9b, 0xb7, 0x9b, 0xb7, 0x9b, 0xb7, 0x9b, 0xb7, 0x9b, 0x74, 0x5a,
  0x74, 0x5a, 0x74, 0x5a, 0x74, 0x5a, 0x74, 0x5a, 0x74, 0x5a, 0x74, 0x5a, 0x74, 0x5a, 0x74, 0x5a,
  0x49, 0x49, 0x49, 0x49, 0x49, 0x49, 0x49, 0x49, 0x49, 0x49, 0x49, 0x49, 0x00, 0x00, 0x00, 0x00,
  0x00, 0x00, 0x00, 0x00, 0x00, 0x00, 0x00, 0x00, 0x00, 0x00, 0x00, 0x00, 0x00, 0x00, 0x00, 0x00,
  0x00, 0x00, 0x00, 0x00, 0x00, 0x00, 0x00, 0x00, 0x00, 0x00, 0x00, 0x00, 0x00, 0x00, 0x00, 0x00,
  0x00, 0x00, 0x00, 0x00, 0x00, 0x00, 0x00, 0x00, 0x00, 0x00, 0x00, 0x00, 0x00, 0x00, 0x00, 0x00,
  0x00, 0x00, 0x00, 0x00, 0x00, 0x00, 0x00, 0x00, 0x00, 0x00, 0x00, 0x00, 0x00, 0x00, 0x00, 0x00,
  0x00, 0x00, 0x00, 0x00, 0x00, 0x00, 0x00, 0x00, 0x00, 0x00, 0x00, 0x00, 0x00, 0x00, 0x00, 0x00,
  0x00, 0x00, 0x00, 0x00, 0x00, 0x00, 0x00, 0x00, 0x00, 0x00, 0x00, 0x00, 0x00, 0x00, 0x00, 0x00,
  0x00, 0x00, 0x00, 0x00, 0x00, 0x00, 0x00, 0x00, 0x00, 0x00, 0x00, 0x00, 0x00, 0x00, 0x00, 0x00,
  0x00, 0x00, 0x00, 0x00, 0x00, 0x00, 0x00, 0x00, 0x00, 0x00, 0x00, 0x00, 0x00, 0x00, 0x00, 0x00,
  0x00, 0x00, 0x00, 0x00, 0x00, 0x00, 0x00, 0x00, 0x00, 0x00, 0x00, 0x00, 0x00, 0x00, 0x00, 0x00,
  0x00, 0x00, 0x00, 0x00, 0x00, 0x00, 0x00, 0x00, 0x00, 0x00, 0x00, 0x00, 0x00, 0x00, 0x00, 0x00,
  0x00, 0x00, 0x00, 0x00, 0x00, 0x00, 0x00, 0x00, 0x00, 0x00, 0x00, 0x00, 0x00, 0x00, 0x00, 0x00,
  0x00, 0x00, 0x00, 0x00, 0x00, 0x00, 0x00, 0x00, 0x00, 0x00, 0x00, 0x00, 0x00, 0x00, 0x00, 0x00,
  0x00, 0x00, 0x00, 0x00, 0x00, 0x00, 0x00, 0x00, 0x00, 0x00, 0x00, 0x00, 0x00, 0x00, 0x00, 0x00,
  0x00, 0x00, 0x49, 0x49, 0x49, 0x49, 0x49, 0x49, 0xb7, 0x9b, 0xb7, 0x9b, 0xb7, 0x9b, 0xb7, 0x9b,
  0xb7, 0x9b, 0xb7, 0x9b, 0x74, 0x5a, 0x74, 0x5a, 0x74, 0x5a, 0xdf, 0xff, 0xdf, 0xff, 0xdf, 0xff,
  0xdf, 0xff, 0xdf, 0xff, 0xdf, 0xff, 0xdf, 0xff, 0xdf, 0xff, 0xdf, 0xff, 0xdf, 0xff, 0xdf, 0xff,
  0xdf, 0xff, 0x2f, 0x6b, 0x2f, 0x6b, 0x2f, 0x6b, 0xdf, 0xff, 0xdf, 0xff, 0xdf, 0xff, 0xdf, 0xff,
  0xdf, 0xff, 0xdf, 0xff, 0xdf, 0xff, 0xdf, 0xff, 0xdf, 0xff, 0xdf, 0xff, 0xdf, 0xff, 0xdf, 0xff,
  0x2f, 0x6b, 0x2f, 0x6b, 0x2f, 0x6b, 0xdf, 0xff, 0xdf, 0xff, 0xdf, 0xff, 0xdf, 0xff, 0xdf, 0xff,
  0xdf, 0xff, 0xdf, 0xff, 0xdf, 0xff, 0xdf, 0xff, 0x49, 0x49, 0x49, 0x49, 0x49, 0x49, 0x49, 0x49,
  0x49, 0x49, 0x49, 0x49, 0xb7, 0x9b, 0xb7, 0x9b, 0xb7, 0x9b, 0xb7, 0x9b, 0xb7, 0x9b, 0xb7, 0x9b,
  0xb7, 0x9b, 0xb7, 0x9b, 0xb7, 0x9b, 0xb7, 0x9b, 0xb7, 0x9b, 0xb7, 0x9b, 0xb7, 0x9b, 0xb7, 0x9b,
  0x35, 0x7b, 0x35, 0x7b, 0x35, 0x7b, 0x74, 0x5a, 0x74, 0x5a, 0x74, 0x5a, 0x74, 0x5a, 0x74, 0x5a,
  0x74, 0x5a, 0x74, 0x5a, 0x74, 0x5a, 0x74, 0x5a, 0xb7, 0x9b, 0xb7, 0x9b, 0xb7, 0x9b, 0xb7, 0x9b,
  0xb7, 0x9b, 0xb7, 0x9b, 0xb7, 0x9b, 0xb7, 0x9b, 0xb7, 0x9b, 0xb7, 0x9b, 0xb7, 0x9b, 0xb7, 0x9b,
  0xb7, 0x9b, 0xb7, 0x9b, 0xb7, 0x9b, 0xb7, 0x9b, 0xb7, 0x9b, 0xb7, 0x9b, 0x49, 0x49, 0x49, 0x49,
  0x49, 0x49, 0x49, 0x49, 0x49, 0x49, 0x49, 0x49, 0x74, 0x5a, 0x74, 0x5a, 0x74, 0x5a, 0x74, 0x5a,
  0x74, 0x5a, 0x74, 0x5a, 0x49, 0x49, 0x49, 0x49, 0x49, 0x49, 0x00, 0x00, 0x00, 0x00, 0x00, 0x00,
  0x00, 0x00, 0x00, 0x00, 0x00, 0x00, 0x00, 0x00, 0x00, 0x00, 0x00, 0x00, 0x00, 0x00, 0x00, 0x00,
  0x00, 0x00, 0x00, 0x00, 0x00, 0x00, 0x00, 0x00, 0x00, 0x00, 0x00, 0x00, 0x00, 0x00, 0x00, 0x00,
  0x00, 0x00, 0x00, 0x00, 0x00, 0x00, 0x00, 0x00, 0x00, 0x00, 0x00, 0x00, 0x00, 0x00, 0x00, 0x00,
  0x00, 0x00, 0x00, 0x00, 0x00, 0x00, 0x00, 0x00, 0x00, 0x00, 0x00, 0x00, 0x00, 0x00, 0x00, 0x00,
  0x00, 0x00, 0x00, 0x00, 0x00, 0x00, 0x00, 0x00, 0x00, 0x00, 0x00, 0x00, 0x00, 0x00, 0x00, 0x00,
  0x00, 0x00, 0x00, 0x00, 0x00, 0x00, 0x00, 0x00, 0x00, 0x00, 0x00, 0x00, 0x00, 0x00, 0x00, 0x00,
  0x00, 0x00, 0x00, 0x00, 0x00, 0x00, 0x00, 0x00, 0x00, 0x00, 0x00, 0x00, 0x00, 0x00, 0x00, 0x00,
  0x00, 0x00, 0x00, 0x00, 0x00, 0x00, 0x00, 0x00, 0x00, 0x00, 0x00, 0x00, 0x00, 0x00, 0x00, 0x00,
  0x00, 0x00, 0x00, 0x00, 0x00, 0x00, 0x00, 0x00, 0x00, 0x00, 0x00, 0x00, 0x00, 0x00, 0x00, 0x00,
  0x00, 0x00, 0x00, 0x00, 0x00, 0x00, 0x00, 0x00, 0x00, 0x00, 0x00, 0x00, 0x00, 0x00, 0x00, 0x00,
  0x00, 0x00, 0x00, 0x00, 0x00, 0x00, 0x00, 0x00, 0x00, 0x00, 0x00, 0x00, 0x00, 0x00, 0x00, 0x00,
  0x00, 0x00, 0x00, 0x00, 0x00, 0x00, 0x00, 0x00, 0x00, 0x00, 0x00, 0x00, 0x00, 0x00, 0x00, 0x00,
  0x00, 0x00, 0x00, 0x00, 0x00, 0x00, 0x00, 0x00, 0x00, 0x00, 0x49, 0x49, 0x49, 0x49, 0x49, 0x49,
  0xb7, 0x9b, 0xb7, 0x9b, 0xb7, 0x9b, 0xb7, 0x9b, 0xb7, 0x9b, 0xb7, 0x9b, 0x74, 0x5a, 0x74, 0x5a,
  0x74, 0x5a, 0xdf, 0xff, 0xdf, 0xff, 0xdf, 0xff, 0xdf, 0xff, 0xdf, 0xff, 0xdf, 0xff, 0xdf, 0xff,
  0xdf, 0xff, 0xdf, 0xff, 0xdf, 0xff, 0xdf, 0xff, 0xdf, 0xff, 0x2f, 0x6b, 0x2f, 0x6b, 0x2f, 0x6b,
  0xdf, 0xff, 0xdf, 0xff, 0xdf, 0xff, 0xdf, 0xff, 0xdf, 0xff, 0xdf, 0xff, 0xdf, 0xff, 0xdf, 0xff,
  0xdf, 0xff, 0xdf, 0xff, 0xdf, 0xff, 0xdf, 0xff, 0x2f, 0x6b, 0x2f, 0x6b, 0x2f, 0x6b, 0xdf, 0xff,
  0xdf, 0xff, 0xdf, 0xff, 0xdf, 0xff, 0xdf, 0xff, 0xdf, 0xff, 0xdf, 0xff, 0xdf, 0xff, 0xdf, 0xff,
  0x49, 0x49, 0x49, 0x49, 0x49, 0x49, 0x49, 0x49, 0x49, 0x49, 0x49, 0x49, 0xb7, 0x9b, 0xb7, 0x9b,
  0xb7, 0x9b, 0xb7, 0x9b, 0xb7, 0x9b, 0xb7, 0x9b, 0xb7, 0x9b, 0xb7, 0x9b, 0xb7, 0x9b, 0xb7, 0x9b,
  0xb7, 0x9b, 0xb7, 0x9b, 0xb7, 0x9b, 0xb7, 0x9b, 0x35, 0x7b, 0x35, 0x7b, 0x35, 0x7b, 0x74, 0x5a,
  0x74, 0x5a, 0x74, 0x5a, 0x74, 0x5a, 0x74, 0x5a, 0x74, 0x5a, 0x74, 0x5a, 0x74, 0x5a, 0x74, 0x5a,
  0xb7, 0x9b, 0xb7, 0x9b, 0xb7, 0x9b, 0xb7, 0x9b, 0xb7, 0x9b, 0xb7, 0x9b, 0xb7, 0x9b, 0xb7, 0x9b,
  0xb7, 0x9b, 0xb7, 0x9b, 0xb7, 0x9b, 0xb7, 0x9b, 0xb7, 0x9b, 0xb7, 0x9b, 0xb7, 0x9b, 0xb7, 0x9b,
  0xb7, 0x9b, 0xb7, 0x9b, 0x49, 0x49, 0x49, 0x49, 0x49, 0x49, 0x49, 0x49, 0x49, 0x49, 0x49, 0x49,
  0x74, 0x5a, 0x74, 0x5a, 0x74, 0x5a, 0x74, 0x5a, 0x74, 0x5a, 0x74, 0x5a, 0x49, 0x49, 0x49, 0x49,
  0x49, 0x49, 0x00, 0x00, 0x00, 0x00, 0x00, 0x00, 0x00, 0x00, 0x00, 0x00, 0x00, 0x00, 0x00, 0x00,
  0x00, 0x00, 0x00, 0x00, 0x00, 0x00, 0x00, 0x00, 0x00, 0x00, 0x00, 0x00, 0x00, 0x00, 0x00, 0x00,
  0x00, 0x00, 0x00, 0x00, 0x00, 0x00, 0x00, 0x00, 0x00, 0x00, 0x00, 0x00, 0x00, 0x00, 0x00, 0x00,
  0x00, 0x00, 0x00, 0x00, 0x00, 0x00, 0x00, 0x00, 0x00, 0x00, 0x00, 0x00, 0x00, 0x00, 0x00, 0x00,
  0x00, 0x00, 0x00, 0x00, 0x00, 0x00, 0x00, 0x00, 0x00, 0x00, 0x00, 0x00, 0x00, 0x00, 0x00, 0x00,
  0x00, 0x00, 0x00, 0x00, 0x00, 0x00, 0x00, 0x00, 0x00, 0x00, 0x00, 0x00, 0x00, 0x00, 0x00, 0x00,
  0x00, 0x00, 0x00, 0x00, 0x00, 0x00, 0x00, 0x00, 0x00, 0x00, 0x00, 0x00, 0x00, 0x00, 0x00, 0x00,
  0x00, 0x00, 0x00, 0x00, 0x00, 0x00, 0x00, 0x00, 0x00, 0x00, 0x00, 0x00, 0x00, 0x00, 0x00, 0x00,
  0x00, 0x00, 0x00, 0x00, 0x00, 0x00, 0x00, 0x00, 0x00, 0x00, 0x00, 0x00, 0x00, 0x00, 0x00, 0x00,
  0x00, 0x00, 0x00, 0x00, 0x00, 0x00, 0x00, 0x00, 0x00, 0x00, 0x00, 0x00, 0x00, 0x00, 0x00, 0x00,
  0x00, 0x00, 0x00, 0x00, 0x00, 0x00, 0x00, 0x00, 0x00, 0x00, 0x00, 0x00, 0x00, 0x00, 0x00, 0x00,
  0x00, 0x00, 0x00, 0x00, 0x00, 0x00, 0x00, 0x00, 0x00, 0x00, 0x00, 0x00, 0x00, 0x00, 0x00, 0x00,
  0x00, 0x00, 0x00, 0x00, 0x00, 0x00, 0x00, 0x00, 0x00, 0x00, 0x00, 0x00, 0x00, 0x00, 0x00, 0x00,
  0x00, 0x00, 0x49, 0x49, 0x49, 0x49, 0x49, 0x49, 0xb7, 0x9b, 0xb7, 0x9b, 0xb7, 0x9b, 0xb7, 0x9b,
  0xb7, 0x9b, 0xb7, 0x9b, 0x74, 0x5a, 0x74, 0x5a, 0x74, 0x5a, 0xdf, 0xff, 0xdf, 0xff, 0xdf, 0xff,
  0xdf, 0xff, 0xdf, 0xff, 0xdf, 0xff, 0xdf, 0xff, 0xdf, 0xff, 0xdf, 0xff, 0xdf, 0xff, 0xdf, 0xff,
  0xdf, 0xff, 0x2f, 0x6b, 0x2f, 0x6b, 0x2f, 0x6b, 0xdf, 0xff, 0xdf, 0xff, 0xdf, 0xff, 0xdf, 0xff,
  0xdf, 0xff, 0xdf, 0xff, 0xdf, 0xff, 0xdf, 0xff, 0xdf, 0xff, 0xdf, 0xff, 0xdf, 0xff, 0xdf, 0xff,
  0x2f, 0x6b, 0x2f, 0x6b, 0x2f, 0x6b, 0xdf, 0xff, 0xdf, 0xff, 0xdf, 0xff, 0xdf, 0xff, 0xdf, 0xff,
  0xdf, 0xff, 0xdf, 0xff, 0xdf, 0xff, 0xdf, 0xff, 0x49, 0x49, 0x49, 0x49, 0x49, 0x49, 0x49, 0x49,
  0x49, 0x49, 0x49, 0x49, 0xb7, 0x9b, 0xb7, 0x9b, 0xb7, 0x9b, 0xb7, 0x9b, 0xb7, 0x9b, 0xb7, 0x9b,
  0xb7, 0x9b, 0xb7, 0x9b, 0xb7, 0x9b, 0xb7, 0x9b, 0xb7, 0x9b, 0xb7, 0x9b, 0xb7, 0x9b, 0xb7, 0x9b,
  0x35, 0x7b, 0x35, 0x7b, 0x35, 0x7b, 0x74, 0x5a, 0x74, 0x5a, 0x74, 0x5a, 0x74, 0x5a, 0x74, 0x5a,
  0x74, 0x5a, 0x74, 0x5a, 0x74, 0x5a, 0x74, 0x5a, 0xb7, 0x9b, 0xb7, 0x9b, 0xb7, 0x9b, 0xb7, 0x9b,
  0xb7, 0x9b, 0xb7, 0x9b, 0xb7, 0x9b, 0xb7, 0x9b, 0xb7, 0x9b, 0xb7, 0x9b, 0xb7, 0x9b, 0xb7, 0x9b,
  0xb7, 0x9b, 0xb7, 0x9b, 0xb7, 0x9b, 0xb7, 0x9b, 0xb7, 0x9b, 0xb7, 0x9b, 0x49, 0x49, 0x49, 0x49,
  0x49, 0x49, 0x49, 0x49, 0x49, 0x49, 0x49, 0x49, 0x74, 0x5a, 0x74, 0x5a, 0x74, 0x5a, 0x74, 0x5a,
  0x74, 0x5a, 0x74, 0x5a, 0x49, 0x49, 0x49, 0x49, 0x49, 0x49, 0x00, 0x00, 0x00, 0x00, 0x00, 0x00,
  0x00, 0x00, 0x00, 0x00, 0x00, 0x00, 0x00, 0x00, 0x00, 0x00, 0x00, 0x00, 0x00, 0x00, 0x00, 0x00,
  0x00, 0x00, 0x00, 0x00, 0x00, 0x00, 0x00, 0x00, 0x00, 0x00, 0x00, 0x00, 0x00, 0x00, 0x00, 0x00,
  0x00, 0x00, 0x00, 0x00, 0x00, 0x00, 0x00, 0x00, 0x00, 0x00, 0x00, 0x00, 0x00, 0x00, 0x00, 0x00,
  0x00, 0x00, 0x00, 0x00, 0x00, 0x00, 0x00, 0x00, 0x00, 0x00, 0x00, 0x00, 0x00, 0x00, 0x00, 0x00,
  0x00, 0x00, 0x00, 0x00, 0x00, 0x00, 0x00, 0x00, 0x00, 0x00, 0x00, 0x00, 0x00, 0x00, 0x00, 0x00,
  0x00, 0x00, 0x00, 0x00, 0x00, 0x00, 0x00, 0x00, 0x00, 0x00, 0x00, 0x00, 0x00, 0x00, 0x00, 0x00,
  0x00, 0x00, 0x00, 0x00, 0x00, 0x00, 0x00, 0x00, 0x00, 0x00, 0x00, 0x00, 0x00, 0x00, 0x00, 0x00,
  0x00, 0x00, 0x00, 0x00, 0x00, 0x00, 0x00, 0x00, 0x00, 0x00, 0x00, 0x00, 0x00, 0x00, 0x00, 0x00,
  0x00, 0x00, 0x00, 0x00, 0x00, 0x00, 0x00, 0x00, 0x00, 0x00, 0x00, 0x00, 0x00, 0x00, 0x00, 0x00,
  0x00, 0x00, 0x00, 0x00, 0x00, 0x00, 0x00, 0x00, 0x00, 0x00, 0x00, 0x00, 0x00, 0x00, 0x00, 0x00,
  0x00, 0x00, 0x00, 0x00, 0x00, 0x00, 0x00, 0x00, 0x00, 0x00, 0x00, 0x00, 0x00, 0x00, 0x00, 0x00,
  0x00, 0x00, 0x00, 0x00, 0x00, 0x00, 0x00, 0x00, 0x00, 0x00, 0x00, 0x00, 0x00, 0x00, 0x00, 0x00,
  0x00, 0x00, 0x00, 0x00, 0x00, 0x00, 0x00, 0x00, 0x00, 0x00, 0x82, 0x10, 0x82, 0x10, 0x82, 0x10,
  0xb7, 0x9b, 0xb7, 0x9b, 0xb7, 0x9b, 0xb7, 0x9b, 0xb7, 0x9b, 0xb7, 0x9b, 0xb7, 0x9b, 0xb7, 0x9b,
  0xb7, 0x9b, 0x49, 0x49, 0x49, 0x49, 0x49, 0x49, 0xdf, 0xff, 0xdf, 0xff, 0xdf, 0xff, 0xdf, 0xff,
  0xdf, 0xff, 0xdf, 0xff, 0xdf, 0xff, 0xdf, 0xff, 0xdf, 0xff, 0x2f, 0x6b, 0x2f, 0x6b, 0x2f, 0x6b,
  0xdf, 0xff, 0xdf, 0xff, 0xdf, 0xff, 0xdf, 0xff, 0xdf, 0xff, 0xdf, 0xff, 0xdf, 0xff, 0xdf, 0xff,
  0xdf, 0xff, 0xdf, 0xff, 0xdf, 0xff, 0xdf, 0xff, 0x2f, 0x6b, 0x2f, 0x6b, 0x2f, 0x6b, 0xdf, 0xff,
  0xdf, 0xff, 0xdf, 0xff, 0x49, 0x49, 0x49, 0x49, 0x49, 0x49, 0x49, 0x49, 0x49, 0x49, 0x49, 0x49,
  0xb7, 0x9b, 0xb7, 0x9b, 0xb7, 0x9b, 0xb7, 0x9b, 0xb7, 0x9b, 0xb7, 0x9b, 0xb7, 0x9b, 0xb7, 0x9b,
  0xb7, 0x9b, 0xb7, 0x9b, 0xb7, 0x9b, 0xb7, 0x9b, 0xb7, 0x9b, 0xb7, 0x9b, 0xb7, 0x9b, 0xb7, 0x9b,
  0xb7, 0x9b, 0xb7, 0x9b, 0x35, 0x7b, 0x35, 0x7b, 0x74, 0x5a, 0x74, 0x5a, 0x74, 0x5a, 0x74, 0x5a,
  0x74, 0x5a, 0x74, 0x5a, 0x74, 0x5a, 0x74, 0x5a, 0x74, 0x5a, 0xb7, 0x9b, 0xb7, 0x9b, 0xb7, 0x9b,
  0xb7, 0x9b, 0xb7, 0x9b, 0xb7, 0x9b, 0xb7, 0x9b, 0xb7, 0x9b, 0xb7, 0x9b, 0xb7, 0x9b, 0xb7, 0x9b,
  0xb7, 0x9b, 0xb7, 0x9b, 0xb7, 0x9b, 0xb7, 0x9b, 0xb7, 0x9b, 0xb7, 0x9b, 0xb7, 0x9b, 0xb7, 0x9b,
  0xb7, 0x9b, 0xb7, 0x9b, 0xb7, 0x9b, 0xb7, 0x9b, 0xb7, 0x9b, 0x82, 0x10, 0x82, 0x10, 0x82, 0x10,
  0x74, 0x5a, 0x74, 0x5a, 0x74, 0x5a, 0x74, 0x5a, 0x74, 0x5a, 0x74, 0x5a, 0x74, 0x5a, 0x74, 0x5a,
  0x74, 0x5a, 0x49, 0x49, 0x49, 0x49, 0x49, 0x49, 0x49, 0x49, 0x49, 0x49, 0x49, 0x49, 0x00, 0x00,
  0x00, 0x00, 0x00, 0x00, 0x00, 0x00, 0x00, 0x00, 0x00, 0x00, 0x00, 0x00, 0x00, 0x00, 0x00, 0x00,
  0x00, 0x00, 0x00, 0x00, 0x00, 0x00, 0x00, 0x00, 0x00, 0x00, 0x00, 0x00, 0x00, 0x00, 0x00, 0x00,
  0x00, 0x00, 0x00, 0x00, 0x00, 0x00, 0x00, 0x00, 0x00, 0x00, 0x00, 0x00, 0x00, 0x00, 0x00, 0x00,
  0x00, 0x00, 0x00, 0x00, 0x00, 0x00, 0x00, 0x00, 0x00, 0x00, 0x00, 0x00, 0x00, 0x00, 0x00, 0x00,
  0x00, 0x00, 0x00, 0x00, 0x00, 0x00, 0x00, 0x00, 0x00, 0x00, 0x00, 0x00, 0x00, 0x00, 0x00, 0x00,
  0x00, 0x00, 0x00, 0x00, 0x00, 0x00, 0x00, 0x00, 0x00, 0x00, 0x00, 0x00, 0x00, 0x00, 0x00, 0x00,
  0x00, 0x00, 0x00, 0x00, 0x00, 0x00, 0x00, 0x00, 0x00, 0x00, 0x00, 0x00, 0x00, 0x00, 0x00, 0x00,
  0x00, 0x00, 0x00, 0x00, 0x00, 0x00, 0x00, 0x00, 0x00, 0x00, 0x00, 0x00, 0x00, 0x00, 0x00, 0x00,
  0x00, 0x00, 0x00, 0x00, 0x00, 0x00, 0x00, 0x00, 0x00, 0x00, 0x00, 0x00, 0x00, 0x00, 0x00, 0x00,
  0x00, 0x00, 0x00, 0x00, 0x00, 0x00, 0x00, 0x00, 0x00, 0x00, 0x00, 0x00, 0x00, 0x00, 0x00, 0x00,
  0x00, 0x00, 0x00, 0x00, 0x00, 0x00, 0x00, 0x00, 0x00, 0x00, 0x00, 0x00, 0x00, 0x00, 0x00, 0x00,
  0x00, 0x00, 0x00, 0x00, 0x00, 0x00, 0x00, 0x00, 0x00, 0x00, 0x00, 0x00, 0x00, 0x00, 0x00, 0x00,
  0x00, 0x00, 0x82, 0x10, 0x82, 0x10, 0x82, 0x10, 0xb7, 0x9b, 0xb7, 0x9b, 0xb7, 0x9b, 0xb7, 0x9b,
  0xb7, 0x9b, 0xb7, 0x9b, 0xb7, 0x9b, 0xb7, 0x9b, 0xb7, 0x9b, 0x49, 0x49, 0x49, 0x49, 0x49, 0x49,
  0xdf, 0xff, 0xdf, 0xff, 0xdf, 0xff, 0xdf, 0xff, 0xdf, 0xff, 0xdf, 0xff, 0xdf, 0xff, 0xdf, 0xff,
  0xdf, 0xff, 0x2f, 0x6b, 0x2f, 0x6b, 0x2f, 0x6b, 0xdf, 0xff, 0xdf, 0xff, 0xdf, 0xff, 0xdf, 0xff,
  0xdf, 0xff, 0xdf, 0xff, 0xdf, 0xff, 0xdf, 0xff, 0xdf, 0xff, 0xdf, 0xff, 0xdf, 0xff, 0xdf, 0xff,
  0x2f, 0x6b, 0x2f, 0x6b, 0x2f, 0x6b, 0xdf, 0xff, 0xdf, 0xff, 0xdf, 0xff, 0x49, 0x49, 0x49, 0x49,
  0x49, 0x49, 0x49, 0x49, 0x49, 0x49, 0x49, 0x49, 0xb7, 0x9b, 0xb7, 0x9b, 0xb7, 0x9b, 0xb7, 0x9b,
  0xb7, 0x9b, 0xb7, 0x9b, 0xb7, 0x9b, 0xb7, 0x9b, 0xb7, 0x9b, 0xb7, 0x9b, 0xb7, 0x9b, 0xb7, 0x9b,
  0xb7, 0x9b, 0xb7, 0x9b, 0xb7, 0x9b, 0xb7, 0x9b, 0xb7, 0x9b, 0xb7, 0x9b, 0x35, 0x7b, 0x35, 0x7b,
  0x74, 0x5a, 0x74, 0x5a, 0x74, 0x5a, 0x74, 0x5a, 0x74, 0x5a, 0x74, 0x5a, 0x74, 0x5a, 0x74, 0x5a,
  0x74, 0x5a, 0xb7, 0x9b, 0xb7, 0x9b, 0xb7, 0x9b, 0xb7, 0x9b, 0xb7, 0x9b, 0xb7, 0x9b, 0xb7, 0x9b,
  0xb7, 0x9b, 0xb7, 0x9b, 0xb7, 0x9b, 0xb7, 0x9b, 0xb7, 0x9b, 0xb7, 0x9b, 0xb7, 0x9b, 0xb7, 0x9b,
  0xb7, 0x9b, 0xb7, 0x9b, 0xb7, 0x9b, 0xb7, 0x9b, 0xb7, 0x9b, 0xb7, 0x9b, 0xb7, 0x9b, 0xb7, 0x9b,
  0xb7, 0x9b, 0x82, 0x10, 0x82, 0x10, 0x82, 0x10, 0x74, 0x5a, 0x74, 0x5a, 0x74, 0x5a, 0x74, 0x5a,
  0x74, 0x5a, 0x74, 0x5a, 0x74, 0x5a, 0x74, 0x5a, 0x74, 0x5a, 0x49, 0x49, 0x49, 0x49, 0x49, 0x49,
  0x49, 0x49, 0x49, 0x49, 0x49, 0x49, 0x00, 0x00, 0x00, 0x00, 0x00, 0x00, 0x00, 0x00, 0x00, 0x00,
  0x00, 0x00, 0x00, 0x00, 0x00, 0x00, 0x00, 0x00, 0x00, 0x00, 0x00, 0x00, 0x00, 0x00, 0x00, 0x00,
  0x00, 0x00, 0x00, 0x00, 0x00, 0x00, 0x00, 0x00, 0x00, 0x00, 0x00, 0x00, 0x00, 0x00, 0x00, 0x00,
  0x00, 0x00, 0x00, 0x00, 0x00, 0x00, 0x00, 0x00, 0x00, 0x00, 0x00, 0x00, 0x00, 0x00, 0x00, 0x00,
  0x00, 0x00, 0x00, 0x00, 0x00, 0x00, 0x00, 0x00, 0x00, 0x00, 0x00, 0x00, 0x00, 0x00, 0x00, 0x00,
  0x00, 0x00, 0x00, 0x00, 0x00, 0x00, 0x00, 0x00, 0x00, 0x00, 0x00, 0x00, 0x00, 0x00, 0x00, 0x00,
  0x00, 0x00, 0x00, 0x00, 0x00, 0x00, 0x00, 0x00, 0x00, 0x00, 0x00, 0x00, 0x00, 0x00, 0x00, 0x00,
  0x00, 0x00, 0x00, 0x00, 0x00, 0x00, 0x00, 0x00, 0x00, 0x00, 0x00, 0x00, 0x00, 0x00, 0x00, 0x00,
  0x00, 0x00, 0x00, 0x00, 0x00, 0x00, 0x00, 0x00, 0x00, 0x00, 0x00, 0x00, 0x00, 0x00, 0x00, 0x00,
  0x00, 0x00, 0x00, 0x00, 0x00, 0x00, 0x00, 0x00, 0x00, 0x00, 0x00, 0x00, 0x00, 0x00, 0x00, 0x00,
  0x00, 0x00, 0x00, 0x00, 0x00, 0x00, 0x00, 0x00, 0x00, 0x00, 0x00, 0x00, 0x00, 0x00, 0x00, 0x00,
  0x00, 0x00, 0x00, 0x00, 0x00, 0x00, 0x00, 0x00, 0x00, 0x00, 0x00, 0x00, 0x00, 0x00, 0x00, 0x00,
  0x00, 0x00, 0x00, 0x00, 0x00, 0x00, 0x00, 0x00, 0x00, 0x00, 0x82, 0x10, 0x82, 0x10, 0x82, 0x10,
  0xb7, 0x9b, 0xb7, 0x9b, 0xb7, 0x9b, 0xb7, 0x9b, 0xb7, 0x9b, 0xb7, 0x9b, 0xb7, 0x9b, 0xb7, 0x9b,
  0xb7, 0x9b, 0x49, 0x49, 0x49, 0x49, 0x49, 0x49, 0xdf, 0xff, 0xdf, 0xff, 0xdf, 0xff, 0xdf, 0xff,
  0xdf, 0xff, 0xdf, 0xff, 0xdf, 0xff, 0xdf, 0xff, 0xdf, 0xff, 0x2f, 0x6b, 0x2f, 0x6b, 0x2f, 0x6b,
  0xdf, 0xff, 0xdf, 0xff, 0xdf, 0xff, 0xdf, 0xff, 0xdf, 0xff, 0xdf, 0xff, 0xdf, 0xff, 0xdf, 0xff,
  0xdf, 0xff, 0xdf, 0xff, 0xdf, 0xff, 0xdf, 0xff, 0x2f, 0x6b, 0x2f, 0x6b, 0x2f, 0x6b, 0xdf, 0xff,
  0xdf, 0xff, 0xdf, 0xff, 0x49, 0x49, 0x49, 0x49, 0x49, 0x49, 0x49, 0x49, 0x49, 0x49, 0x49, 0x49,
  0xb7, 0x9b, 0xb7, 0x9b, 0xb7, 0x9b, 0xb7, 0x9b, 0xb7, 0x9b, 0xb7, 0x9b, 0xb7, 0x9b, 0xb7, 0x9b,
  0xb7, 0x9b, 0xb7, 0x9b, 0xb7, 0x9b, 0xb7, 0x9b, 0xb7, 0x9b, 0xb7, 0x9b, 0xb7, 0x9b, 0xb7, 0x9b,
  0xb7, 0x9b, 0xb7, 0x9b, 0x35, 0x7b, 0x35, 0x7b, 0x74, 0x5a, 0x74, 0x5a, 0x74, 0x5a, 0x74, 0x5a,
  0x74, 0x5a, 0x74, 0x5a, 0x74, 0x5a, 0x74, 0x5a, 0x74, 0x5a, 0xb7, 0x9b, 0xb7, 0x9b, 0xb7, 0x9b,
  0xb7, 0x9b, 0xb7, 0x9b, 0xb7, 0x9b, 0xb7, 0x9b, 0xb7, 0x9b, 0xb7, 0x9b, 0xb7, 0x9b, 0xb7, 0x9b,
  0xb7, 0x9b, 0xb7, 0x9b, 0xb7, 0x9b, 0xb7, 0x9b, 0xb7, 0x9b, 0xb7, 0x9b, 0xb7, 0x9b, 0xb7, 0x9b,
  0xb7, 0x9b, 0xb7, 0x9b, 0xb7, 0x9b, 0xb7, 0x9b, 0xb7, 0x9b, 0x82, 0x10, 0x82, 0x10, 0x82, 0x10,
  0x74, 0x5a, 0x74, 0x5a, 0x74, 0x5a, 0x74, 0x5a, 0x74, 0x5a, 0x74, 0x5a, 0x74, 0x5a, 0x74, 0x5a,
  0x74, 0x5a, 0x49, 0x49, 0x49, 0x49, 0x49, 0x49, 0x49, 0x49, 0x49, 0x49, 0x49, 0x49, 0x00, 0x00,
  0x00, 0x00, 0x00, 0x00, 0x00, 0x00, 0x00, 0x00, 0x00, 0x00, 0x00, 0x00, 0x00, 0x00, 0x00, 0x00,
  0x00, 0x00, 0x00, 0x00, 0x00, 0x00, 0x00, 0x00, 0x00, 0x00, 0x00, 0x00, 0x00, 0x00, 0x00, 0x00,
  0x00, 0x00, 0x00, 0x00, 0x00, 0x00, 0x00, 0x00, 0x00, 0x00, 0x00, 0x00, 0x00, 0x00, 0x00, 0x00,
  0x00, 0x00, 0x00, 0x00, 0x00, 0x00, 0x00, 0x00, 0x00, 0x00, 0x00, 0x00, 0x00, 0x00, 0x00, 0x00,
  0x00, 0x00, 0x00, 0x00, 0x00, 0x00, 0x00, 0x00, 0x00, 0x00, 0x00, 0x00, 0x00, 0x00, 0x00, 0x00,
  0x00, 0x00, 0x00, 0x00, 0x00, 0x00, 0x00, 0x00, 0x00, 0x00, 0x00, 0x00, 0x00, 0x00, 0x00, 0x00,
  0x00, 0x00, 0x00, 0x00, 0x00, 0x00, 0x00, 0x00, 0x00, 0x00, 0x00, 0x00, 0x00, 0x00, 0x00, 0x00,
  0x00, 0x00, 0x00, 0x00, 0x00, 0x00, 0x00, 0x00, 0x00, 0x00, 0x00, 0x00, 0x00, 0x00, 0x00, 0x00,
  0x00, 0x00, 0x00, 0x00, 0x00, 0x00, 0x00, 0x00, 0x00, 0x00, 0x00, 0x00, 0x00, 0x00, 0x00, 0x00,
  0x00, 0x00, 0x00, 0x00, 0x00, 0x00, 0x00, 0x00, 0x00, 0x00, 0x00, 0x00, 0x00, 0x00, 0x00, 0x00,
  0x00, 0x00, 0x00, 0x00, 0x00, 0x00, 0x00, 0x00, 0x00, 0x00, 0x00, 0x00, 0x00, 0x00, 0x00, 0x00,
  0x00, 0x00, 0x00, 0x00, 0x00, 0x00, 0x00, 0x00, 0x00, 0x00, 0x00, 0x00, 0x00, 0x00, 0x00, 0x00,
  0x00, 0x00, 0x00, 0x00, 0x00, 0x00, 0x00, 0x00, 0x49, 0x49, 0x49, 0x49, 0x49, 0x49, 0xb7, 0x9b,
  0xb7, 0x9b, 0xb7, 0x9b, 0xb7, 0x9b, 0xb7, 0x9b, 0xb7, 0x9b, 0xb7, 0x9b, 0xb7, 0x9b, 0xb7, 0x9b,
  0x49, 0x49, 0x49, 0x49, 0x49, 0x49, 0x49, 0x49, 0x49, 0x49, 0x49, 0x49, 0xdf, 0xff, 0xdf, 0xff,
  0xdf, 0xff, 0x2f, 0x6b, 0x2f, 0x6b, 0x2f, 0x6b, 0xdf, 0xff, 0xdf, 0xff, 0xdf, 0xff, 0xdf, 0xff,
  0xdf, 0xff, 0x49, 0x49, 0x49, 0x49, 0x49, 0x49, 0x49, 0x49, 0x49, 0x49, 0x49, 0x49, 0x49, 0x49,
  0x49, 0x49, 0x49, 0x49, 0x49, 0x49, 0x49, 0x49, 0x49, 0x49, 0x49, 0x49, 0xb7, 0x9b, 0xb7, 0x9b,
  0xb7, 0x9b, 0xb7, 0x9b, 0xb7, 0x9b, 0xb7, 0x9b, 0xb7, 0x9b, 0xb7, 0x9b, 0xb7, 0x9b, 0xb7, 0x9b,
  0xb7, 0x9b, 0xb7, 0x9b, 0xb7, 0x9b, 0xb7, 0x9b, 0xb7, 0x9b, 0xb7, 0x9b, 0xb7, 0x9b, 0xb7, 0x9b,
  0xb7, 0x9b, 0xb7, 0x9b, 0x35, 0x7b, 0x35, 0x7b, 0x35, 0x7b, 0x35, 0x7b, 0x74, 0x5a, 0x74, 0x5a,
  0x74, 0x5a, 0x74, 0x5a, 0x74, 0x5a, 0x74, 0x5a, 0x74, 0x5a, 0x74, 0x5a, 0xb7, 0x9b, 0xb7, 0x9b,
  0xb7, 0x9b, 0xb7, 0x9b, 0xb7, 0x9b, 0xb7, 0x9b, 0xb7, 0x9b, 0xb7, 0x9b, 0xb7, 0x9b, 0xb7, 0x9b,
  0xb7, 0x9b, 0xb7, 0x9b, 0xb7, 0x9b, 0xb7, 0x9b, 0xb7, 0x9b, 0xb7, 0x9b, 0xb7, 0x9b, 0xb7, 0x9b,
  0x78, 0xbc, 0x78, 0xbc, 0x78, 0xbc, 0x78, 0xbc, 0x78, 0xbc, 0x78, 0xbc, 0xb7, 0x9b, 0xb7, 0x9b,
  0xb7, 0x9b, 0xb7, 0x9b, 0xb7, 0x9b, 0xb7, 0x9b, 0x82, 0x10, 0x82, 0x10, 0x82, 0x10, 0x74, 0x5a,
  0x74, 0x5a, 0x74, 0x5a, 0x74, 0x5a, 0x74, 0x5a, 0x74, 0x5a, 0x74, 0x5a, 0x74, 0x5a, 0x74, 0x5a,
  0x74, 0x5a, 0x74, 0x5a, 0x74, 0x5a, 0x74, 0x5a, 0x74, 0x5a, 0x74, 0x5a, 0x00, 0x00, 0x00, 0x00,
  0x00, 0x00, 0x00, 0x00, 0x00, 0x00, 0x00, 0x00, 0x00, 0x00, 0x00, 0x00, 0x00, 0x00, 0x00, 0x00,
  0x00, 0x00, 0x00, 0x00, 0x00, 0x00, 0x00, 0x00, 0x00, 0x00, 0x00, 0x00, 0x00, 0x00, 0x00, 0x00,
  0x00, 0x00, 0x00, 0x00, 0x00, 0x00, 0x00, 0x00, 0x00, 0x00, 0x00, 0x00, 0x00, 0x00, 0x00, 0x00,
  0x00, 0x00, 0x00, 0x00, 0x00, 0x00, 0x00, 0x00, 0x00, 0x00, 0x00, 0x00, 0x00, 0x00, 0x00, 0x00,
  0x00, 0x00, 0x00, 0x00, 0x00, 0x00, 0x00, 0x00, 0x00, 0x00, 0x00, 0x00, 0x00, 0x00, 0x00, 0x00,
  0x00, 0x00, 0x00, 0x00, 0x00, 0x00, 0x00, 0x00, 0x00, 0x00, 0x00, 0x00, 0x00, 0x00, 0x00, 0x00,
  0x00, 0x00, 0x00, 0x00, 0x00, 0x00, 0x00, 0x00, 0x00, 0x00, 0x00, 0x00, 0x00, 0x00, 0x00, 0x00,
  0x00, 0x00, 0x00, 0x00, 0x00, 0x00, 0x00, 0x00, 0x00, 0x00, 0x00, 0x00, 0x00, 0x00, 0x00, 0x00,
  0x00, 0x00, 0x00, 0x00, 0x00, 0x00, 0x00, 0x00, 0x00, 0x00, 0x00, 0x00, 0x00, 0x00, 0x00, 0x00,
  0x00, 0x00, 0x00, 0x00, 0x00, 0x00, 0x00, 0x00, 0x00, 0x00, 0x00, 0x00, 0x00, 0x00, 0x00, 0x00,
  0x00, 0x00, 0x00, 0x00, 0x00, 0x00, 0x00, 0x00, 0x00, 0x00, 0x00, 0x00, 0x00, 0x00, 0x00, 0x00,
  0x00, 0x00, 0x00, 0x00, 0x00, 0x00, 0x00, 0x00, 0x00, 0x00, 0x00, 0x00, 0x00, 0x00, 0x00, 0x00,
  0x49, 0x49, 0x49, 0x49, 0x49, 0x49, 0xb7, 0x9b, 0xb7, 0x9b, 0xb7, 0x9b, 0xb7, 0x9b, 0xb7, 0x9b,
  0xb7, 0x9b, 0xb7, 0x9b, 0xb7, 0x9b, 0xb7, 0x9b, 0x49, 0x49, 0x49, 0x49, 0x49, 0x49, 0x49, 0x49,
  0x49, 0x49, 0x49, 0x49, 0xdf, 0xff, 0xdf, 0xff, 0xdf, 0xff, 0x2f, 0x6b, 0x2f, 0x6b, 0x2f, 0x6b,
  0xdf, 0xff, 0xdf, 0xff, 0xdf, 0xff, 0xdf, 0xff, 0xdf, 0xff, 0x49, 0x49, 0x49, 0x49, 0x49, 0x49,
  0x49, 0x49, 0x49, 0x49, 0x49, 0x49, 0x49, 0x49, 0x49, 0x49, 0x49, 0x49, 0x49, 0x49, 0x49, 0x49,
  0x49, 0x49, 0x49, 0x49, 0xb7, 0x9b, 0xb7, 0x9b, 0xb7, 0x9b, 0xb7, 0x9b, 0xb7, 0x9b, 0xb7, 0x9b,
  0xb7, 0x9b, 0xb7, 0x9b, 0xb7, 0x9b, 0xb7, 0x9b, 0xb7, 0x9b, 0xb7, 0x9b, 0xb7, 0x9b, 0xb7, 0x9b,
  0xb7, 0x9b, 0xb7, 0x9b, 0xb7, 0x9b, 0xb7, 0x9b, 0xb7, 0x9b, 0xb7, 0x9b, 0x35, 0x7b, 0x35, 0x7b,
  0x35, 0x7b, 0x35, 0x7b, 0x74, 0x5a, 0x74, 0x5a, 0x74, 0x5a, 0x74, 0x5a, 0x74, 0x5a, 0x74, 0x5a,
  0x74, 0x5a, 0x74, 0x5a, 0xb7, 0x9b, 0xb7, 0x9b, 0xb7, 0x9b, 0xb7, 0x9b, 0xb7, 0x9b, 0xb7, 0x9b,
  0xb7, 0x9b, 0xb7, 0x9b, 0xb7, 0x9b, 0xb7, 0x9b, 0xb7, 0x9b, 0xb7, 0x9b, 0xb7, 0x9b, 0xb7, 0x9b,
  0xb7, 0x9b, 0xb7, 0x9b, 0xb7, 0x9b, 0xb7, 0x9b, 0x78, 0xbc, 0x78, 0xbc, 0x78, 0xbc, 0x78, 0xbc,
  0x78, 0xbc, 0x78, 0xbc, 0xb7, 0x9b, 0xb7, 0x9b, 0xb7, 0x9b, 0xb7, 0x9b, 0xb7, 0x9b, 0xb7, 0x9b,
  0x82, 0x10, 0x82, 0x10, 0x82, 0x10, 0x74, 0x5a, 0x74, 0x5a, 0x74, 0x5a, 0x74, 0x5a, 0x74, 0x5a,
  0x74, 0x5a, 0x74, 0x5a, 0x74, 0x5a, 0x74, 0x5a, 0x74, 0x5a, 0x74, 0x5a, 0x74, 0x5a, 0x74, 0x5a,
  0x74, 0x5a, 0x74, 0x5a, 0x00, 0x00, 0x00, 0x00, 0x00, 0x00, 0x00, 0x00, 0x00, 0x00, 0x00, 0x00,
  0x00, 0x00, 0x00, 0x00, 0x00, 0x00, 0x00, 0x00, 0x00, 0x00, 0x00, 0x00, 0x00, 0x00, 0x00, 0x00,
  0x00, 0x00, 0x00, 0x00, 0x00, 0x00, 0x00, 0x00, 0x00, 0x00, 0x00, 0x00, 0x00, 0x00, 0x00, 0x00,
  0x00, 0x00, 0x00, 0x00, 0x00, 0x00, 0x00, 0x00, 0x00, 0x00, 0x00, 0x00, 0x00, 0x00, 0x00, 0x00,
  0x00, 0x00, 0x00, 0x00, 0x00, 0x00, 0x00, 0x00, 0x00, 0x00, 0x00, 0x00, 0x00, 0x00, 0x00, 0x00,
  0x00, 0x00, 0x00, 0x00, 0x00, 0x00, 0x00, 0x00, 0x00, 0x00, 0x00, 0x00, 0x00, 0x00, 0x00, 0x00,
  0x00, 0x00, 0x00, 0x00, 0x00, 0x00, 0x00, 0x00, 0x00, 0x00, 0x00, 0x00, 0x00, 0x00, 0x00, 0x00,
  0x00, 0x00, 0x00, 0x00, 0x00, 0x00, 0x00, 0x00, 0x00, 0x00, 0x00, 0x00, 0x00, 0x00, 0x00, 0x00,
  0x00, 0x00, 0x00, 0x00, 0x00, 0x00, 0x00, 0x00, 0x00, 0x00, 0x00, 0x00, 0x00, 0x00, 0x00, 0x00,
  0x00, 0x00, 0x00, 0x00, 0x00, 0x00, 0x00, 0x00, 0x00, 0x00, 0x00, 0x00, 0x00, 0x00, 0x00, 0x00,
  0x00, 0x00, 0x00, 0x00, 0x00, 0x00, 0x00, 0x00, 0x00, 0x00, 0x00, 0x00, 0x00, 0x00, 0x00, 0x00,
  0x00, 0x00, 0x00, 0x00, 0x00, 0x00, 0x00, 0x00, 0x00, 0x00, 0x00, 0x00, 0x00, 0x00, 0x00, 0x00,
  0x00, 0x00, 0x00, 0x00, 0x00, 0x00, 0x00, 0x00, 0x49, 0x49, 0x49, 0x49, 0x49, 0x49, 0xb7, 0x9b,
  0xb7, 0x9b, 0xb7, 0x9b, 0xb7, 0x9b, 0xb7, 0x9b, 0xb7, 0x9b, 0xb7, 0x9b, 0xb7, 0x9b, 0xb7, 0x9b,
  0x49, 0x49, 0x49, 0x49, 0x49, 0x49, 0x49, 0x49, 0x49, 0x49, 0x49, 0x49, 0xdf, 0xff, 0xdf, 0xff,
  0xdf, 0xff, 0x2f, 0x6b, 0x2f, 0x6b, 0x2f, 0x6b, 0xdf, 0xff, 0xdf, 0xff, 0xdf, 0xff, 0xdf, 0xff,
  0xdf, 0xff, 0x49, 0x49, 0x49, 0x49, 0x49, 0x49, 0x49, 0x49, 0x49, 0x49, 0x49, 0x49, 0x49, 0x49,
  0x49, 0x49, 0x49, 0x49, 0x49, 0x49, 0x49, 0x49, 0x49, 0x49, 0x49, 0x49, 0xb7, 0x9b, 0xb7, 0x9b,
  0xb7, 0x9b, 0xb7, 0x9b, 0xb7, 0x9b, 0xb7, 0x9b, 0xb7, 0x9b, 0xb7, 0x9b, 0xb7, 0x9b, 0xb7, 0x9b,
  0xb7, 0x9b, 0xb7, 0x9b, 0xb7, 0x9b, 0xb7, 0x9b, 0xb7, 0x9b, 0xb7, 0x9b, 0xb7, 0x9b, 0xb7, 0x9b,
  0xb7, 0x9b, 0xb7, 0x9b, 0x35, 0x7b, 0x35, 0x7b, 0x35, 0x7b, 0x35, 0x7b, 0x74, 0x5a, 0x74, 0x5a,
  0x74, 0x5a, 0x74, 0x5a, 0x74, 0x5a, 0x74, 0x5a, 0x74, 0x5a, 0x74, 0x5a, 0xb7, 0x9b, 0xb7, 0x9b,
  0xb7, 0x9b, 0xb7, 0x9b, 0xb7, 0x9b, 0xb7, 0x9b, 0xb7, 0x9b, 0xb7, 0x9b, 0xb7, 0x9b, 0xb7, 0x9b,
  0xb7, 0x9b, 0xb7, 0x9b, 0xb7, 0x9b, 0xb7, 0x9b, 0xb7, 0x9b, 0xb7, 0x9b, 0xb7, 0x9b, 0xb7, 0x9b,
  0x78, 0xbc, 0x78, 0xbc, 0x78, 0xbc, 0x78, 0xbc, 0x78, 0xbc, 0x78, 0xbc, 0xb7, 0x9b, 0xb7, 0x9b,
  0xb7, 0x9b, 0xb7, 0x9b, 0xb7, 0x9b, 0xb7, 0x9b, 0x82, 0x10, 0x82, 0x10, 0x82, 0x10, 0x74, 0x5a,
  0x74, 0x5a, 0x74, 0x5a, 0x74, 0x5a, 0x74, 0x5a, 0x74, 0x5a, 0x74, 0x5a, 0x74, 0x5a, 0x74, 0x5a,
  0x74, 0x5a, 0x74, 0x5a, 0x74, 0x5a, 0x74, 0x5a, 0x74, 0x5a, 0x74, 0x5a, 0x00, 0x00, 0x00, 0x00,
  0x00, 0x00, 0x00, 0x00, 0x00, 0x00, 0x00, 0x00, 0x00, 0x00, 0x00, 0x00, 0x00, 0x00, 0x00, 0x00,
  0x00, 0x00, 0x00, 0x00, 0x00, 0x00, 0x00, 0x00, 0x00, 0x00, 0x00, 0x00, 0x00, 0x00, 0x00, 0x00,
  0x00, 0x00, 0x00, 0x00, 0x00, 0x00, 0x00, 0x00, 0x00, 0x00, 0x00, 0x00, 0x00, 0x00, 0x00, 0x00,
  0x00, 0x00, 0x00, 0x00, 0x00, 0x00, 0x00, 0x00, 0x00, 0x00, 0x00, 0x00, 0x00, 0x00, 0x00, 0x00,
  0x00, 0x00, 0x00, 0x00, 0x00, 0x00, 0x00, 0x00, 0x00, 0x00, 0x00, 0x00, 0x00, 0x00, 0x00, 0x00,
  0x00, 0x00, 0x00, 0x00, 0x00, 0x00, 0x00, 0x00, 0x00, 0x00, 0x00, 0x00, 0x00, 0x00, 0x00, 0x00,
  0x00, 0x00, 0x00, 0x00, 0x00, 0x00, 0x00, 0x00, 0x00, 0x00, 0x00, 0x00, 0x00, 0x00, 0x00, 0x00,
  0x00, 0x00, 0x00, 0x00, 0x00, 0x00, 0x00, 0x00, 0x00, 0x00, 0x00, 0x00, 0x00, 0x00, 0x00, 0x00,
  0x00, 0x00, 0x00, 0x00, 0x00, 0x00, 0x00, 0x00, 0x00, 0x00, 0x00, 0x00, 0x00, 0x00, 0x00, 0x00,
  0x00, 0x00, 0x00, 0x00, 0x00, 0x00, 0x00, 0x00, 0x00, 0x00, 0x00, 0x00, 0x00, 0x00, 0x00, 0x00,
  0x00, 0x00, 0x00, 0x00, 0x00, 0x00, 0x00, 0x00, 0x00, 0x00, 0x00, 0x00, 0x00, 0x00, 0x00, 0x00,
  0x00, 0x00, 0x00, 0x00, 0x00, 0x00, 0x00, 0x00, 0x00, 0x00, 0x00, 0x00, 0x00, 0x00, 0x00, 0x00,
  0x82, 0x10, 0x82, 0x10, 0x82, 0x10, 0xb7, 0x9b, 0xb7, 0x9b, 0xb7, 0x9b, 0x35, 0x7b, 0x35, 0x7b,
  0x35, 0x7b, 0xb7, 0x9b, 0xb7, 0x9b, 0xb7, 0x9b, 0xb7, 0x9b, 0xb7, 0x9b, 0xb7, 0x9b, 0xb7, 0x9b,
  0xb7, 0x9b, 0xb7, 0x9b, 0xb7, 0x9b, 0xb7, 0x9b, 0xb7, 0x9b, 0x49, 0x49, 0x49, 0x49, 0x49, 0x49,
  0x49, 0x49, 0x49, 0x49, 0x49, 0x49, 0x49, 0x49, 0x49, 0x49, 0x49, 0x49, 0x49, 0x49, 0x49, 0x49,
  0x49, 0x49, 0xb7, 0x9b, 0xb7, 0x9b, 0xb7, 0x9b, 0xb7, 0x9b, 0xb7, 0x9b, 0xb7, 0x9b, 0xb7, 0x9b,
  0xb7, 0x9b, 0xb7, 0x9b, 0xb7, 0x9b, 0xb7, 0x9b, 0xb7, 0x9b, 0xb7, 0x9b, 0xb7, 0x9b, 0xb7, 0x9b,
  0xb7, 0x9b, 0xb7, 0x9b, 0xb7, 0x9b, 0xb7, 0x9b, 0xb7, 0x9b, 0xb7, 0x9b, 0xb7, 0x9b, 0xb7, 0x9b,
  0xb7, 0x9b, 0xb7, 0x9b, 0xb7, 0x9b, 0x35, 0x7b, 0x35, 0x7b, 0x35, 0x7b, 0x74, 0x5a, 0x74, 0x5a,
  0x74, 0x5a, 0x74, 0x5a, 0x74, 0x5a, 0x74, 0x5a, 0x74, 0x5a, 0x74, 0x5a, 0x74, 0x5a, 0x74, 0x5a,
  0x74, 0x5a, 0x74, 0x5a, 0xb7, 0x9b, 0xb7, 0x9b, 0xb7, 0x9b, 0xb7, 0x9b, 0xb7, 0x9b, 0xb7, 0x9b,
  0xb7, 0x9b, 0xb7, 0x9b, 0xb7, 0x9b, 0xb7, 0x9b, 0xb7, 0x9b, 0xb7, 0x9b, 0xb7, 0x9b, 0xb7, 0x9b,
  0xb7, 0x9b, 0x78, 0xbc, 0x78, 0xbc, 0x78, 0xbc, 0x78, 0xbc, 0x78, 0xbc, 0x78, 0xbc, 0x78, 0xbc,
  0x78, 0xbc, 0x78, 0xbc, 0x78, 0xbc, 0x78, 0xbc, 0x78, 0xbc, 0xb7, 0x9b, 0xb7, 0x9b, 0xb7, 0x9b,
  0x82, 0x10, 0x82, 0x10, 0x82, 0x10, 0x74, 0x5a, 0x74, 0x5a, 0x74, 0x5a, 0x74, 0x5a, 0x74, 0x5a,
  0x74, 0x5a, 0x74, 0x5a, 0x74, 0x5a, 0x74, 0x5a, 0x74, 0x5a, 0x74, 0x5a, 0x74, 0x5a, 0x74, 0x5a,
  0x74, 0x5a, 0x74, 0x5a, 0x82, 0x10, 0x82, 0x10, 0x82, 0x10, 0x00, 0x00, 0x00, 0x00, 0x00, 0x00,
  0x00, 0x00, 0x00, 0x00, 0x00, 0x00, 0x00, 0x00, 0x00, 0x00, 0x00, 0x00, 0x00, 0x00, 0x00, 0x00,
  0x00, 0x00, 0x00, 0x00, 0x00, 0x00, 0x00, 0x00, 0x00, 0x00, 0x00, 0x00, 0x00, 0x00, 0x00, 0x00,
  0x00, 0x00, 0x00, 0x00, 0x00, 0x00, 0x00, 0x00, 0x00, 0x00, 0x00, 0x00, 0x00, 0x00, 0x00, 0x00,
  0x00, 0x00, 0x00, 0x00, 0x00, 0x00, 0x00, 0x00, 0x00, 0x00, 0x00, 0x00, 0x00, 0x00, 0x00, 0x00,
  0x00, 0x00, 0x00, 0x00, 0x00, 0x00, 0x00, 0x00, 0x00, 0x00, 0x00, 0x00, 0x00, 0x00, 0x00, 0x00,
  0x00, 0x00, 0x00, 0x00, 0x00, 0x00, 0x00, 0x00, 0x00, 0x00, 0x00, 0x00, 0x00, 0x00, 0x00, 0x00,
  0x00, 0x00, 0x00, 0x00, 0x00, 0x00, 0x00, 0x00, 0x00, 0x00, 0x00, 0x00, 0x00, 0x00, 0x00, 0x00,
  0x00, 0x00, 0x00, 0x00, 0x00, 0x00, 0x00, 0x00, 0x00, 0x00, 0x00, 0x00, 0x00, 0x00, 0x00, 0x00,
  0x00, 0x00, 0x00, 0x00, 0x00, 0x00, 0x00, 0x00, 0x00, 0x00, 0x00, 0x00, 0x00, 0x00, 0x00, 0x00,
  0x00, 0x00, 0x00, 0x00, 0x00, 0x00, 0x00, 0x00, 0x00, 0x00, 0x00, 0x00, 0x00, 0x00, 0x00, 0x00,
  0x00, 0x00, 0x00, 0x00, 0x00, 0x00, 0x00, 0x00, 0x00, 0x00, 0x00, 0x00, 0x00, 0x00, 0x00, 0x00,
  0x00, 0x00, 0x00, 0x00, 0x00, 0x00, 0x00, 0x00, 0x82, 0x10, 0x82, 0x10, 0x82, 0x10, 0xb7, 0x9b,
  0xb7, 0x9b, 0xb7, 0x9b, 0x35, 0x7b, 0x35, 0x7b, 0x35, 0x7b, 0xb7, 0x9b, 0xb7, 0x9b, 0xb7, 0x9b,
  0xb7, 0x9b, 0xb7, 0x9b, 0xb7, 0x9b, 0xb7, 0x9b, 0xb7, 0x9b, 0xb7, 0x9b, 0xb7, 0x9b, 0xb7, 0x9b,
  0xb7, 0x9b, 0x49, 0x49, 0x49, 0x49, 0x49, 0x49, 0x49, 0x49, 0x49, 0x49, 0x49, 0x49, 0x49, 0x49,
  0x49, 0x49, 0x49, 0x49, 0x49, 0x49, 0x49, 0x49, 0x49, 0x49, 0xb7, 0x9b, 0xb7, 0x9b, 0xb7, 0x9b,
  0xb7, 0x9b, 0xb7, 0x9b, 0xb7, 0x9b, 0xb7, 0x9b, 0xb7, 0x9b, 0xb7, 0x9b, 0xb7, 0x9b, 0xb7, 0x9b,
  0xb7, 0x9b, 0xb7, 0x9b, 0xb7, 0x9b, 0xb7, 0x9b, 0xb7, 0x9b, 0xb7, 0x9b, 0xb7, 0x9b, 0xb7, 0x9b,
  0xb7, 0x9b, 0xb7, 0x9b, 0xb7, 0x9b, 0xb7, 0x9b, 0xb7, 0x9b, 0xb7, 0x9b, 0xb7, 0x9b, 0x35, 0x7b,
  0x35, 0x7b, 0x35, 0x7b, 0x74, 0x5a, 0x74, 0x5a, 0x74, 0x5a, 0x74, 0x5a, 0x74, 0x5a, 0x74, 0x5a,
  0x74, 0x5a, 0x74, 0x5a, 0x74, 0x5a, 0x74, 0x5a, 0x74, 0x5a, 0x74, 0x5a, 0xb7, 0x9b, 0xb7, 0x9b,
  0xb7, 0x9b, 0xb7, 0x9b, 0xb7, 0x9b, 0xb7, 0x9b, 0xb7, 0x9b, 0xb7, 0x9b, 0xb7, 0x9b, 0xb7, 0x9b,
  0xb7, 0x9b, 0xb7, 0x9b, 0xb7, 0x9b, 0xb7, 0x9b, 0xb7, 0x9b, 0x78, 0xbc, 0x78, 0xbc, 0x78, 0xbc,
  0x78, 0xbc, 0x78, 0xbc, 0x78, 0xbc, 0x78, 0xbc, 0x78, 0xbc, 0x78, 0xbc, 0x78, 0xbc, 0x78, 0xbc,
  0x78, 0xbc, 0xb7, 0x9b, 0xb7, 0x9b, 0xb7, 0x9b, 0x82, 0x10, 0x82, 0x10, 0x82, 0x10, 0x74, 0x5a,
  0x74, 0x5a, 0x74, 0x5a, 0x74, 0x5a, 0x74, 0x5a, 0x74, 0x5a, 0x74, 0x5a, 0x74, 0x5a, 0x74, 0x5a,
  0x74, 0x5a, 0x74, 0x5a, 0x74, 0x5a, 0x74, 0x5a, 0x74, 0x5a, 0x74, 0x5a, 0x82, 0x10, 0x82, 0x10,
  0x82, 0x10, 0x00, 0x00, 0x00, 0x00, 0x00, 0x00, 0x00, 0x00, 0x00, 0x00, 0x00, 0x00, 0x00, 0x00,
  0x00, 0x00, 0x00, 0x00, 0x00, 0x00, 0x00, 0x00, 0x00, 0x00, 0x00, 0x00, 0x00, 0x00, 0x00, 0x00,
  0x00, 0x00, 0x00, 0x00, 0x00, 0x00, 0x00, 0x00, 0x00, 0x00, 0x00, 0x00, 0x00, 0x00, 0x00, 0x00,
  0x00, 0x00, 0x00, 0x00, 0x00, 0x00, 0x00, 0x00, 0x00, 0x00, 0x00, 0x00, 0x00, 0x00, 0x00, 0x00,
  0x00, 0x00, 0x00, 0x00, 0x00, 0x00, 0x00, 0x00, 0x00, 0x00, 0x00, 0x00, 0x00, 0x00, 0x00, 0x00,
  0x00, 0x00, 0x00, 0x00, 0x00, 0x00, 0x00, 0x00, 0x00, 0x00, 0x00, 0x00, 0x00, 0x00, 0x00, 0x00,
  0x00, 0x00, 0x00, 0x00, 0x00, 0x00, 0x00, 0x00, 0x00, 0x00, 0x00, 0x00, 0x00, 0x00, 0x00, 0x00,
  0x00, 0x00, 0x00, 0x00, 0x00, 0x00, 0x00, 0x00, 0x00, 0x00, 0x00, 0x00, 0x00, 0x00, 0x00, 0x00,
  0x00, 0x00, 0x00, 0x00, 0x00, 0x00, 0x00, 0x00, 0x00, 0x00, 0x00, 0x00, 0x00, 0x00, 0x00, 0x00,
  0x00, 0x00, 0x00, 0x00, 0x00, 0x00, 0x00, 0x00, 0x00, 0x00, 0x00, 0x00, 0x00, 0x00, 0x00, 0x00,
  0x00, 0x00, 0x00, 0x00, 0x00, 0x00, 0x00, 0x00, 0x00, 0x00, 0x00, 0x00, 0x00, 0x00, 0x00, 0x00,
  0x00, 0x00, 0x00, 0x00, 0x00, 0x00, 0x00, 0x00, 0x00, 0x00, 0x00, 0x00, 0x00, 0x00, 0x00, 0x00,
  0x82, 0x10, 0x82, 0x10, 0x82, 0x10, 0xb7, 0x9b, 0xb7, 0x9b, 0xb7, 0x9b, 0x35, 0x7b, 0x35, 0x7b,
  0x35, 0x7b, 0xb7, 0x9b, 0xb7, 0x9b, 0xb7, 0x9b, 0xb7, 0x9b, 0xb7, 0x9b, 0xb7, 0x9b, 0xb7, 0x9b,
  0xb7, 0x9b, 0xb7, 0x9b, 0xb7, 0x9b, 0xb7, 0x9b, 0xb7, 0x9b, 0x49, 0x49, 0x49, 0x49, 0x49, 0x49,
  0x49, 0x49, 0x49, 0x49, 0x49, 0x49, 0x49, 0x49, 0x49, 0x49, 0x49, 0x49, 0x49, 0x49, 0x49, 0x49,
  0x49, 0x49, 0xb7, 0x9b, 0xb7, 0x9b, 0xb7, 0x9b, 0xb7, 0x9b, 0xb7, 0x9b, 0xb7, 0x9b, 0xb7, 0x9b,
  0xb7, 0x9b, 0xb7, 0x9b, 0xb7, 0x9b, 0xb7, 0x9b, 0xb7, 0x9b, 0xb7, 0x9b, 0xb7, 0x9b, 0xb7, 0x9b,
  0xb7, 0x9b, 0xb7, 0x9b, 0xb7, 0x9b, 0xb7, 0x9b, 0xb7, 0x9b, 0xb7, 0x9b, 0xb7, 0x9b, 0xb7, 0x9b,
  0xb7, 0x9b, 0xb7, 0x9b, 0xb7, 0x9b, 0x35, 0x7b, 0x35, 0x7b, 0x35, 0x7b, 0x74, 0x5a, 0x74, 0x5a,
  0x74, 0x5a, 0x74, 0x5a, 0x74, 0x5a, 0x74, 0x5a, 0x74, 0x5a, 0x74, 0x5a, 0x74, 0x5a, 0x74, 0x5a,
  0x74, 0x5a, 0x74, 0x5a, 0xb7, 0x9b, 0xb7, 0x9b, 0xb7, 0x9b, 0xb7, 0x9b, 0xb7, 0x9b, 0xb7, 0x9b,
  0xb7, 0x9b, 0xb7, 0x9b, 0xb7, 0x9b, 0xb7, 0x9b, 0xb7, 0x9b, 0xb7, 0x9b, 0xb7, 0x9b, 0xb7, 0x9b,
  0xb7, 0x9b, 0x78, 0xbc, 0x78, 0xbc, 0x78, 0xbc, 0x78, 0xbc, 0x78, 0xbc, 0x78, 0xbc, 0x78, 0xbc,
  0x78, 0xbc, 0x78, 0xbc, 0x78, 0xbc, 0x78, 0xbc, 0x78, 0xbc, 0xb7, 0x9b, 0xb7, 0x9b, 0xb7, 0x9b,
  0x82, 0x10, 0x82, 0x10, 0x82, 0x10, 0x74, 0x5a, 0x74, 0x5a, 0x74, 0x5a, 0x74, 0x5a, 0x74, 0x5a,
  0x74, 0x5a, 0x74, 0x5a, 0x74, 0x5a, 0x74, 0x5a, 0x74, 0x5a, 0x74, 0x5a, 0x74, 0x5a, 0x74, 0x5a,
  0x74, 0x5a, 0x74, 0x5a, 0x82, 0x10, 0x82, 0x10, 0x82, 0x10, 0x00, 0x00, 0x00, 0x00, 0x00, 0x00,
  0x00, 0x00, 0x00, 0x00, 0x00, 0x00, 0x00, 0x00, 0x00, 0x00, 0x00, 0x00, 0x00, 0x00, 0x00, 0x00,
  0x00, 0x00, 0x00, 0x00, 0x00, 0x00, 0x00, 0x00, 0x00, 0x00, 0x00, 0x00, 0x00, 0x00, 0x00, 0x00,
  0x00, 0x00, 0x00, 0x00, 0x00, 0x00, 0x00, 0x00, 0x00, 0x00, 0x00, 0x00, 0x00, 0x00, 0x00, 0x00,
  0x00, 0x00, 0x00, 0x00, 0x00, 0x00, 0x00, 0x00, 0x00, 0x00, 0x00, 0x00, 0x00, 0x00, 0x00, 0x00,
  0x00, 0x00, 0x00, 0x00, 0x00, 0x00, 0x00, 0x00, 0x00, 0x00, 0x00, 0x00, 0x00, 0x00, 0x00, 0x00,
  0x00, 0x00, 0x00, 0x00, 0x00, 0x00, 0x00, 0x00, 0x00, 0x00, 0x00, 0x00, 0x00, 0x00, 0x00, 0x00,
  0x00, 0x00, 0x00, 0x00, 0x00, 0x00, 0x00, 0x00, 0x00, 0x00, 0x00, 0x00, 0x00, 0x00, 0x00, 0x00,
  0x00, 0x00, 0x00, 0x00, 0x00, 0x00, 0x00, 0x00, 0x00, 0x00, 0x00, 0x00, 0x00, 0x00, 0x00, 0x00,
  0x00, 0x00, 0x00, 0x00, 0x00, 0x00, 0x00, 0x00, 0x00, 0x00, 0x00, 0x00, 0x00, 0x00, 0x00, 0x00,
  0x00, 0x00, 0x00, 0x00, 0x00, 0x00, 0x00, 0x00, 0x00, 0x00, 0x00, 0x00, 0x00, 0x00, 0x00, 0x00,
  0x00, 0x00, 0x00, 0x00, 0x00, 0x00, 0x00, 0x00, 0x00, 0x00, 0x00, 0x00, 0x00, 0x00, 0x00, 0x00,
  0x00, 0x00, 0x49, 0x49, 0x49, 0x49, 0x49, 0x49, 0x74, 0x5a, 0x74, 0x5a, 0x74, 0x5a, 0x82, 0x10,
  0x82, 0x10, 0x82, 0x10, 0x74, 0x5a, 0x74, 0x5a, 0x74, 0x5a, 0x35, 0x7b, 0x35, 0x7b, 0x35, 0x7b,
  0xb7, 0x9b, 0xb7, 0x9b, 0xb7, 0x9b, 0xb7, 0x9b, 0xb7, 0x9b, 0xb7, 0x9b, 0xb7, 0x9b, 0xb7, 0x9b,
  0xb7, 0x9b, 0xb7, 0x9b, 0xb7, 0x9b, 0xb7, 0x9b, 0xb7, 0x9b, 0xb7, 0x9b, 0xb7, 0x9b, 0xb7, 0x9b,
  0xb7, 0x9b, 0xb7, 0x9b, 0xb7, 0x9b, 0xb7, 0x9b, 0xb7, 0x9b, 0xb7, 0x9b, 0xb7, 0x9b, 0xb7, 0x9b,
  0xb7, 0x9b, 0xb7, 0x9b, 0xb7, 0x9b, 0xb7, 0x9b, 0xb7, 0x9b, 0xb7, 0x9b, 0xb7, 0x9b, 0xb7, 0x9b,
  0xb7, 0x9b, 0xb7, 0x9b, 0xb7, 0x9b, 0xb7, 0x9b, 0xb7, 0x9b, 0xb7, 0x9b, 0xb7, 0x9b, 0xb7, 0x9b,
  0xb7, 0x9b, 0xb7, 0x9b, 0x35, 0x7b, 0x35, 0x7b, 0x74, 0x5a, 0x74, 0x5a, 0x74, 0x5a, 0x74, 0x5a,
  0x74, 0x5a, 0x74, 0x5a, 0x74, 0x5a, 0x74, 0x5a, 0x74, 0x5a, 0x74, 0x5a, 0x74, 0x5a, 0x74, 0x5a,
  0x74, 0x5a, 0x74, 0x5a, 0x74, 0x5a, 0x35, 0x7b, 0x35, 0x7b, 0x35, 0x7b, 0xb7, 0x9b, 0xb7, 0x9b,
  0xb7, 0x9b, 0xb7, 0x9b, 0xb7, 0x9b, 0xb7, 0x9b, 0xb7, 0x9b, 0xb7, 0x9b, 0xb7, 0x9b, 0xb7, 0x9b,
  0xb7, 0x9b, 0xb7, 0x9b, 0xb7, 0x9b, 0xb7, 0x9b, 0xb7, 0x9b, 0x78, 0xbc, 0x78, 0xbc, 0x78, 0xbc,
  0x78, 0xbc, 0x78, 0xbc, 0x78, 0xbc, 0x78, 0xbc, 0x78, 0xbc, 0x78, 0xbc, 0x78, 0xbc, 0x78, 0xbc,
  0x78, 0xbc, 0xb7, 0x9b, 0xb7, 0x9b, 0xb7, 0x9b, 0xb7, 0x9b, 0xb7, 0x9b, 0xb7, 0x9b, 0x82, 0x10,
  0x82, 0x10, 0x82, 0x10, 0x74, 0x5a, 0x74, 0x5a, 0x74, 0x5a, 0x74, 0x5a, 0x74, 0x5a, 0x74, 0x5a,
  0x74, 0x5a, 0x74, 0x5a, 0x74, 0x5a, 0x74, 0x5a, 0x74, 0x5a, 0x74, 0x5a, 0x82, 0x10, 0x82, 0x10,
  0x82, 0x10, 0x00, 0x00, 0x00, 0x00, 0x00, 0x00, 0x00, 0x00, 0x00, 0x00, 0x00, 0x00, 0x00, 0x00,
  0x00, 0x00, 0x00, 0x00, 0x00, 0x00, 0x00, 0x00, 0x00, 0x00, 0x00, 0x00, 0x00, 0x00, 0x00, 0x00,
  0x00, 0x00, 0x00, 0x00, 0x00, 0x00, 0x00, 0x00, 0x00, 0x00, 0x00, 0x00, 0x00, 0x00, 0x00, 0x00,
  0x00, 0x00, 0x00, 0x00, 0x00, 0x00, 0x00, 0x00, 0x00, 0x00, 0x00, 0x00, 0x00, 0x00, 0x00, 0x00,
  0x00, 0x00, 0x00, 0x00, 0x00, 0x00, 0x00, 0x00, 0x00, 0x00, 0x00, 0x00, 0x00, 0x00, 0x00, 0x00,
  0x00, 0x00, 0x00, 0x00, 0x00, 0x00, 0x00, 0x00, 0x00, 0x00, 0x00, 0x00, 0x00, 0x00, 0x00, 0x00,
  0x00, 0x00, 0x00, 0x00, 0x00, 0x00, 0x00, 0x00, 0x00, 0x00, 0x00, 0x00, 0x00, 0x00, 0x00, 0x00,
  0x00, 0x00, 0x00, 0x00, 0x00, 0x00, 0x00, 0x00, 0x00, 0x00, 0x00, 0x00, 0x00, 0x00, 0x00, 0x00,
  0x00, 0x00, 0x00, 0x00, 0x00, 0x00, 0x00, 0x00, 0x00, 0x00, 0x00, 0x00, 0x00, 0x00, 0x00, 0x00,
  0x00, 0x00, 0x00, 0x00, 0x00, 0x00, 0x00, 0x00, 0x00, 0x00, 0x00, 0x00, 0x00, 0x00, 0x00, 0x00,
  0x00, 0x00, 0x00, 0x00, 0x00, 0x00, 0x00, 0x00, 0x00, 0x00, 0x00, 0x00, 0x00, 0x00, 0x00, 0x00,
  0x00, 0x00, 0x00, 0x00, 0x00, 0x00, 0x00, 0x00, 0x00, 0x00, 0x49, 0x49, 0x49, 0x49, 0x49, 0x49,
  0x74, 0x5a, 0x74, 0x5a, 0x74, 0x5a, 0x82, 0x10, 0x82, 0x10, 0x82, 0x10, 0x74, 0x5a, 0x74, 0x5a,
  0x74, 0x5a, 0x35, 0x7b, 0x35, 0x7b, 0x35, 0x7b, 0xb7, 0x9b, 0xb7, 0x9b, 0xb7, 0x9b, 0xb7, 0x9b,
  0xb7, 0x9b, 0xb7, 0x9b, 0xb7, 0x9b, 0xb7, 0x9b, 0xb7, 0x9b, 0xb7, 0x9b, 0xb7, 0x9b, 0xb7, 0x9b,
  0xb7, 0x9b, 0xb7, 0x9b, 0xb7, 0x9b, 0xb7, 0x9b, 0xb7, 0x9b, 0xb7, 0x9b, 0xb7, 0x9b, 0xb7, 0x9b,
  0xb7, 0x9b, 0xb7, 0x9b, 0xb7, 0x9b, 0xb7, 0x9b, 0xb7, 0x9b, 0xb7, 0x9b, 0xb7, 0x9b, 0xb7, 0x9b,
  0xb7, 0x9b, 0xb7, 0x9b, 0xb7, 0x9b, 0xb7, 0x9b, 0xb7, 0x9b, 0xb7, 0x9b, 0xb7, 0x9b, 0xb7, 0x9b,
  0xb7, 0x9b, 0xb7, 0x9b, 0xb7, 0x9b, 0xb7, 0x9b, 0xb7, 0x9b, 0xb7, 0x9b, 0x35, 0x7b, 0x35, 0x7b,
  0x74, 0x5a, 0x74, 0x5a, 0x74, 0x5a, 0x74, 0x5a, 0x74, 0x5a, 0x74, 0x5a, 0x74, 0x5a, 0x74, 0x5a,
  0x74, 0x5a, 0x74, 0x5a, 0x74, 0x5a, 0x74, 0x5a, 0x74, 0x5a, 0x74, 0x5a, 0x74, 0x5a, 0x35, 0x7b,
  0x35, 0x7b, 0x35, 0x7b, 0xb7, 0x9b, 0xb7, 0x9b, 0xb7, 0x9b, 0xb7, 0x9b, 0xb7, 0x9b, 0xb7, 0x9b,
  0xb7, 0x9b, 0xb7, 0x9b, 0xb7, 0x9b, 0xb7, 0x9b, 0xb7, 0x9b, 0xb7, 0x9b, 0xb7, 0x9b, 0xb7, 0x9b,
  0xb7, 0x9b, 0x78, 0xbc, 0x78, 0xbc, 0x78, 0xbc, 0x78, 0xbc, 0x78, 0xbc, 0x78, 0xbc, 0x78, 0xbc,
  0x78, 0xbc, 0x78, 0xbc, 0x78, 0xbc, 0x78, 0xbc, 0x78, 0xbc, 0xb7, 0x9b, 0xb7, 0x9b, 0xb7, 0x9b,
  0xb7, 0x9b, 0xb7, 0x9b, 0xb7, 0x9b, 0x82, 0x10, 0x82, 0x10, 0x82, 0x10, 0x74, 0x5a, 0x74, 0x5a,
  0x74, 0x5a, 0x74, 0x5a, 0x74, 0x5a, 0x74, 0x5a, 0x74, 0x5a, 0x74, 0x5a, 0x74, 0x5a, 0x74, 0x5a,
  0x74, 0x5a, 0x74, 0x5a, 0x82, 0x10, 0x82, 0x10, 0x82, 0x10, 0x00, 0x00, 0x00, 0x00, 0x00, 0x00,
  0x00, 0x00, 0x00, 0x00, 0x00, 0x00, 0x00, 0x00, 0x00, 0x00, 0x00, 0x00, 0x00, 0x00, 0x00, 0x00,
  0x00, 0x00, 0x00, 0x00, 0x00, 0x00, 0x00, 0x00, 0x00, 0x00, 0x00, 0x00, 0x00, 0x00, 0x00, 0x00,
  0x00, 0x00, 0x00, 0x00, 0x00, 0x00, 0x00, 0x00, 0x00, 0x00, 0x00, 0x00, 0x00, 0x00, 0x00, 0x00,
  0x00, 0x00, 0x00, 0x00, 0x00, 0x00, 0x00, 0x00, 0x00, 0x00, 0x00, 0x00, 0x00, 0x00, 0x00, 0x00,
  0x00, 0x00, 0x00, 0x00, 0x00, 0x00, 0x00, 0x00, 0x00, 0x00, 0x00, 0x00, 0x00, 0x00, 0x00, 0x00,
  0x00, 0x00, 0x00, 0x00, 0x00, 0x00, 0x00, 0x00, 0x00, 0x00, 0x00, 0x00, 0x00, 0x00, 0x00, 0x00,
  0x00, 0x00, 0x00, 0x00, 0x00, 0x00, 0x00, 0x00, 0x00, 0x00, 0x00, 0x00, 0x00, 0x00, 0x00, 0x00,
  0x00, 0x00, 0x00, 0x00, 0x00, 0x00, 0x00, 0x00, 0x00, 0x00, 0x00, 0x00, 0x00, 0x00, 0x00, 0x00,
  0x00, 0x00, 0x00, 0x00, 0x00, 0x00, 0x00, 0x00, 0x00, 0x00, 0x00, 0x00, 0x00, 0x00, 0x00, 0x00,
  0x00, 0x00, 0x00, 0x00, 0x00, 0x00, 0x00, 0x00, 0x00, 0x00, 0x00, 0x00, 0x00, 0x00, 0x00, 0x00,
  0x00, 0x00, 0x00, 0x00, 0x00, 0x00, 0x00, 0x00, 0x00, 0x00, 0x00, 0x00, 0x00, 0x00, 0x00, 0x00,
  0x00, 0x00, 0x49, 0x49, 0x49, 0x49, 0x49, 0x49, 0x74, 0x5a, 0x74, 0x5a, 0x74, 0x5a, 0x82, 0x10,
  0x82, 0x10, 0x82, 0x10, 0x74, 0x5a, 0x74, 0x5a, 0x74, 0x5a, 0x35, 0x7b, 0x35, 0x7b, 0x35, 0x7b,
  0xb7, 0x9b, 0xb7, 0x9b, 0xb7, 0x9b, 0xb7, 0x9b, 0xb7, 0x9b, 0xb7, 0x9b, 0xb7, 0x9b, 0xb7, 0x9b,
  0xb7, 0x9b, 0xb7, 0x9b, 0xb7, 0x9b, 0xb7, 0x9b, 0xb7, 0x9b, 0xb7, 0x9b, 0xb7, 0x9b, 0xb7, 0x9b,
  0xb7, 0x9b, 0xb7, 0x9b, 0xb7, 0x9b, 0xb7, 0x9b, 0xb7, 0x9b, 0xb7, 0x9b, 0xb7, 0x9b, 0xb7, 0x9b,
  0xb7, 0x9b, 0xb7, 0x9b, 0xb7, 0x9b, 0xb7, 0x9b, 0xb7, 0x9b, 0xb7, 0x9b, 0xb7, 0x9b, 0xb7, 0x9b,
  0xb7, 0x9b, 0xb7, 0x9b, 0xb7, 0x9b, 0xb7, 0x9b, 0xb7, 0x9b, 0xb7, 0x9b, 0xb7, 0x9b, 0xb7, 0x9b,
  0xb7, 0x9b, 0xb7, 0x9b, 0x35, 0x7b, 0x35, 0x7b, 0x74, 0x5a, 0x74, 0x5a, 0x74, 0x5a, 0x74, 0x5a,
  0x74, 0x5a, 0x74, 0x5a, 0x74, 0x5a, 0x74, 0x5a, 0x74, 0x5a, 0x74, 0x5a, 0x74, 0x5a, 0x74, 0x5a,
  0x74, 0x5a, 0x74, 0x5a, 0x74, 0x5a, 0x35, 0x7b, 0x35, 0x7b, 0x35, 0x7b, 0xb7, 0x9b, 0xb7, 0x9b,
  0xb7, 0x9b, 0xb7, 0x9b, 0xb7, 0x9b, 0xb7, 0x9b, 0xb7, 0x9b, 0xb7, 0x9b, 0xb7, 0x9b, 0xb7, 0x9b,
  0xb7, 0x9b, 0xb7, 0x9b, 0xb7, 0x9b, 0xb7, 0x9b, 0xb7, 0x9b, 0x78, 0xbc, 0x78, 0xbc, 0x78, 0xbc,
  0x78, 0xbc, 0x78, 0xbc, 0x78, 0xbc, 0x78, 0xbc, 0x78, 0xbc, 0x78, 0xbc, 0x78, 0xbc, 0x78, 0xbc,
  0x78, 0xbc, 0xb7, 0x9b, 0xb7, 0x9b, 0xb7, 0x9b, 0xb7, 0x9b, 0xb7, 0x9b, 0xb7, 0x9b, 0x82, 0x10,
  0x82, 0x10, 0x82, 0x10, 0x74, 0x5a, 0x74, 0x5a, 0x74, 0x5a, 0x74, 0x5a, 0x74, 0x5a, 0x74, 0x5a,
  0x74, 0x5a, 0x74, 0x5a, 0x74, 0x5a, 0x74, 0x5a, 0x74, 0x5a, 0x74, 0x5a, 0x82, 0x10, 0x82, 0x10,
  0x82, 0x10, 0x00, 0x00, 0x00, 0x00, 0x00, 0x00, 0x00, 0x00, 0x00, 0x00, 0x00, 0x00, 0x00, 0x00,
  0x00, 0x00, 0x00, 0x00, 0x00, 0x00, 0x00, 0x00, 0x00, 0x00, 0x00, 0x00, 0x00, 0x00, 0x00, 0x00,
  0x00, 0x00, 0x00, 0x00, 0x00, 0x00, 0x00, 0x00, 0x00, 0x00, 0x00, 0x00, 0x00, 0x00, 0x00, 0x00,
  0x00, 0x00, 0x00, 0x00, 0x00, 0x00, 0x00, 0x00, 0x00, 0x00, 0x00, 0x00, 0x00, 0x00, 0x00, 0x00,
  0x00, 0x00, 0x00, 0x00, 0x00, 0x00, 0x00, 0x00, 0x00, 0x00, 0x00, 0x00, 0x00, 0x00, 0x00, 0x00,
  0x00, 0x00, 0x00, 0x00, 0x00, 0x00, 0x00, 0x00, 0x00, 0x00, 0x00, 0x00, 0x00, 0x00, 0x00, 0x00,
  0x00, 0x00, 0x00, 0x00, 0x00, 0x00, 0x00, 0x00, 0x00, 0x00, 0x00, 0x00, 0x00, 0x00, 0x00, 0x00,
  0x00, 0x00, 0x00, 0x00, 0x00, 0x00, 0x00, 0x00, 0x00, 0x00, 0x00, 0x00, 0x00, 0x00, 0x00, 0x00,
  0x00, 0x00, 0x00, 0x00, 0x00, 0x00, 0x00, 0x00, 0x00, 0x00, 0x00, 0x00, 0x00, 0x00, 0x00, 0x00,
  0x00, 0x00, 0x00, 0x00, 0x00, 0x00, 0x00, 0x00, 0x00, 0x00, 0x00, 0x00, 0x00, 0x00, 0x00, 0x00,
  0x00, 0x00, 0x00, 0x00, 0x00, 0x00, 0x00, 0x00, 0x00, 0x00, 0x00, 0x00, 0x00, 0x00, 0x00, 0x00,
  0x00, 0x00, 0x00, 0x00, 0x00, 0x00, 0x00, 0x00, 0x00, 0x00, 0x49, 0x49, 0x49, 0x49, 0x49, 0x49,
  0x74, 0x5a, 0x74, 0x5a, 0x74, 0x5a, 0x82, 0x10, 0x82, 0x10, 0x82, 0x10, 0x74, 0x5a, 0x74, 0x5a,
  0x74, 0x5a, 0x74, 0x5a, 0x74, 0x5a, 0x74, 0x5a, 0x74, 0x5a, 0x74, 0x5a, 0x74, 0x5a, 0x35, 0x7b,
  0x35, 0x7b, 0x35, 0x7b, 0xb7, 0x9b, 0xb7, 0x9b, 0xb7, 0x9b, 0xb7, 0x9b, 0xb7, 0x9b, 0xb7, 0x9b,
  0xb7, 0x9b, 0xb7, 0x9b, 0xb7, 0x9b, 0xb7, 0x9b, 0xb7, 0x9b, 0xb7, 0x9b, 0xb7, 0x9b, 0xb7, 0x9b,
  0xb7, 0x9b, 0xb7, 0x9b, 0xb7, 0x9b, 0xb7, 0x9b, 0xb7, 0x9b, 0xb7, 0x9b, 0xb7, 0x9b, 0xb7, 0x9b,
  0xb7, 0x9b, 0xb7, 0x9b, 0xb7, 0x9b, 0xb7, 0x9b, 0x35, 0x7b, 0x35, 0x7b, 0x35, 0x7b, 0x35, 0x7b,
  0x74, 0x5a, 0x74, 0x5a, 0x74, 0x5a, 0x74, 0x5a, 0x74, 0x5a, 0x74, 0x5a, 0x74, 0x5a, 0x74, 0x5a,
  0x74, 0x5a, 0x74, 0x5a, 0x74, 0x5a, 0x74, 0x5a, 0x74, 0x5a, 0x74, 0x5a, 0x74, 0x5a, 0x74, 0x5a,
  0x74, 0x5a, 0x74, 0x5a, 0x74, 0x5a, 0x74, 0x5a, 0x49, 0x49, 0x49, 0x49, 0x49, 0x49, 0xb7, 0x9b,
  0xb7, 0x9b, 0xb7, 0x9b, 0xb7, 0x9b, 0xb7, 0x9b, 0xb7, 0x9b, 0xb7, 0x9b, 0xb7, 0x9b, 0xb7, 0x9b,
  0xb7, 0x9b, 0xb7, 0x9b, 0xb7, 0x9b, 0xb7, 0x9b, 0xb7, 0x9b, 0xb7, 0x9b, 0xb7, 0x9b, 0xb7, 0x9b,
  0xb7, 0x9b, 0x78, 0xbc, 0x78, 0xbc, 0x78, 0xbc, 0x78, 0xbc, 0x78, 0xbc, 0x78, 0xbc, 0x78, 0xbc,
  0x78, 0xbc, 0x78, 0xbc, 0xb7, 0x9b, 0xb7, 0x9b, 0xb7, 0x9b, 0xb7, 0x9b, 0xb7, 0x9b, 0xb7, 0x9b,
  0xb7, 0x9b, 0xb7, 0x9b, 0xb7, 0x9b, 0x82, 0x10, 0x82, 0x10, 0x82, 0x10, 0x74, 0x5a, 0x74, 0x5a,
  0x74, 0x5a, 0x82, 0x10, 0x82, 0x10, 0x82, 0x10, 0x00, 0x00, 0x00, 0x00, 0x00, 0x00, 0x00, 0x00,
  0x00, 0x00, 0x00, 0x00, 0x00, 0x00, 0x00, 0x00, 0x00, 0x00, 0x00, 0x00, 0x00, 0x00, 0x00, 0x00,
  0x00, 0x00, 0x00, 0x00, 0x00, 0x00, 0x00, 0x00, 0x00, 0x00, 0x00, 0x00, 0x00, 0x00, 0x00, 0x00,
  0x00, 0x00, 0x00, 0x00, 0x00, 0x00, 0x00, 0x00, 0x00, 0x00, 0x00, 0x00, 0x00, 0x00, 0x00, 0x00,
  0x00, 0x00, 0x00, 0x00, 0x00, 0x00, 0x00, 0x00, 0x00, 0x00, 0x00, 0x00, 0x00, 0x00, 0x00, 0x00,
  0x00, 0x00, 0x00, 0x00, 0x00, 0x00, 0x00, 0x00, 0x00, 0x00, 0x00, 0x00, 0x00, 0x00, 0x00, 0x00,
  0x00, 0x00, 0x00, 0x00, 0x00, 0x00, 0x00, 0x00, 0x00, 0x00, 0x00, 0x00, 0x00, 0x00, 0x00, 0x00,
  0x00, 0x00, 0x00, 0x00, 0x00, 0x00, 0x00, 0x00, 0x00, 0x00, 0x00, 0x00, 0x00, 0x00, 0x00, 0x00,
  0x00, 0x00, 0x00, 0x00, 0x00, 0x00, 0x00, 0x00, 0x00, 0x00, 0x00, 0x00, 0x00, 0x00, 0x00, 0x00,
  0x00, 0x00, 0x00, 0x00, 0x00, 0x00, 0x00, 0x00, 0x00, 0x00, 0x00, 0x00, 0x00, 0x00, 0x00, 0x00,
  0x00, 0x00, 0x00, 0x00, 0x00, 0x00, 0x00, 0x00, 0x00, 0x00, 0x00, 0x00, 0x00, 0x00, 0x00, 0x00,
  0x00, 0x00, 0x00, 0x00, 0x00, 0x00, 0x00, 0x00, 0x00, 0x00, 0x00, 0x00, 0x00, 0x00, 0x00, 0x00,
  0x00, 0x00, 0x00, 0x00, 0x00, 0x00, 0x00, 0x00, 0x00, 0x00, 0x00, 0x00, 0x00, 0x00, 0x00, 0x00,
  0x00, 0x00, 0x49, 0x49, 0x49, 0x49, 0x49, 0x49, 0x74, 0x5a, 0x74, 0x5a, 0x74, 0x5a, 0x82, 0x10,
  0x82, 0x10, 0x82, 0x10, 0x74, 0x5a, 0x74, 0x5a, 0x74, 0x5a, 0x74, 0x5a, 0x74, 0x5a, 0x74, 0x5a,
  0x74, 0x5a, 0x74, 0x5a, 0x74, 0x5a, 0x35, 0x7b, 0x35, 0x7b, 0x35, 0x7b, 0xb7, 0x9b, 0xb7, 0x9b,
  0xb7, 0x9b, 0xb7, 0x9b, 0xb7, 0x9b, 0xb7, 0x9b, 0xb7, 0x9b, 0xb7, 0x9b, 0xb7, 0x9b, 0xb7, 0x9b,
  0xb7, 0x9b, 0xb7, 0x9b, 0xb7, 0x9b, 0xb7, 0x9b, 0xb7, 0x9b, 0xb7, 0x9b, 0xb7, 0x9b, 0xb7, 0x9b,
  0xb7, 0x9b, 0xb7, 0x9b, 0xb7, 0x9b, 0xb7, 0x9b, 0xb7, 0x9b, 0xb7, 0x9b, 0xb7, 0x9b, 0xb7, 0x9b,
  0x35, 0x7b, 0x35, 0x7b, 0x35, 0x7b, 0x35, 0x7b, 0x74, 0x5a, 0x74, 0x5a, 0x74, 0x5a, 0x74, 0x5a,
  0x74, 0x5a, 0x74, 0x5a, 0x74, 0x5a, 0x74, 0x5a, 0x74, 0x5a, 0x74, 0x5a, 0x74, 0x5a, 0x74, 0x5a,
  0x74, 0x5a, 0x74, 0x5a, 0x74, 0x5a, 0x74, 0x5a, 0x74, 0x5a, 0x74, 0x5a, 0x74, 0x5a, 0x74, 0x5a,
  0x49, 0x49, 0x49, 0x49, 0x49, 0x49, 0xb7, 0x9b, 0xb7, 0x9b, 0xb7, 0x9b, 0xb7, 0x9b, 0xb7, 0x9b,
  0xb7, 0x9b, 0xb7, 0x9b, 0xb7, 0x9b, 0xb7, 0x9b, 0xb7, 0x9b, 0xb7, 0x9b, 0xb7, 0x9b, 0xb7, 0x9b,
  0xb7, 0x9b, 0xb7, 0x9b, 0xb7, 0x9b, 0xb7, 0x9b, 0xb7, 0x9b, 0x78, 0xbc, 0x78, 0xbc, 0x78, 0xbc,
  0x78, 0xbc, 0x78, 0xbc, 0x78, 0xbc, 0x78, 0xbc, 0x78, 0xbc, 0x78, 0xbc, 0xb7, 0x9b, 0xb7, 0x9b,
  0xb7, 0x9b, 0xb7, 0x9b, 0xb7, 0x9b, 0xb7, 0x9b, 0xb7, 0x9b, 0xb7, 0x9b, 0xb7, 0x9b, 0x82, 0x10,
  0x82, 0x10, 0x82, 0x10, 0x74, 0x5a, 0x74, 0x5a, 0x74, 0x5a, 0x82, 0x10, 0x82, 0x10, 0x82, 0x10,
  0x00, 0x00, 0x00, 0x00, 0x00, 0x00, 0x00, 0x00, 0x00, 0x00, 0x00, 0x00, 0x00, 0x00, 0x00, 0x00,
  0x00, 0x00, 0x00, 0x00, 0x00, 0x00, 0x00, 0x00, 0x00, 0x00, 0x00, 0x00, 0x00, 0x00, 0x00, 0x00,
  0x00, 0x00, 0x00, 0x00, 0x00, 0x00, 0x00, 0x00, 0x00, 0x00, 0x00, 0x00, 0x00, 0x00, 0x00, 0x00,
  0x00, 0x00, 0x00, 0x00, 0x00, 0x00, 0x00, 0x00, 0x00, 0x00, 0x00, 0x00, 0x00, 0x00, 0x00, 0x00,
  0x00, 0x00, 0x00, 0x00, 0x00, 0x00, 0x00, 0x00, 0x00, 0x00, 0x00, 0x00, 0x00, 0x00, 0x00, 0x00,
  0x00, 0x00, 0x00, 0x00, 0x00, 0x00, 0x00, 0x00, 0x00, 0x00, 0x00, 0x00, 0x00, 0x00, 0x00, 0x00,
  0x00, 0x00, 0x00, 0x00, 0x00, 0x00, 0x00, 0x00, 0x00, 0x00, 0x00, 0x00, 0x00, 0x00, 0x00, 0x00,
  0x00, 0x00, 0x00, 0x00, 0x00, 0x00, 0x00, 0x00, 0x00, 0x00, 0x00, 0x00, 0x00, 0x00, 0x00, 0x00,
  0x00, 0x00, 0x00, 0x00, 0x00, 0x00, 0x00, 0x00, 0x00, 0x00, 0x00, 0x00, 0x00, 0x00, 0x00, 0x00,
  0x00, 0x00, 0x00, 0x00, 0x00, 0x00, 0x00, 0x00, 0x00, 0x00, 0x00, 0x00, 0x00, 0x00, 0x00, 0x00,
  0x00, 0x00, 0x00, 0x00, 0x00, 0x00, 0x00, 0x00, 0x00, 0x00, 0x00, 0x00, 0x00, 0x00, 0x00, 0x00,
  0x00, 0x00, 0x00, 0x00, 0x00, 0x00, 0x00, 0x00, 0x00, 0x00, 0x00, 0x00, 0x00, 0x00, 0x00, 0x00,
  0x00, 0x00, 0x00, 0x00, 0x00, 0x00, 0x00, 0x00, 0x00, 0x00, 0x49, 0x49, 0x49, 0x49, 0x49, 0x49,
  0x74, 0x5a, 0x74, 0x5a, 0x74, 0x5a, 0x82, 0x10, 0x82, 0x10, 0x82, 0x10, 0x74, 0x5a, 0x74, 0x5a,
  0x74, 0x5a, 0x74, 0x5a, 0x74, 0x5a, 0x74, 0x5a, 0x74, 0x5a, 0x74, 0x5a, 0x74, 0x5a, 0x35, 0x7b,
  0x35, 0x7b, 0x35, 0x7b, 0xb7, 0x9b, 0xb7, 0x9b, 0xb7, 0x9b, 0xb7, 0x9b, 0xb7, 0x9b, 0xb7, 0x9b,
  0xb7, 0x9b, 0xb7, 0x9b, 0xb7, 0x9b, 0xb7, 0x9b, 0xb7, 0x9b, 0xb7, 0x9b, 0xb7, 0x9b, 0xb7, 0x9b,
  0xb7, 0x9b, 0xb7, 0x9b, 0xb7, 0x9b, 0xb7, 0x9b, 0xb7, 0x9b, 0xb7, 0x9b, 0xb7, 0x9b, 0xb7, 0x9b,
  0xb7, 0x9b, 0xb7, 0x9b, 0xb7, 0x9b, 0xb7, 0x9b, 0x35, 0x7b, 0x35, 0x7b, 0x35, 0x7b, 0x35, 0x7b,
  0x74, 0x5a, 0x74, 0x5a, 0x74, 0x5a, 0x74, 0x5a, 0x74, 0x5a, 0x74, 0x5a, 0x74, 0x5a, 0x74, 0x5a,
  0x74, 0x5a, 0x74, 0x5a, 0x74, 0x5a, 0x74, 0x5a, 0x74, 0x5a, 0x74, 0x5a, 0x74, 0x5a, 0x74, 0x5a,
  0x74, 0x5a, 0x74, 0x5a, 0x74, 0x5a, 0x74, 0x5a, 0x49, 0x49, 0x49, 0x49, 0x49, 0x49, 0xb7, 0x9b,
  0xb7, 0x9b, 0xb7, 0x9b, 0xb7, 0x9b, 0xb7, 0x9b, 0xb7, 0x9b, 0xb7, 0x9b, 0xb7, 0x9b, 0xb7, 0x9b,
  0xb7, 0x9b, 0xb7, 0x9b, 0xb7, 0x9b, 0xb7, 0x9b, 0xb7, 0x9b, 0xb7, 0x9b, 0xb7, 0x9b, 0xb7, 0x9b,
  0xb7, 0x9b, 0x78, 0xbc, 0x78, 0xbc, 0x78, 0xbc, 0x78, 0xbc, 0x78, 0xbc, 0x78, 0xbc, 0x78, 0xbc,
  0x78, 0xbc, 0x78, 0xbc, 0xb7, 0x9b, 0xb7, 0x9b, 0xb7, 0x9b, 0xb7, 0x9b, 0xb7, 0x9b, 0xb7, 0x9b,
  0xb7, 0x9b, 0xb7, 0x9b, 0xb7, 0x9b, 0x82, 0x10, 0x82, 0x10, 0x82, 0x10, 0x74, 0x5a, 0x74, 0x5a,
  0x74, 0x5a, 0x82, 0x10, 0x82, 0x10, 0x82, 0x10, 0x00, 0x00, 0x00, 0x00, 0x00, 0x00, 0x00, 0x00,
  0x00, 0x00, 0x00, 0x00, 0x00, 0x00, 0x00, 0x00, 0x00, 0x00, 0x00, 0x00, 0x00, 0x00, 0x00, 0x00,
  0x00, 0x00, 0x00, 0x00, 0x00, 0x00, 0x00, 0x00, 0x00, 0x00, 0x00, 0x00, 0x00, 0x00, 0x00, 0x00,
  0x00, 0x00, 0x00, 0x00, 0x00, 0x00, 0x00, 0x00, 0x00, 0x00, 0x00, 0x00, 0x00, 0x00, 0x00, 0x00,
  0x00, 0x00, 0x00, 0x00, 0x00, 0x00, 0x00, 0x00, 0x00, 0x00, 0x00, 0x00, 0x00, 0x00, 0x00, 0x00,
  0x00, 0x00, 0x00, 0x00, 0x00, 0x00, 0x00, 0x00, 0x00, 0x00, 0x00, 0x00, 0x00, 0x00, 0x00, 0x00,
  0x00, 0x00, 0x00, 0x00, 0x00, 0x00, 0x00, 0x00, 0x00, 0x00, 0x00, 0x00, 0x00, 0x00, 0x00, 0x00,
  0x00, 0x00, 0x00, 0x00, 0x00, 0x00, 0x00, 0x00, 0x00, 0x00, 0x00, 0x00, 0x00, 0x00, 0x00, 0x00,
  0x00, 0x00, 0x00, 0x00, 0x00, 0x00, 0x00, 0x00, 0x00, 0x00, 0x00, 0x00, 0x00, 0x00, 0x00, 0x00,
  0x00, 0x00, 0x00, 0x00, 0x00, 0x00, 0x00, 0x00, 0x00, 0x00, 0x00, 0x00, 0x00, 0x00, 0x00, 0x00,
  0x00, 0x00, 0x00, 0x00, 0x00, 0x00, 0x00, 0x00, 0x00, 0x00, 0x00, 0x00, 0x00, 0x00, 0x00, 0x00,
  0x00, 0x00, 0x00, 0x00, 0x00, 0x00, 0x00, 0x00, 0x00, 0x00, 0x00, 0x00, 0x00, 0x00, 0x00, 0x00,
  0x00, 0x00, 0x00, 0x00, 0x00, 0x00, 0x00, 0x00, 0x00, 0x00, 0x00, 0x00, 0x00, 0x00, 0x00, 0x00,
  0x00, 0x00, 0x49, 0x49, 0x49, 0x49, 0x49, 0x49, 0x74, 0x5a, 0x74, 0x5a, 0x74, 0x5a, 0x74, 0x5a,
  0x74, 0x5a, 0x74, 0x5a, 0x74, 0x5a, 0x74, 0x5a, 0x74, 0x5a, 0x74, 0x5a, 0x74, 0x5a, 0x74, 0x5a,
  0x74, 0x5a, 0x74, 0x5a, 0x74, 0x5a, 0x74, 0x5a, 0x74, 0x5a, 0x74, 0x5a, 0x74, 0x5a, 0x74, 0x5a,
  0x74, 0x5a, 0x74, 0x5a, 0x74, 0x5a, 0x74, 0x5a, 0x35, 0x7b, 0x35, 0x7b, 0x35, 0x7b, 0xb7, 0x9b,
  0xb7, 0x9b, 0xb7, 0x9b, 0xb7, 0x9b, 0xb7, 0x9b, 0xb7, 0x9b, 0xb7, 0x9b, 0xb7, 0x9b, 0xb7, 0x9b,
  0xb7, 0x9b, 0xb7, 0x9b, 0xb7, 0x9b, 0x74, 0x5a, 0x74, 0x5a, 0x74, 0x5a, 0x74, 0x5a, 0x74, 0x5a,
  0x74, 0x5a, 0x74, 0x5a, 0x74, 0x5a, 0x74, 0x5a, 0x74, 0x5a, 0x74, 0x5a, 0x74, 0x5a, 0x74, 0x5a,
  0x74, 0x5a, 0x74, 0x5a, 0x74, 0x5a, 0x74, 0x5a, 0x74, 0x5a, 0x74, 0x5a, 0x74, 0x5a, 0x74, 0x5a,
  0x74, 0x5a, 0x74, 0x5a, 0x74, 0x5a, 0x74, 0x5a, 0x74, 0x5a, 0x74, 0x5a, 0x74, 0x5a, 0x74, 0x5a,
  0x49, 0x49, 0x49, 0x49, 0x49, 0x49, 0xb7, 0x9b, 0xb7, 0x9b, 0xb7, 0x9b, 0xb7, 0x9b, 0xb7, 0x9b,
  0xb7, 0x9b, 0xb7, 0x9b, 0xb7, 0x9b, 0xb7, 0x9b, 0xb7, 0x9b, 0xb7, 0x9b, 0xb7, 0x9b, 0xb7, 0x9b,
  0xb7, 0x9b, 0xb7, 0x9b, 0xb7, 0x9b, 0xb7, 0x9b, 0xb7, 0x9b, 0xb7, 0x9b, 0xb7, 0x9b, 0xb7, 0x9b,
  0xb7, 0x9b, 0xb7, 0x9b, 0xb7, 0x9b, 0xb7, 0x9b, 0xb7, 0x9b, 0xb7, 0x9b, 0xb7, 0x9b, 0xb7, 0x9b,
  0xb7, 0x9b, 0xb7, 0x9b, 0xb7, 0x9b, 0xb7, 0x9b, 0xb7, 0x9b, 0xb7, 0x9b, 0xb7, 0x9b, 0x82, 0x10,
  0x82, 0x10, 0x82, 0x10, 0x82, 0x10, 0x82, 0x10, 0x82, 0x10, 0x00, 0x00, 0x00, 0x00, 0x00, 0x00,
  0x00, 0x00, 0x00, 0x00, 0x00, 0x00, 0x00, 0x00, 0x00, 0x00, 0x00, 0x00, 0x00, 0x00, 0x00, 0x00,
  0x00, 0x00, 0x00, 0x00, 0x00, 0x00, 0x00, 0x00, 0x00, 0x00, 0x00, 0x00, 0x00, 0x00, 0x00, 0x00,
  0x00, 0x00, 0x00, 0x00, 0x00, 0x00, 0x00, 0x00, 0x00, 0x00, 0x00, 0x00, 0x00, 0x00, 0x00, 0x00,
  0x00, 0x00, 0x00, 0x00, 0x00, 0x00, 0x00, 0x00, 0x00, 0x00, 0x00, 0x00, 0x00, 0x00, 0x00, 0x00,
  0x00, 0x00, 0x00, 0x00, 0x00, 0x00, 0x00, 0x00, 0x00, 0x00, 0x00, 0x00, 0x00, 0x00, 0x00, 0x00,
  0x00, 0x00, 0x00, 0x00, 0x00, 0x00, 0x00, 0x00, 0x00, 0x00, 0x00, 0x00, 0x00, 0x00, 0x00, 0x00,
  0x00, 0x00, 0x00, 0x00, 0x00, 0x00, 0x00, 0x00, 0x00, 0x00, 0x00, 0x00, 0x00, 0x00, 0x00, 0x00,
  0x00, 0x00, 0x00, 0x00, 0x00, 0x00, 0x00, 0x00, 0x00, 0x00, 0x00, 0x00, 0x00, 0x00, 0x00, 0x00,
  0x00, 0x00, 0x00, 0x00, 0x00, 0x00, 0x00, 0x00, 0x00, 0x00, 0x00, 0x00, 0x00, 0x00, 0x00, 0x00,
  0x00, 0x00, 0x00, 0x00, 0x00, 0x00, 0x00, 0x00, 0x00, 0x00, 0x00, 0x00, 0x00, 0x00, 0x00, 0x00,
  0x00, 0x00, 0x00, 0x00, 0x00, 0x00, 0x00, 0x00, 0x00, 0x00, 0x00, 0x00, 0x00, 0x00, 0x00, 0x00,
  0x00, 0x00, 0x00, 0x00, 0x00, 0x00, 0x00, 0x00, 0x00, 0x00, 0x00, 0x00, 0x00, 0x00, 0x00, 0x00,
  0x00, 0x00, 0x00, 0x00, 0x00, 0x00, 0x00, 0x00, 0x00, 0x00, 0x49, 0x49, 0x49, 0x49, 0x49, 0x49,
  0x74, 0x5a, 0x74, 0x5a, 0x74, 0x5a, 0x74, 0x5a, 0x74, 0x5a, 0x74, 0x5a, 0x74, 0x5a, 0x74, 0x5a,
  0x74, 0x5a, 0x74, 0x5a, 0x74, 0x5a, 0x74, 0x5a, 0x74, 0x5a, 0x74, 0x5a, 0x74, 0x5a, 0x74, 0x5a,
  0x74, 0x5a, 0x74, 0x5a, 0x74, 0x5a, 0x74, 0x5a, 0x74, 0x5a, 0x74, 0x5a, 0x74, 0x5a, 0x74, 0x5a,
  0x35, 0x7b, 0x35, 0x7b, 0x35, 0x7b, 0xb7, 0x9b, 0xb7, 0x9b, 0xb7, 0x9b, 0xb7, 0x9b, 0xb7, 0x9b,
  0xb7, 0x9b, 0xb7, 0x9b, 0xb7, 0x9b, 0xb7, 0x9b, 0xb7, 0x9b, 0xb7, 0x9b, 0xb7, 0x9b, 0x74, 0x5a,
  0x74, 0x5a, 0x74, 0x5a, 0x74, 0x5a, 0x74, 0x5a, 0x74, 0x5a, 0x74, 0x5a, 0x74, 0x5a, 0x74, 0x5a,
  0x74, 0x5a, 0x74, 0x5a, 0x74, 0x5a, 0x74, 0x5a, 0x74, 0x5a, 0x74, 0x5a, 0x74, 0x5a, 0x74, 0x5a,
  0x74, 0x5a, 0x74, 0x5a, 0x74, 0x5a, 0x74, 0x5a, 0x74, 0x5a, 0x74, 0x5a, 0x74, 0x5a, 0x74, 0x5a,
  0x74, 0x5a, 0x74, 0x5a, 0x74, 0x5a, 0x74, 0x5a, 0x49, 0x49, 0x49, 0x49, 0x49, 0x49, 0xb7, 0x9b,
  0xb7, 0x9b, 0xb7, 0x9b, 0xb7, 0x9b, 0xb7, 0x9b, 0xb7, 0x9b, 0xb7, 0x9b, 0xb7, 0x9b, 0xb7, 0x9b,
  0xb7, 0x9b, 0xb7, 0x9b, 0xb7, 0x9b, 0xb7, 0x9b, 0xb7, 0x9b, 0xb7, 0x9b, 0xb7, 0x9b, 0xb7, 0x9b,
  0xb7, 0x9b, 0xb7, 0x9b, 0xb7, 0x9b, 0xb7, 0x9b, 0xb7, 0x9b, 0xb7, 0x9b, 0xb7, 0x9b, 0xb7, 0x9b,
  0xb7, 0x9b, 0xb7, 0x9b, 0xb7, 0x9b, 0xb7, 0x9b, 0xb7, 0x9b, 0xb7, 0x9b, 0xb7, 0x9b, 0xb7, 0x9b,
  0xb7, 0x9b, 0xb7, 0x9b, 0xb7, 0x9b, 0x82, 0x10, 0x82, 0x10, 0x82, 0x10, 0x82, 0x10, 0x82, 0x10,
  0x82, 0x10, 0x00, 0x00, 0x00, 0x00, 0x00, 0x00, 0x00, 0x00, 0x00, 0x00, 0x00, 0x00, 0x00, 0x00,
  0x00, 0x00, 0x00, 0x00, 0x00, 0x00, 0x00, 0x00, 0x00, 0x00, 0x00, 0x00, 0x00, 0x00, 0x00, 0x00,
  0x00, 0x00, 0x00, 0x00, 0x00, 0x00, 0x00, 0x00, 0x00, 0x00, 0x00, 0x00, 0x00, 0x00, 0x00, 0x00,
  0x00, 0x00, 0x00, 0x00, 0x00, 0x00, 0x00, 0x00, 0x00, 0x00, 0x00, 0x00, 0x00, 0x00, 0x00, 0x00,
  0x00, 0x00, 0x00, 0x00, 0x00, 0x00, 0x00, 0x00, 0x00, 0x00, 0x00, 0x00, 0x00, 0x00, 0x00, 0x00,
  0x00, 0x00, 0x00, 0x00, 0x00, 0x00, 0x00, 0x00, 0x00, 0x00, 0x00, 0x00, 0x00, 0x00, 0x00, 0x00,
  0x00, 0x00, 0x00, 0x00, 0x00, 0x00, 0x00, 0x00, 0x00, 0x00, 0x00, 0x00, 0x00, 0x00, 0x00, 0x00,
  0x00, 0x00, 0x00, 0x00, 0x00, 0x00, 0x00, 0x00, 0x00, 0x00, 0x00, 0x00, 0x00, 0x00, 0x00, 0x00,
  0x00, 0x00, 0x00, 0x00, 0x00, 0x00, 0x00, 0x00, 0x00, 0x00, 0x00, 0x00, 0x00, 0x00, 0x00, 0x00,
  0x00, 0x00, 0x00, 0x00, 0x00, 0x00, 0x00, 0x00, 0x00, 0x00, 0x00, 0x00, 0x00, 0x00, 0x00, 0x00,
  0x00, 0x00, 0x00, 0x00, 0x00, 0x00, 0x00, 0x00, 0x00, 0x00, 0x00, 0x00, 0x00, 0x00, 0x00, 0x00,
  0x00, 0x00, 0x00, 0x00, 0x00, 0x00, 0x00, 0x00, 0x00, 0x00, 0x00, 0x00, 0x00, 0x00, 0x00, 0x00,
  0x00, 0x00, 0x00, 0x00, 0x00, 0x00, 0x00, 0x00, 0x00, 0x00, 0x00, 0x00, 0x00, 0x00, 0x00, 0x00,
  0x00, 0x00, 0x49, 0x49, 0x49, 0x49, 0x49, 0x49, 0x74, 0x5a, 0x74, 0x5a, 0x74, 0x5a, 0x74, 0x5a,
  0x74, 0x5a, 0x74, 0x5a, 0x74, 0x5a, 0x74, 0x5a, 0x74, 0x5a, 0x74, 0x5a, 0x74, 0x5a, 0x74, 0x5a,
  0x74, 0x5a, 0x74, 0x5a, 0x74, 0x5a, 0x74, 0x5a, 0x74, 0x5a, 0x74, 0x5a, 0x74, 0x5a, 0x74, 0x5a,
  0x74, 0x5a, 0x74, 0x5a, 0x74, 0x5a, 0x74, 0x5a, 0x35, 0x7b, 0x35, 0x7b, 0x35, 0x7b, 0xb7, 0x9b,
  0xb7, 0x9b, 0xb7, 0x9b, 0xb7, 0x9b, 0xb7, 0x9b, 0xb7, 0x9b, 0xb7, 0x9b, 0xb7, 0x9b, 0xb7, 0x9b,
  0xb7, 0x9b, 0xb7, 0x9b, 0xb7, 0x9b, 0x74, 0x5a, 0x74, 0x5a, 0x74, 0x5a, 0x74, 0x5a, 0x74, 0x5a,
  0x74, 0x5a, 0x74, 0x5a, 0x74, 0x5a, 0x74, 0x5a, 0x74, 0x5a, 0x74, 0x5a, 0x74, 0x5a, 0x74, 0x5a,
  0x74, 0x5a, 0x74, 0x5a, 0x74, 0x5a, 0x74, 0x5a, 0x74, 0x5a, 0x74, 0x5a, 0x74, 0x5a, 0x74, 0x5a,
  0x74, 0x5a, 0x74, 0x5a, 0x74, 0x5a, 0x74, 0x5a, 0x74, 0x5a, 0x74, 0x5a, 0x74, 0x5a, 0x74, 0x5a,
  0x49, 0x49, 0x49, 0x49, 0x49, 0x49, 0xb7, 0x9b, 0xb7, 0x9b, 0xb7, 0x9b, 0xb7, 0x9b, 0xb7, 0x9b,
  0xb7, 0x9b, 0xb7, 0x9b, 0xb7, 0x9b, 0xb7, 0x9b, 0xb7, 0x9b, 0xb7, 0x9b, 0xb7, 0x9b, 0xb7, 0x9b,
  0xb7, 0x9b, 0xb7, 0x9b, 0xb7, 0x9b, 0xb7, 0x9b, 0xb7, 0x9b, 0xb7, 0x9b, 0xb7, 0x9b, 0xb7, 0x9b,
  0xb7, 0x9b, 0xb7, 0x9b, 0xb7, 0x9b, 0xb7, 0x9b, 0xb7, 0x9b, 0xb7, 0x9b, 0xb7, 0x9b, 0xb7, 0x9b,
  0xb7, 0x9b, 0xb7, 0x9b, 0xb7, 0x9b, 0xb7, 0x9b, 0xb7, 0x9b, 0xb7, 0x9b, 0xb7, 0x9b, 0x82, 0x10,
  0x82, 0x10, 0x82, 0x10, 0x82, 0x10, 0x82, 0x10, 0x82, 0x10, 0x00, 0x00, 0x00, 0x00, 0x00, 0x00,
  0x00, 0x00, 0x00, 0x00, 0x00, 0x00, 0x00, 0x00, 0x00, 0x00, 0x00, 0x00, 0x00, 0x00, 0x00, 0x00,
  0x00, 0x00, 0x00, 0x00, 0x00, 0x00, 0x00, 0x00, 0x00, 0x00, 0x00, 0x00, 0x00, 0x00, 0x00, 0x00,
  0x00, 0x00, 0x00, 0x00, 0x00, 0x00, 0x00, 0x00, 0x00, 0x00, 0x00, 0x00, 0x00, 0x00, 0x00, 0x00,
  0x00, 0x00, 0x00, 0x00, 0x00, 0x00, 0x00, 0x00, 0x00, 0x00, 0x00, 0x00, 0x00, 0x00, 0x00, 0x00,
  0x00, 0x00, 0x00, 0x00, 0x00, 0x00, 0x00, 0x00, 0x00, 0x00, 0x00, 0x00, 0x00, 0x00, 0x00, 0x00,
  0x00, 0x00, 0x00, 0x00, 0x00, 0x00, 0x00, 0x00, 0x00, 0x00, 0x00, 0x00, 0x00, 0x00, 0x00, 0x00,
  0x00, 0x00, 0x00, 0x00, 0x00, 0x00, 0x00, 0x00, 0x00, 0x00, 0x00, 0x00, 0x00, 0x00, 0x00, 0x00,
  0x00, 0x00, 0x00, 0x00, 0x00, 0x00, 0x00, 0x00, 0x00, 0x00, 0x00, 0x00, 0x00, 0x00, 0x00, 0x00,
  0x00, 0x00, 0x00, 0x00, 0x00, 0x00, 0x00, 0x00, 0x00, 0x00, 0x00, 0x00, 0x00, 0x00, 0x00, 0x00,
  0x00, 0x00, 0x00, 0x00, 0x00, 0x00, 0x00, 0x00, 0x00, 0x00, 0x00, 0x00, 0x00, 0x00, 0x00, 0x00,
  0x00, 0x00, 0x00, 0x00, 0x00, 0x00, 0x00, 0x00, 0x00, 0x00, 0x00, 0x00, 0x00, 0x00, 0x00, 0x00,
  0x00, 0x00, 0x00, 0x00, 0x00, 0x00, 0x00, 0x00, 0x00, 0x00, 0x00, 0x00, 0x00, 0x00, 0x00, 0x00,
  0x00, 0x00, 0x00, 0x00, 0x00, 0x00, 0x00, 0x00, 0x00, 0x00, 0x49, 0x49, 0x49, 0x49, 0x49, 0x49,
  0x74, 0x5a, 0x74, 0x5a, 0x74, 0x5a, 0x74, 0x5a, 0x74, 0x5a, 0x74, 0x5a, 0x74, 0x5a, 0x74, 0x5a,
  0x74, 0x5a, 0x74, 0x5a, 0x74, 0x5a, 0x74, 0x5a, 0x74, 0x5a, 0x74, 0x5a, 0x74, 0x5a, 0x49, 0x49,
  0x49, 0x49, 0x49, 0x49, 0x74, 0x5a, 0x74, 0x5a, 0x74, 0x5a, 0x74, 0x5a, 0x74, 0x5a, 0x74, 0x5a,
  0x74, 0x5a, 0x74, 0x5a, 0x74, 0x5a, 0x74, 0x5a, 0x74, 0x5a, 0x74, 0x5a, 0x74, 0x5a, 0x74, 0x5a,
  0x74, 0x5a, 0x74, 0x5a, 0x74, 0x5a, 0x74, 0x5a, 0x74, 0x5a, 0x74, 0x5a, 0x74, 0x5a, 0x74, 0x5a,
  0x74, 0x5a, 0x74, 0x5a, 0x74, 0x5a, 0x74, 0x5a, 0x74, 0x5a, 0x74, 0x5a, 0x74, 0x5a, 0x74, 0x5a,
  0x74, 0x5a, 0x74, 0x5a, 0x74, 0x5a, 0x74, 0x5a, 0x74, 0x5a, 0x74, 0x5a, 0x74, 0x5a, 0x74, 0x5a,
  0x74, 0x5a, 0x74, 0x5a, 0x74, 0x5a, 0x74, 0x5a, 0x74, 0x5a, 0x74, 0x5a, 0x74, 0x5a, 0x74, 0x5a,
  0x74, 0x5a, 0x74, 0x5a, 0x74, 0x5a, 0x74, 0x5a, 0x74, 0x5a, 0x74, 0x5a, 0x74, 0x5a, 0x49, 0x49,
  0x49, 0x49, 0x49, 0x49, 0xb7, 0x9b, 0xb7, 0x9b, 0xb7, 0x9b, 0xb7, 0x9b, 0xb7, 0x9b, 0xb7, 0x9b,
  0xb7, 0x9b, 0xb7, 0x9b, 0xb7, 0x9b, 0xb7, 0x9b, 0xb7, 0x9b, 0xb7, 0x9b, 0xb7, 0x9b, 0xb7, 0x9b,
  0xb7, 0x9b, 0x82, 0x10, 0x82, 0x10, 0x82, 0x10, 0x74, 0x5a, 0x74, 0x5a, 0x74, 0x5a, 0x82, 0x10,
  0x82, 0x10, 0x82, 0x10, 0x82, 0x10, 0x82, 0x10, 0x82, 0x10, 0xb7, 0x9b, 0xb7, 0x9b, 0xb7, 0x9b,
  0xb7, 0x9b, 0xb7, 0x9b, 0xb7, 0x9b, 0x82, 0x10, 0x82, 0x10, 0x82, 0x10, 0x00, 0x00, 0x00, 0x00,
  0x00, 0x00, 0x00, 0x00, 0x00, 0x00, 0x00, 0x00, 0x00, 0x00, 0x00, 0x00, 0x00, 0x00, 0x00, 0x00,
  0x00, 0x00, 0x00, 0x00, 0x00, 0x00, 0x00, 0x00, 0x00, 0x00, 0x00, 0x00, 0x00, 0x00, 0x00, 0x00,
  0x00, 0x00, 0x00, 0x00, 0x00, 0x00, 0x00, 0x00, 0x00, 0x00, 0x00, 0x00, 0x00, 0x00, 0x00, 0x00,
  0x00, 0x00, 0x00, 0x00, 0x00, 0x00, 0x00, 0x00, 0x00, 0x00, 0x00, 0x00, 0x00, 0x00, 0x00, 0x00,
  0x00, 0x00, 0x00, 0x00, 0x00, 0x00, 0x00, 0x00, 0x00, 0x00, 0x00, 0x00, 0x00, 0x00, 0x00, 0x00,
  0x00, 0x00, 0x00, 0x00, 0x00, 0x00, 0x00, 0x00, 0x00, 0x00, 0x00, 0x00, 0x00, 0x00, 0x00, 0x00,
  0x00, 0x00, 0x00, 0x00, 0x00, 0x00, 0x00, 0x00, 0x00, 0x00, 0x00, 0x00, 0x00, 0x00, 0x00, 0x00,
  0x00, 0x00, 0x00, 0x00, 0x00, 0x00, 0x00, 0x00, 0x00, 0x00, 0x00, 0x00, 0x00, 0x00, 0x00, 0x00,
  0x00, 0x00, 0x00, 0x00, 0x00, 0x00, 0x00, 0x00, 0x00, 0x00, 0x00, 0x00, 0x00, 0x00, 0x00, 0x00,
  0x00, 0x00, 0x00, 0x00, 0x00, 0x00, 0x00, 0x00, 0x00, 0x00, 0x00, 0x00, 0x00, 0x00, 0x00, 0x00,
  0x00, 0x00, 0x00, 0x00, 0x00, 0x00, 0x00, 0x00, 0x00, 0x00, 0x00, 0x00, 0x00, 0x00, 0x00, 0x00,
  0x00, 0x00, 0x00, 0x00, 0x00, 0x00, 0x00, 0x00, 0x00, 0x00, 0x00, 0x00, 0x00, 0x00, 0x00, 0x00,
  0x00, 0x00, 0x00, 0x00, 0x00, 0x00, 0x00, 0x00, 0x00, 0x00, 0x00, 0x00, 0x00, 0x00, 0x00, 0x00,
  0x00, 0x00, 0x49, 0x49, 0x49, 0x49, 0x49, 0x49, 0x74, 0x5a, 0x74, 0x5a, 0x74, 0x5a, 0x74, 0x5a,
  0x74, 0x5a, 0x74, 0x5a, 0x74, 0x5a, 0x74, 0x5a, 0x74, 0x5a, 0x74, 0x5a, 0x74, 0x5a, 0x74, 0x5a,
  0x74, 0x5a, 0x74, 0x5a, 0x74, 0x5a, 0x49, 0x49, 0x49, 0x49, 0x49, 0x49, 0x74, 0x5a, 0x74, 0x5a,
  0x74, 0x5a, 0x74, 0x5a, 0x74, 0x5a, 0x74, 0x5a, 0x74, 0x5a, 0x74, 0x5a, 0x74, 0x5a, 0x74, 0x5a,
  0x74, 0x5a, 0x74, 0x5a, 0x74, 0x5a, 0x74, 0x5a, 0x74, 0x5a, 0x74, 0x5a, 0x74, 0x5a, 0x74, 0x5a,
  0x74, 0x5a, 0x74, 0x5a, 0x74, 0x5a, 0x74, 0x5a, 0x74, 0x5a, 0x74, 0x5a, 0x74, 0x5a, 0x74, 0x5a,
  0x74, 0x5a, 0x74, 0x5a, 0x74, 0x5a, 0x74, 0x5a, 0x74, 0x5a, 0x74, 0x5a, 0x74, 0x5a, 0x74, 0x5a,
  0x74, 0x5a, 0x74, 0x5a, 0x74, 0x5a, 0x74, 0x5a, 0x74, 0x5a, 0x74, 0x5a, 0x74, 0x5a, 0x74, 0x5a,
  0x74, 0x5a, 0x74, 0x5a, 0x74, 0x5a, 0x74, 0x5a, 0x74, 0x5a, 0x74, 0x5a, 0x74, 0x5a, 0x74, 0x5a,
  0x74, 0x5a, 0x74, 0x5a, 0x74, 0x5a, 0x49, 0x49, 0x49, 0x49, 0x49, 0x49, 0xb7, 0x9b, 0xb7, 0x9b,
  0xb7, 0x9b, 0xb7, 0x9b, 0xb7, 0x9b, 0xb7, 0x9b, 0xb7, 0x9b, 0xb7, 0x9b, 0xb7, 0x9b, 0xb7, 0x9b,
  0xb7, 0x9b, 0xb7, 0x9b, 0xb7, 0x9b, 0xb7, 0x9b, 0xb7, 0x9b, 0x82, 0x10, 0x82, 0x10, 0x82, 0x10,
  0x74, 0x5a, 0x74, 0x5a, 0x74, 0x5a, 0x82, 0x10, 0x82, 0x10, 0x82, 0x10, 0x82, 0x10, 0x82, 0x10,
  0x82, 0x10, 0xb7, 0x9b, 0xb7, 0x9b, 0xb7, 0x9b, 0xb7, 0x9b, 0xb7, 0x9b, 0xb7, 0x9b, 0x82, 0x10,
  0x82, 0x10, 0x82, 0x10, 0x00, 0x00, 0x00, 0x00, 0x00, 0x00, 0x00, 0x00, 0x00, 0x00, 0x00, 0x00,
  0x00, 0x00, 0x00, 0x00, 0x00, 0x00, 0x00, 0x00, 0x00, 0x00, 0x00, 0x00, 0x00, 0x00, 0x00, 0x00,
  0x00, 0x00, 0x00, 0x00, 0x00, 0x00, 0x00, 0x00, 0x00, 0x00, 0x00, 0x00, 0x00, 0x00, 0x00, 0x00,
  0x00, 0x00, 0x00, 0x00, 0x00, 0x00, 0x00, 0x00, 0x00, 0x00, 0x00, 0x00, 0x00, 0x00, 0x00, 0x00,
  0x00, 0x00, 0x00, 0x00, 0x00, 0x00, 0x00, 0x00, 0x00, 0x00, 0x00, 0x00, 0x00, 0x00, 0x00, 0x00,
  0x00, 0x00, 0x00, 0x00, 0x00, 0x00, 0x00, 0x00, 0x00, 0x00, 0x00, 0x00, 0x00, 0x00, 0x00, 0x00,
  0x00, 0x00, 0x00, 0x00, 0x00, 0x00, 0x00, 0x00, 0x00, 0x00, 0x00, 0x00, 0x00, 0x00, 0x00, 0x00,
  0x00, 0x00, 0x00, 0x00, 0x00, 0x00, 0x00, 0x00, 0x00, 0x00, 0x00, 0x00, 0x00, 0x00, 0x00, 0x00,
  0x00, 0x00, 0x00, 0x00, 0x00, 0x00, 0x00, 0x00, 0x00, 0x00, 0x00, 0x00, 0x00, 0x00, 0x00, 0x00,
  0x00, 0x00, 0x00, 0x00, 0x00, 0x00, 0x00, 0x00, 0x00, 0x00, 0x00, 0x00, 0x00, 0x00, 0x00, 0x00,
  0x00, 0x00, 0x00, 0x00, 0x00, 0x00, 0x00, 0x00, 0x00, 0x00, 0x00, 0x00, 0x00, 0x00, 0x00, 0x00,
  0x00, 0x00, 0x00, 0x00, 0x00, 0x00, 0x00, 0x00, 0x00, 0x00, 0x00, 0x00, 0x00, 0x00, 0x00, 0x00,
  0x00, 0x00, 0x00, 0x00, 0x00, 0x00, 0x00, 0x00, 0x00, 0x00, 0x00, 0x00, 0x00, 0x00, 0x00, 0x00,
  0x00, 0x00, 0x00, 0x00, 0x00, 0x00, 0x00, 0x00, 0x00, 0x00, 0x49, 0x49, 0x49, 0x49, 0x49, 0x49,
  0x74, 0x5a, 0x74, 0x5a, 0x74, 0x5a, 0x74, 0x5a, 0x74, 0x5a, 0x74, 0x5a, 0x74, 0x5a, 0x74, 0x5a,
  0x74, 0x5a, 0x74, 0x5a, 0x74, 0x5a, 0x74, 0x5a, 0x74, 0x5a, 0x74, 0x5a, 0x74, 0x5a, 0x49, 0x49,
  0x49, 0x49, 0x49, 0x49, 0x74, 0x5a, 0x74, 0x5a, 0x74, 0x5a, 0x74, 0x5a, 0x74, 0x5a, 0x74, 0x5a,
  0x74, 0x5a, 0x74, 0x5a, 0x74, 0x5a, 0x74, 0x5a, 0x74, 0x5a, 0x74, 0x5a, 0x74, 0x5a, 0x74, 0x5a,
  0x74, 0x5a, 0x74, 0x5a, 0x74, 0x5a, 0x74, 0x5a, 0x74, 0x5a, 0x74, 0x5a, 0x74, 0x5a, 0x74, 0x5a,
  0x74, 0x5a, 0x74, 0x5a, 0x74, 0x5a, 0x74, 0x5a, 0x74, 0x5a, 0x74, 0x5a, 0x74, 0x5a, 0x74, 0x5a,
  0x74, 0x5a, 0x74, 0x5a, 0x74, 0x5a, 0x74, 0x5a, 0x74, 0x5a, 0x74, 0x5a, 0x74, 0x5a, 0x74, 0x5a,
  0x74, 0x5a, 0x74, 0x5a, 0x74, 0x5a, 0x74, 0x5a, 0x74, 0x5a, 0x74, 0x5a, 0x74, 0x5a, 0x74, 0x5a,
  0x74, 0x5a, 0x74, 0x5a, 0x74, 0x5a, 0x74, 0x5a, 0x74, 0x5a, 0x74, 0x5a, 0x74, 0x5a, 0x49, 0x49,
  0x49, 0x49, 0x49, 0x49, 0xb7, 0x9b, 0xb7, 0x9b, 0xb7, 0x9b, 0xb7, 0x9b, 0xb7, 0x9b, 0xb7, 0x9b,
  0xb7, 0x9b, 0xb7, 0x9b, 0xb7, 0x9b, 0xb7, 0x9b, 0xb7, 0x9b, 0xb7, 0x9b, 0xb7, 0x9b, 0xb7, 0x9b,
  0xb7, 0x9b, 0x82, 0x10, 0x82, 0x10, 0x82, 0x10, 0x74, 0x5a, 0x74, 0x5a, 0x74, 0x5a, 0x82, 0x10,
  0x82, 0x10, 0x82, 0x10, 0x82, 0x10, 0x82, 0x10, 0x82, 0x10, 0xb7, 0x9b, 0xb7, 0x9b, 0xb7, 0x9b,
  0xb7, 0x9b, 0xb7, 0x9b, 0xb7, 0x9b, 0x82, 0x10, 0x82, 0x10, 0x82, 0x10, 0x00, 0x00, 0x00, 0x00,
  0x00, 0x00, 0x00, 0x00, 0x00, 0x00, 0x00, 0x00, 0x00, 0x00, 0x00, 0x00, 0x00, 0x00, 0x00, 0x00,
  0x00, 0x00, 0x00, 0x00, 0x00, 0x00, 0x00, 0x00, 0x00, 0x00, 0x00, 0x00, 0x00, 0x00, 0x00, 0x00,
  0x00, 0x00, 0x00, 0x00, 0x00, 0x00, 0x00, 0x00, 0x00, 0x00, 0x00, 0x00, 0x00, 0x00, 0x00, 0x00,
  0x00, 0x00, 0x00, 0x00, 0x00, 0x00, 0x00, 0x00, 0x00, 0x00, 0x00, 0x00, 0x00, 0x00, 0x00, 0x00,
  0x00, 0x00, 0x00, 0x00, 0x00, 0x00, 0x00, 0x00, 0x00, 0x00, 0x00, 0x00, 0x00, 0x00, 0x00, 0x00,
  0x00, 0x00, 0x00, 0x00, 0x00, 0x00, 0x00, 0x00, 0x00, 0x00, 0x00, 0x00, 0x00, 0x00, 0x00, 0x00,
  0x00, 0x00, 0x00, 0x00, 0x00, 0x00, 0x00, 0x00, 0x00, 0x00, 0x00, 0x00, 0x00, 0x00, 0x00, 0x00,
  0x00, 0x00, 0x00, 0x00, 0x00, 0x00, 0x00, 0x00, 0x00, 0x00, 0x00, 0x00, 0x00, 0x00, 0x00, 0x00,
  0x00, 0x00, 0x00, 0x00, 0x00, 0x00, 0x00, 0x00, 0x00, 0x00, 0x00, 0x00, 0x00, 0x00, 0x00, 0x00,
  0x00, 0x00, 0x00, 0x00, 0x00, 0x00, 0x00, 0x00, 0x00, 0x00, 0x00, 0x00, 0x00, 0x00, 0x00, 0x00,
  0x00, 0x00, 0x00, 0x00, 0x00, 0x00, 0x00, 0x00, 0x00, 0x00, 0x00, 0x00, 0x00, 0x00, 0x00, 0x00,
  0x00, 0x00, 0x00, 0x00, 0x00, 0x00, 0x00, 0x00, 0x00, 0x00, 0x00, 0x00, 0x00, 0x00, 0x00, 0x00,
  0x00, 0x00, 0x00, 0x00, 0x00, 0x00, 0x00, 0x00, 0x00, 0x00, 0x00, 0x00, 0x00, 0x00, 0x00, 0x00,
  0x00, 0x00, 0x00, 0x00, 0x00, 0x00, 0x00, 0x00, 0x49, 0x49, 0x49, 0x49, 0x49, 0x49, 0xb7, 0x9b,
  0xb7, 0x9b, 0xb7, 0x9b, 0xb7, 0x9b, 0xb7, 0x9b, 0xb7, 0x9b, 0x35, 0x7b, 0x35, 0x7b, 0x35, 0x7b,
  0x74, 0x5a, 0x74, 0x5a, 0x74, 0x5a, 0x74, 0x5a, 0x74, 0x5a, 0x74, 0x5a, 0x49, 0x49, 0x49, 0x49,
  0x49, 0x49, 0x49, 0x49, 0x49, 0x49, 0x49, 0x49, 0x74, 0x5a, 0x74, 0x5a, 0x74, 0x5a, 0x74, 0x5a,
  0x74, 0x5a, 0x74, 0x5a, 0x74, 0x5a, 0x74, 0x5a, 0x74, 0x5a, 0x74, 0x5a, 0x74, 0x5a, 0x74, 0x5a,
  0x74, 0x5a, 0x74, 0x5a, 0x74, 0x5a, 0x74, 0x5a, 0x74, 0x5a, 0x74, 0x5a, 0x74, 0x5a, 0x74, 0x5a,
  0x74, 0x5a, 0x74, 0x5a, 0x74, 0x5a, 0x74, 0x5a, 0x74, 0x5a, 0x74, 0x5a, 0x74, 0x5a, 0x74, 0x5a,
  0x74, 0x5a, 0x74, 0x5a, 0x74, 0x5a, 0x74, 0x5a, 0x74, 0x5a, 0x74, 0x5a, 0x74, 0x5a, 0x74, 0x5a,
  0x74, 0x5a, 0x74, 0x5a, 0x74, 0x5a, 0x74, 0x5a, 0x74, 0x5a, 0x74, 0x5a, 0x74, 0x5a, 0x74, 0x5a,
  0x74, 0x5a, 0x74, 0x5a, 0x74, 0x5a, 0x74, 0x5a, 0x74, 0x5a, 0x74, 0x5a, 0x49, 0x49, 0x49, 0x49,
  0x49, 0x49, 0xb7, 0x9b, 0xb7, 0x9b, 0xb7, 0x9b, 0xb7, 0x9b, 0xb7, 0x9b, 0xb7, 0x9b, 0xb7, 0x9b,
  0xb7, 0x9b, 0xb7, 0x9b, 0x82, 0x10, 0x82, 0x10, 0x82, 0x10, 0x74, 0x5a, 0x74, 0x5a, 0x74, 0x5a,
  0x82, 0x10, 0x82, 0x10, 0x82, 0x10, 0x74, 0x5a, 0x74, 0x5a, 0x74, 0x5a, 0x74, 0x5a, 0x74, 0x5a,
  0x74, 0x5a, 0x82, 0x10, 0x82, 0x10, 0x82, 0x10, 0xb7, 0x9b, 0xb7, 0x9b, 0xb7, 0x9b, 0x82, 0x10,
  0x82, 0x10, 0x82, 0x10, 0x00, 0x00, 0x00, 0x00, 0x00, 0x00, 0x00, 0x00, 0x00, 0x00, 0x00, 0x00,
  0x00, 0x00, 0x00, 0x00, 0x00, 0x00, 0x00, 0x00, 0x00, 0x00, 0x00, 0x00, 0x00, 0x00, 0x00, 0x00,
  0x00, 0x00, 0x00, 0x00, 0x00, 0x00, 0x00, 0x00, 0x00, 0x00, 0x00, 0x00, 0x00, 0x00, 0x00, 0x00,
  0x00, 0x00, 0x00, 0x00, 0x00, 0x00, 0x00, 0x00, 0x00, 0x00, 0x00, 0x00, 0x00, 0x00, 0x00, 0x00,
  0x00, 0x00, 0x00, 0x00, 0x00, 0x00, 0x00, 0x00, 0x00, 0x00, 0x00, 0x00, 0x00, 0x00, 0x00, 0x00,
  0x00, 0x00, 0x00, 0x00, 0x00, 0x00, 0x00, 0x00, 0x00, 0x00, 0x00, 0x00, 0x00, 0x00, 0x00, 0x00,
  0x00, 0x00, 0x00, 0x00, 0x00, 0x00, 0x00, 0x00, 0x00, 0x00, 0x00, 0x00, 0x00, 0x00, 0x00, 0x00,
  0x00, 0x00, 0x00, 0x00, 0x00, 0x00, 0x00, 0x00, 0x00, 0x00, 0x00, 0x00, 0x00, 0x00, 0x00, 0x00,
  0x00, 0x00, 0x00, 0x00, 0x00, 0x00, 0x00, 0x00, 0x00, 0x00, 0x00, 0x00, 0x00, 0x00, 0x00, 0x00,
  0x00, 0x00, 0x00, 0x00, 0x00, 0x00, 0x00, 0x00, 0x00, 0x00, 0x00, 0x00, 0x00, 0x00, 0x00, 0x00,
  0x00, 0x00, 0x00, 0x00, 0x00, 0x00, 0x00, 0x00, 0x00, 0x00, 0x00, 0x00, 0x00, 0x00, 0x00, 0x00,
  0x00, 0x00, 0x00, 0x00, 0x00, 0x00, 0x00, 0x00, 0x00, 0x00, 0x00, 0x00, 0x00, 0x00, 0x00, 0x00,
  0x00, 0x00, 0x00, 0x00, 0x00, 0x00, 0x00, 0x00, 0x00, 0x00, 0x00, 0x00, 0x00, 0x00, 0x00, 0x00,
  0x00, 0x00, 0x00, 0x00, 0x00, 0x00, 0x00, 0x00, 0x00, 0x00, 0x00, 0x00, 0x00, 0x00, 0x00, 0x00,
  0x49, 0x49, 0x49, 0x49, 0x49, 0x49, 0xb7, 0x9b, 0xb7, 0x9b, 0xb7, 0x9b, 0xb7, 0x9b, 0xb7, 0x9b,
  0xb7, 0x9b, 0x35, 0x7b, 0x35, 0x7b, 0x35, 0x7b, 0x74, 0x5a, 0x74, 0x5a, 0x74, 0x5a, 0x74, 0x5a,
  0x74, 0x5a, 0x74, 0x5a, 0x49, 0x49, 0x49, 0x49, 0x49, 0x49, 0x49, 0x49, 0x49, 0x49, 0x49, 0x49,
  0x74, 0x5a, 0x74, 0x5a, 0x74, 0x5a, 0x74, 0x5a, 0x74, 0x5a, 0x74, 0x5a, 0x74, 0x5a, 0x74, 0x5a,
  0x74, 0x5a, 0x74, 0x5a, 0x74, 0x5a, 0x74, 0x5a, 0x74, 0x5a, 0x74, 0x5a, 0x74, 0x5a, 0x74, 0x5a,
  0x74, 0x5a, 0x74, 0x5a, 0x74, 0x5a, 0x74, 0x5a, 0x74, 0x5a, 0x74, 0x5a, 0x74, 0x5a, 0x74, 0x5a,
  0x74, 0x5a, 0x74, 0x5a, 0x74, 0x5a, 0x74, 0x5a, 0x74, 0x5a, 0x74, 0x5a, 0x74, 0x5a, 0x74, 0x5a,
  0x74, 0x5a, 0x74, 0x5a, 0x74, 0x5a, 0x74, 0x5a, 0x74, 0x5a, 0x74, 0x5a, 0x74, 0x5a, 0x74, 0x5a,
  0x74, 0x5a, 0x74, 0x5a, 0x74, 0x5a, 0x74, 0x5a, 0x74, 0x5a, 0x74, 0x5a, 0x74, 0x5a, 0x74, 0x5a,
  0x74, 0x5a, 0x74, 0x5a, 0x49, 0x49, 0x49, 0x49, 0x49, 0x49, 0xb7, 0x9b, 0xb7, 0x9b, 0xb7, 0x9b,
  0xb7, 0x9b, 0xb7, 0x9b, 0xb7, 0x9b, 0xb7, 0x9b, 0xb7, 0x9b, 0xb7, 0x9b, 0x82, 0x10, 0x82, 0x10,
  0x82, 0x10, 0x74, 0x5a, 0x74, 0x5a, 0x74, 0x5a, 0x82, 0x10, 0x82, 0x10, 0x82, 0x10, 0x74, 0x5a,
  0x74, 0x5a, 0x74, 0x5a, 0x74, 0x5a, 0x74, 0x5a, 0x74, 0x5a, 0x82, 0x10, 0x82, 0x10, 0x82, 0x10,
  0xb7, 0x9b, 0xb7, 0x9b, 0xb7, 0x9b, 0x82, 0x10, 0x82, 0x10, 0x82, 0x10, 0x00, 0x00, 0x00, 0x00,
  0x00, 0x00, 0x00, 0x00, 0x00, 0x00, 0x00, 0x00, 0x00, 0x00, 0x00, 0x00, 0x00, 0x00, 0x00, 0x00,
  0x00, 0x00, 0x00, 0x00, 0x00, 0x00, 0x00, 0x00, 0x00, 0x00, 0x00, 0x00, 0x00, 0x00, 0x00, 0x00,
  0x00, 0x00, 0x00, 0x00, 0x00, 0x00, 0x00, 0x00, 0x00, 0x00, 0x00, 0x00, 0x00, 0x00, 0x00, 0x00,
  0x00, 0x00, 0x00, 0x00, 0x00, 0x00, 0x00, 0x00, 0x00, 0x00, 0x00, 0x00, 0x00, 0x00, 0x00, 0x00,
  0x00, 0x00, 0x00, 0x00, 0x00, 0x00, 0x00, 0x00, 0x00, 0x00, 0x00, 0x00, 0x00, 0x00, 0x00, 0x00,
  0x00, 0x00, 0x00, 0x00, 0x00, 0x00, 0x00, 0x00, 0x00, 0x00, 0x00, 0x00, 0x00, 0x00, 0x00, 0x00,
  0x00, 0x00, 0x00, 0x00, 0x00, 0x00, 0x00, 0x00, 0x00, 0x00, 0x00, 0x00, 0x00, 0x00, 0x00, 0x00,
  0x00, 0x00, 0x00, 0x00, 0x00, 0x00, 0x00, 0x00, 0x00, 0x00, 0x00, 0x00, 0x00, 0x00, 0x00, 0x00,
  0x00, 0x00, 0x00, 0x00, 0x00, 0x00, 0x00, 0x00, 0x00, 0x00, 0x00, 0x00, 0x00, 0x00, 0x00, 0x00,
  0x00, 0x00, 0x00, 0x00, 0x00, 0x00, 0x00, 0x00, 0x00, 0x00, 0x00, 0x00, 0x00, 0x00, 0x00, 0x00,
  0x00, 0x00, 0x00, 0x00, 0x00, 0x00, 0x00, 0x00, 0x00, 0x00, 0x00, 0x00, 0x00, 0x00, 0x00, 0x00,
  0x00, 0x00, 0x00, 0x00, 0x00, 0x00, 0x00, 0x00, 0x00, 0x00, 0x00, 0x00, 0x00, 0x00, 0x00, 0x00,
  0x00, 0x00, 0x00, 0x00, 0x00, 0x00, 0x00, 0x00, 0x00, 0x00, 0x00, 0x00, 0x00, 0x00, 0x00, 0x00,
  0x00, 0x00, 0x00, 0x00, 0x00, 0x00, 0x00, 0x00, 0x49, 0x49, 0x49, 0x49, 0x49, 0x49, 0xb7, 0x9b,
  0xb7, 0x9b, 0xb7, 0x9b, 0xb7, 0x9b, 0xb7, 0x9b, 0xb7, 0x9b, 0x35, 0x7b, 0x35, 0x7b, 0x35, 0x7b,
  0x74, 0x5a, 0x74, 0x5a, 0x74, 0x5a, 0x74, 0x5a, 0x74, 0x5a, 0x74, 0x5a, 0x49, 0x49, 0x49, 0x49,
  0x49, 0x49, 0x49, 0x49, 0x49, 0x49, 0x49, 0x49, 0x74, 0x5a, 0x74, 0x5a, 0x74, 0x5a, 0x74, 0x5a,
  0x74, 0x5a, 0x74, 0x5a, 0x74, 0x5a, 0x74, 0x5a, 0x74, 0x5a, 0x74, 0x5a, 0x74, 0x5a, 0x74, 0x5a,
  0x74, 0x5a, 0x74, 0x5a, 0x74, 0x5a, 0x74, 0x5a, 0x74, 0x5a, 0x74, 0x5a, 0x74, 0x5a, 0x74, 0x5a,
  0x74, 0x5a, 0x74, 0x5a, 0x74, 0x5a, 0x74, 0x5a, 0x74, 0x5a, 0x74, 0x5a, 0x74, 0x5a, 0x74, 0x5a,
  0x74, 0x5a, 0x74, 0x5a, 0x74, 0x5a, 0x74, 0x5a, 0x74, 0x5a, 0x74, 0x5a, 0x74, 0x5a, 0x74, 0x5a,
  0x74, 0x5a, 0x74, 0x5a, 0x74, 0x5a, 0x74, 0x5a, 0x74, 0x5a, 0x74, 0x5a, 0x74, 0x5a, 0x74, 0x5a,
  0x74, 0x5a, 0x74, 0x5a, 0x74, 0x5a, 0x74, 0x5a, 0x74, 0x5a, 0x74, 0x5a, 0x49, 0x49, 0x49, 0x49,
  0x49, 0x49, 0xb7, 0x9b, 0xb7, 0x9b, 0xb7, 0x9b, 0xb7, 0x9b, 0xb7, 0x9b, 0xb7, 0x9b, 0xb7, 0x9b,
  0xb7, 0x9b, 0xb7, 0x9b, 0x82, 0x10, 0x82, 0x10, 0x82, 0x10, 0x74, 0x5a, 0x74, 0x5a, 0x74, 0x5a,
  0x82, 0x10, 0x82, 0x10, 0x82, 0x10, 0x74, 0x5a, 0x74, 0x5a, 0x74, 0x5a, 0x74, 0x5a, 0x74, 0x5a,
  0x74, 0x5a, 0x82, 0x10, 0x82, 0x10, 0x82, 0x10, 0xb7, 0x9b, 0xb7, 0x9b, 0xb7, 0x9b, 0x82, 0x10,
  0x82, 0x10, 0x82, 0x10, 0x00, 0x00, 0x00, 0x00, 0x00, 0x00, 0x00, 0x00, 0x00, 0x00, 0x00, 0x00,
  0x00, 0x00, 0x00, 0x00, 0x00, 0x00, 0x00, 0x00, 0x00, 0x00, 0x00, 0x00, 0x00, 0x00, 0x00, 0x00,
  0x00, 0x00, 0x00, 0x00, 0x00, 0x00, 0x00, 0x00, 0x00, 0x00, 0x00, 0x00, 0x00, 0x00, 0x00, 0x00,
  0x00, 0x00, 0x00, 0x00, 0x00, 0x00, 0x00, 0x00, 0x00, 0x00, 0x00, 0x00, 0x00, 0x00, 0x00, 0x00,
  0x00, 0x00, 0x00, 0x00, 0x00, 0x00, 0x00, 0x00, 0x00, 0x00, 0x00, 0x00, 0x00, 0x00, 0x00, 0x00,
  0x00, 0x00, 0x00, 0x00, 0x00, 0x00, 0x00, 0x00, 0x00, 0x00, 0x00, 0x00, 0x00, 0x00, 0x00, 0x00,
  0x00, 0x00, 0x00, 0x00, 0x00, 0x00, 0x00, 0x00, 0x00, 0x00, 0x00, 0x00, 0x00, 0x00, 0x00, 0x00,
  0x00, 0x00, 0x00, 0x00, 0x00, 0x00, 0x00, 0x00, 0x00, 0x00, 0x00, 0x00, 0x00, 0x00, 0x00, 0x00,
  0x00, 0x00, 0x00, 0x00, 0x00, 0x00, 0x00, 0x00, 0x00, 0x00, 0x00, 0x00, 0x00, 0x00, 0x00, 0x00,
  0x00, 0x00, 0x00, 0x00, 0x00, 0x00, 0x00, 0x00, 0x00, 0x00, 0x00, 0x00, 0x00, 0x00, 0x00, 0x00,
  0x00, 0x00, 0x00, 0x00, 0x00, 0x00, 0x00, 0x00, 0x00, 0x00, 0x00, 0x00, 0x00, 0x00, 0x00, 0x00,
  0x00, 0x00, 0x00, 0x00, 0x00, 0x00, 0x00, 0x00, 0x00, 0x00, 0x00, 0x00, 0x00, 0x00, 0x00, 0x00,
  0x00, 0x00, 0x00, 0x00, 0x00, 0x00, 0x00, 0x00, 0x00, 0x00, 0x00, 0x00, 0x00, 0x00, 0x00, 0x00,
  0x00, 0x00, 0x00, 0x00, 0x00, 0x00, 0x00, 0x00, 0x00, 0x00, 0x00, 0x00, 0x00, 0x00, 0x00, 0x00,
  0x49, 0x49, 0x49, 0x49, 0x49, 0x49, 0xb7, 0x9b, 0xb7, 0x9b, 0xb7, 0x9b, 0xb7, 0x9b, 0xb7, 0x9b,
  0xb7, 0x9b, 0xb7, 0x9b, 0xb7, 0x9b, 0xb7, 0x9b, 0xb7, 0x9b, 0xb7, 0x9b, 0xb7, 0x9b, 0x35, 0x7b,
  0x35, 0x7b, 0x35, 0x7b, 0x74, 0x5a, 0x74, 0x5a, 0x74, 0x5a, 0x74, 0x5a, 0x74, 0x5a, 0x74, 0x5a,
  0x74, 0x5a, 0x74, 0x5a, 0x74, 0x5a, 0x82, 0x10, 0x82, 0x10, 0x82, 0x10, 0x82, 0x10, 0x82, 0x10,
  0x82, 0x10, 0x74, 0x5a, 0x74, 0x5a, 0x74, 0x5a, 0x74, 0x5a, 0x74, 0x5a, 0x74, 0x5a, 0x74, 0x5a,
  0x74, 0x5a, 0x74, 0x5a, 0x74, 0x5a, 0x74, 0x5a, 0x74, 0x5a, 0x74, 0x5a, 0x74, 0x5a, 0x74, 0x5a,
  0x74, 0x5a, 0x74, 0x5a, 0x74, 0x5a, 0x74, 0x5a, 0x74, 0x5a, 0x74, 0x5a, 0x74, 0x5a, 0x74, 0x5a,
  0x74, 0x5a, 0x74, 0x5a, 0x74, 0x5a, 0x74, 0x5a, 0x74, 0x5a, 0x74, 0x5a, 0x82, 0x10, 0x82, 0x10,
  0x82, 0x10, 0x82, 0x10, 0x82, 0x10, 0x82, 0x10, 0x82, 0x10, 0x82, 0x10, 0x82, 0x10, 0x74, 0x5a,
  0x74, 0x5a, 0x74, 0x5a, 0x00, 0x00, 0x00, 0x00, 0x00, 0x00, 0x49, 0x49, 0x49, 0x49, 0x49, 0x49,
  0xb7, 0x9b, 0xb7, 0x9b, 0xb7, 0x9b, 0x82, 0x10, 0x82, 0x10, 0x82, 0x10, 0x74, 0x5a, 0x74, 0x5a,
  0x74, 0x5a, 0x74, 0x5a, 0x74, 0x5a, 0x74, 0x5a, 0x74, 0x5a, 0x74, 0x5a, 0x74, 0x5a, 0x74, 0x5a,
  0x74, 0x5a, 0x74, 0x5a, 0x74, 0x5a, 0x74, 0x5a, 0x74, 0x5a, 0x74, 0x5a, 0x74, 0x5a, 0x74, 0x5a,
  0x82, 0x10, 0x82, 0x10, 0x82, 0x10, 0x00, 0x00, 0x00, 0x00, 0x00, 0x00, 0x00, 0x00, 0x00, 0x00,
  0x00, 0x00, 0x00, 0x00, 0x00, 0x00, 0x00, 0x00, 0x00, 0x00, 0x00, 0x00, 0x00, 0x00, 0x00, 0x00,
  0x00, 0x00, 0x00, 0x00, 0x00, 0x00, 0x00, 0x00, 0x00, 0x00, 0x00, 0x00, 0x00, 0x00, 0x00, 0x00,
  0x00, 0x00, 0x00, 0x00, 0x00, 0x00, 0x00, 0x00, 0x00, 0x00, 0x00, 0x00, 0x00, 0x00, 0x00, 0x00,
  0x00, 0x00, 0x00, 0x00, 0x00, 0x00, 0x00, 0x00, 0x00, 0x00, 0x00, 0x00, 0x00, 0x00, 0x00, 0x00,
  0x00, 0x00, 0x00, 0x00, 0x00, 0x00, 0x00, 0x00, 0x00, 0x00, 0x00, 0x00, 0x00, 0x00, 0x00, 0x00,
  0x00, 0x00, 0x00, 0x00, 0x00, 0x00, 0x00, 0x00, 0x00, 0x00, 0x00, 0x00, 0x00, 0x00, 0x00, 0x00,
  0x00, 0x00, 0x00, 0x00, 0x00, 0x00, 0x00, 0x00, 0x00, 0x00, 0x00, 0x00, 0x00, 0x00, 0x00, 0x00,
  0x00, 0x00, 0x00, 0x00, 0x00, 0x00, 0x00, 0x00, 0x00, 0x00, 0x00, 0x00, 0x00, 0x00, 0x00, 0x00,
  0x00, 0x00, 0x00, 0x00, 0x00, 0x00, 0x00, 0x00, 0x00, 0x00, 0x00, 0x00, 0x00, 0x00, 0x00, 0x00,
  0x00, 0x00, 0x00, 0x00, 0x00, 0x00, 0x00, 0x00, 0x00, 0x00, 0x00, 0x00, 0x00, 0x00, 0x00, 0x00,
  0x00, 0x00, 0x00, 0x00, 0x00, 0x00, 0x00, 0x00, 0x00, 0x00, 0x00, 0x00, 0x00, 0x00, 0x00, 0x00,
  0x00, 0x00, 0x00, 0x00, 0x00, 0x00, 0x00, 0x00, 0x00, 0x00, 0x00, 0x00, 0x00, 0x00, 0x00, 0x00,
  0x00, 0x00, 0x00, 0x00, 0x00, 0x00, 0x00, 0x00, 0x00, 0x00, 0x00, 0x00, 0x00, 0x00, 0x00, 0x00,
  0x00, 0x00, 0x00, 0x00, 0x00, 0x00, 0x00, 0x00, 0x49, 0x49, 0x49, 0x49, 0x49, 0x49, 0xb7, 0x9b,
  0xb7, 0x9b, 0xb7, 0x9b, 0xb7, 0x9b, 0xb7, 0x9b, 0xb7, 0x9b, 0xb7, 0x9b, 0xb7, 0x9b, 0xb7, 0x9b,
  0xb7, 0x9b, 0xb7, 0x9b, 0xb7, 0x9b, 0x35, 0x7b, 0x35, 0x7b, 0x35, 0x7b, 0x74, 0x5a, 0x74, 0x5a,
  0x74, 0x5a, 0x74, 0x5a, 0x74, 0x5a, 0x74, 0x5a, 0x74, 0x5a, 0x74, 0x5a, 0x74, 0x5a, 0x82, 0x10,
  0x82, 0x10, 0x82, 0x10, 0x82, 0x10, 0x82, 0x10, 0x82, 0x10, 0x74, 0x5a, 0x74, 0x5a, 0x74, 0x5a,
  0x74, 0x5a, 0x74, 0x5a, 0x74, 0x5a, 0x74, 0x5a, 0x74, 0x5a, 0x74, 0x5a, 0x74, 0x5a, 0x74, 0x5a,
  0x74, 0x5a, 0x74, 0x5a, 0x74, 0x5a, 0x74, 0x5a, 0x74, 0x5a, 0x74, 0x5a, 0x74, 0x5a, 0x74, 0x5a,
  0x74, 0x5a, 0x74, 0x5a, 0x74, 0x5a, 0x74, 0x5a, 0x74, 0x5a, 0x74, 0x5a, 0x74, 0x5a, 0x74, 0x5a,
  0x74, 0x5a, 0x74, 0x5a, 0x82, 0x10, 0x82, 0x10, 0x82, 0x10, 0x82, 0x10, 0x82, 0x10, 0x82, 0x10,
  0x82, 0x10, 0x82, 0x10, 0x82, 0x10, 0x74, 0x5a, 0x74, 0x5a, 0x74, 0x5a, 0x00, 0x00, 0x00, 0x00,
  0x00, 0x00, 0x49, 0x49, 0x49, 0x49, 0x49, 0x49, 0xb7, 0x9b, 0xb7, 0x9b, 0xb7, 0x9b, 0x82, 0x10,
  0x82, 0x10, 0x82, 0x10, 0x74, 0x5a, 0x74, 0x5a, 0x74, 0x5a, 0x74, 0x5a, 0x74, 0x5a, 0x74, 0x5a,
  0x74, 0x5a, 0x74, 0x5a, 0x74, 0x5a, 0x74, 0x5a, 0x74, 0x5a, 0x74, 0x5a, 0x74, 0x5a, 0x74, 0x5a,
  0x74, 0x5a, 0x74, 0x5a, 0x74, 0x5a, 0x74, 0x5a, 0x82, 0x10, 0x82, 0x10, 0x82, 0x10, 0x00, 0x00,
  0x00, 0x00, 0x00, 0x00, 0x00, 0x00, 0x00, 0x00, 0x00, 0x00, 0x00, 0x00, 0x00, 0x00, 0x00, 0x00,
  0x00, 0x00, 0x00, 0x00, 0x00, 0x00, 0x00, 0x00, 0x00, 0x00, 0x00, 0x00, 0x00, 0x00, 0x00, 0x00,
  0x00, 0x00, 0x00, 0x00, 0x00, 0x00, 0x00, 0x00, 0x00, 0x00, 0x00, 0x00, 0x00, 0x00, 0x00, 0x00,
  0x00, 0x00, 0x00, 0x00, 0x00, 0x00, 0x00, 0x00, 0x00, 0x00, 0x00, 0x00, 0x00, 0x00, 0x00, 0x00,
  0x00, 0x00, 0x00, 0x00, 0x00, 0x00, 0x00, 0x00, 0x00, 0x00, 0x00, 0x00, 0x00, 0x00, 0x00, 0x00,
  0x00, 0x00, 0x00, 0x00, 0x00, 0x00, 0x00, 0x00, 0x00, 0x00, 0x00, 0x00, 0x00, 0x00, 0x00, 0x00,
  0x00, 0x00, 0x00, 0x00, 0x00, 0x00, 0x00, 0x00, 0x00, 0x00, 0x00, 0x00, 0x00, 0x00, 0x00, 0x00,
  0x00, 0x00, 0x00, 0x00, 0x00, 0x00, 0x00, 0x00, 0x00, 0x00, 0x00, 0x00, 0x00, 0x00, 0x00, 0x00,
  0x00, 0x00, 0x00, 0x00, 0x00, 0x00, 0x00, 0x00, 0x00, 0x00, 0x00, 0x00, 0x00, 0x00, 0x00, 0x00,
  0x00, 0x00, 0x00, 0x00, 0x00, 0x00, 0x00, 0x00, 0x00, 0x00, 0x00, 0x00, 0x00, 0x00, 0x00, 0x00,
  0x00, 0x00, 0x00, 0x00, 0x00, 0x00, 0x00, 0x00, 0x00, 0x00, 0x00, 0x00, 0x00, 0x00, 0x00, 0x00,
  0x00, 0x00, 0x00, 0x00, 0x00, 0x00, 0x00, 0x00, 0x00, 0x00, 0x00, 0x00, 0x00, 0x00, 0x00, 0x00,
  0x00, 0x00, 0x00, 0x00, 0x00, 0x00, 0x00, 0x00, 0x00, 0x00, 0x00, 0x00, 0x00, 0x00, 0x00, 0x00,
  0x00, 0x00, 0x00, 0x00, 0x00, 0x00, 0x00, 0x00, 0x00, 0x00, 0x00, 0x00, 0x00, 0x00, 0x00, 0x00,
  0x49, 0x49, 0x49, 0x49, 0x49, 0x49, 0xb7, 0x9b, 0xb7, 0x9b, 0xb7, 0x9b, 0xb7, 0x9b, 0xb7, 0x9b,
  0xb7, 0x9b, 0xb7, 0x9b, 0xb7, 0x9b, 0xb7, 0x9b, 0xb7, 0x9b, 0xb7, 0x9b, 0xb7, 0x9b, 0x35, 0x7b,
  0x35, 0x7b, 0x35, 0x7b, 0x74, 0x5a, 0x74, 0x5a, 0x74, 0x5a, 0x74, 0x5a, 0x74, 0x5a, 0x74, 0x5a,
  0x74, 0x5a, 0x74, 0x5a, 0x74, 0x5a, 0x82, 0x10, 0x82, 0x10, 0x82, 0x10, 0x82, 0x10, 0x82, 0x10,
  0x82, 0x10, 0x74, 0x5a, 0x74, 0x5a, 0x74, 0x5a, 0x74, 0x5a, 0x74, 0x5a, 0x74, 0x5a, 0x74, 0x5a,
  0x74, 0x5a, 0x74, 0x5a, 0x74, 0x5a, 0x74, 0x5a, 0x74, 0x5a, 0x74, 0x5a, 0x74, 0x5a, 0x74, 0x5a,
  0x74, 0x5a, 0x74, 0x5a, 0x74, 0x5a, 0x74, 0x5a, 0x74, 0x5a, 0x74, 0x5a, 0x74, 0x5a, 0x74, 0x5a,
  0x74, 0x5a, 0x74, 0x5a, 0x74, 0x5a, 0x74, 0x5a, 0x74, 0x5a, 0x74, 0x5a, 0x82, 0x10, 0x82, 0x10,
  0x82, 0x10, 0x82, 0x10, 0x82, 0x10, 0x82, 0x10, 0x82, 0x10, 0x82, 0x10, 0x82, 0x10, 0x74, 0x5a,
  0x74, 0x5a, 0x74, 0x5a, 0x00, 0x00, 0x00, 0x00, 0x00, 0x00, 0x49, 0x49, 0x49, 0x49, 0x49, 0x49,
  0xb7, 0x9b, 0xb7, 0x9b, 0xb7, 0x9b, 0x82, 0x10, 0x82, 0x10, 0x82, 0x10, 0x74, 0x5a, 0x74, 0x5a,
  0x74, 0x5a, 0x74, 0x5a, 0x74, 0x5a, 0x74, 0x5a, 0x74, 0x5a, 0x74, 0x5a, 0x74, 0x5a, 0x74, 0x5a,
  0x74, 0x5a, 0x74, 0x5a, 0x74, 0x5a, 0x74, 0x5a, 0x74, 0x5a, 0x74, 0x5a, 0x74, 0x5a, 0x74, 0x5a,
  0x82, 0x10, 0x82, 0x10, 0x82, 0x10, 0x00, 0x00, 0x00, 0x00, 0x00, 0x00, 0x00, 0x00, 0x00, 0x00,
  0x00, 0x00, 0x00, 0x00, 0x00, 0x00, 0x00, 0x00, 0x00, 0x00, 0x00, 0x00, 0x00, 0x00, 0x00, 0x00,
  0x00, 0x00, 0x00, 0x00, 0x00, 0x00, 0x00, 0x00, 0x00, 0x00, 0x00, 0x00, 0x00, 0x00, 0x00, 0x00,
  0x00, 0x00, 0x00, 0x00, 0x00, 0x00, 0x00, 0x00, 0x00, 0x00, 0x00, 0x00, 0x00, 0x00, 0x00, 0x00,
  0x00, 0x00, 0x00, 0x00, 0x00, 0x00, 0x00, 0x00, 0x00, 0x00, 0x00, 0x00, 0x00, 0x00, 0x00, 0x00,
  0x00, 0x00, 0x00, 0x00, 0x00, 0x00, 0x00, 0x00, 0x00, 0x00, 0x00, 0x00, 0x00, 0x00, 0x00, 0x00,
  0x00, 0x00, 0x00, 0x00, 0x00, 0x00, 0x00, 0x00, 0x00, 0x00, 0x00, 0x00, 0x00, 0x00, 0x00, 0x00,
  0x00, 0x00, 0x00, 0x00, 0x00, 0x00, 0x00, 0x00, 0x00, 0x00, 0x00, 0x00, 0x00, 0x00, 0x00, 0x00,
  0x00, 0x00, 0x00, 0x00, 0x00, 0x00, 0x00, 0x00, 0x00, 0x00, 0x00, 0x00, 0x00, 0x00, 0x00, 0x00,
  0x00, 0x00, 0x00, 0x00, 0x00, 0x00, 0x00, 0x00, 0x00, 0x00, 0x00, 0x00, 0x00, 0x00, 0x00, 0x00,
  0x00, 0x00, 0x00, 0x00, 0x00, 0x00, 0x00, 0x00, 0x00, 0x00, 0x00, 0x00, 0x00, 0x00, 0x00, 0x00,
  0x00, 0x00, 0x00, 0x00, 0x00, 0x00, 0x00, 0x00, 0x00, 0x00, 0x00, 0x00, 0x00, 0x00, 0x00, 0x00,
  0x00, 0x00, 0x00, 0x00, 0x00, 0x00, 0x00, 0x00, 0x00, 0x00, 0x00, 0x00, 0x00, 0x00, 0x00, 0x00,
  0x00, 0x00, 0x00, 0x00, 0x00, 0x00, 0x00, 0x00, 0x00, 0x00, 0x00, 0x00, 0x00, 0x00, 0x00, 0x00,
  0x00, 0x00, 0x00, 0x00, 0x00, 0x00, 0x00, 0x00, 0x00, 0x00, 0x00, 0x00, 0x00, 0x00, 0x49, 0x49,
  0x49, 0x49, 0x49, 0x49, 0xb7, 0x9b, 0xb7, 0x9b, 0xb7, 0x9b, 0xb7, 0x9b, 0xb7, 0x9b, 0xb7, 0x9b,
  0xb7, 0x9b, 0xb7, 0x9b, 0xb7, 0x9b, 0xb7, 0x9b, 0xb7, 0x9b, 0xb7, 0x9b, 0xb7, 0x9b, 0xb7, 0x9b,
  0xb7, 0x9b, 0x35, 0x7b, 0x35, 0x7b, 0x35, 0x7b, 0x74, 0x5a, 0x74, 0x5a, 0x74, 0x5a, 0x82, 0x10,
  0x82, 0x10, 0x00, 0x00, 0x00, 0x00, 0x00, 0x00, 0x00, 0x00, 0x82, 0x10, 0x82, 0x10, 0x82, 0x10,
  0x82, 0x10, 0x82, 0x10, 0x82, 0x10, 0x82, 0x10, 0x82, 0x10, 0x82, 0x10, 0x82, 0x10, 0x82, 0x10,
  0x82, 0x10, 0x82, 0x10, 0x82, 0x10, 0x82, 0x10, 0x82, 0x10, 0x82, 0x10, 0x82, 0x10, 0x82, 0x10,
  0x82, 0x10, 0x82, 0x10, 0x82, 0x10, 0x82, 0x10, 0x82, 0x10, 0x82, 0x10, 0x82, 0x10, 0x82, 0x10,
  0x82, 0x10, 0x82, 0x10, 0x00, 0x00, 0x00, 0x00, 0x00, 0x00, 0x00, 0x00, 0x00, 0x00, 0x00, 0x00,
  0x00, 0x00, 0x00, 0x00, 0x00, 0x00, 0x00, 0x00, 0x00, 0x00, 0x00, 0x00, 0x00, 0x00, 0x00, 0x00,
  0x00, 0x00, 0x00, 0x00, 0x00, 0x00, 0x00, 0x00, 0x49, 0x49, 0x49, 0x49, 0x49, 0x49, 0x82, 0x10,
  0x82, 0x10, 0x82, 0x10, 0x74, 0x5a, 0x74, 0x5a, 0x74, 0x5a, 0x74, 0x5a, 0x74, 0x5a, 0x74, 0x5a,
  0x74, 0x5a, 0x74, 0x5a, 0x74, 0x5a, 0x74, 0x5a, 0x74, 0x5a, 0x74, 0x5a, 0x74, 0x5a, 0x74, 0x5a,
  0x74, 0x5a, 0x74, 0x5a, 0x74, 0x5a, 0x74, 0x5a, 0x82, 0x10, 0x82, 0x10, 0x82, 0x10, 0x00, 0x00,
  0x00, 0x00, 0x00, 0x00, 0x00, 0x00, 0x00, 0x00, 0x00, 0x00, 0x00, 0x00, 0x00, 0x00, 0x00, 0x00,
  0x00, 0x00, 0x00, 0x00, 0x00, 0x00, 0x00, 0x00, 0x00, 0x00, 0x00, 0x00, 0x00, 0x00, 0x00, 0x00,
  0x00, 0x00, 0x00, 0x00, 0x00, 0x00, 0x00, 0x00, 0x00, 0x00, 0x00, 0x00, 0x00, 0x00, 0x00, 0x00,
  0x00, 0x00, 0x00, 0x00, 0x00, 0x00, 0x00, 0x00, 0x00, 0x00, 0x00, 0x00, 0x00, 0x00, 0x00, 0x00,
  0x00, 0x00, 0x00, 0x00, 0x00, 0x00, 0x00, 0x00, 0x00, 0x00, 0x00, 0x00, 0x00, 0x00, 0x00, 0x00,
  0x00, 0x00, 0x00, 0x00, 0x00, 0x00, 0x00, 0x00, 0x00, 0x00, 0x00, 0x00, 0x00, 0x00, 0x00, 0x00,
  0x00, 0x00, 0x00, 0x00, 0x00, 0x00, 0x00, 0x00, 0x00, 0x00, 0x00, 0x00, 0x00, 0x00, 0x00, 0x00,
  0x00, 0x00, 0x00, 0x00, 0x00, 0x00, 0x00, 0x00, 0x00, 0x00, 0x00, 0x00, 0x00, 0x00, 0x00, 0x00,
  0x00, 0x00, 0x00, 0x00, 0x00, 0x00, 0x00, 0x00, 0x00, 0x00, 0x00, 0x00, 0x00, 0x00, 0x00, 0x00,
  0x00, 0x00, 0x00, 0x00, 0x00, 0x00, 0x00, 0x00, 0x00, 0x00, 0x00, 0x00, 0x00, 0x00, 0x00, 0x00,
  0x00, 0x00, 0x00, 0x00, 0x00, 0x00, 0x00, 0x00, 0x00, 0x00, 0x00, 0x00, 0x00, 0x00, 0x00, 0x00,
  0x00, 0x00, 0x00, 0x00, 0x00, 0x00, 0x00, 0x00, 0x00, 0x00, 0x00, 0x00, 0x00, 0x00, 0x00, 0x00,
  0x00, 0x00, 0x00, 0x00, 0x00, 0x00, 0x00, 0x00, 0x00, 0x00, 0x00, 0x00, 0x00, 0x00, 0x00, 0x00,
  0x00, 0x00, 0x00, 0x00, 0x00, 0x00, 0x00, 0x00, 0x00, 0x00, 0x00, 0x00, 0x00, 0x00, 0x00, 0x00,
  0x00, 0x00, 0x00, 0x00, 0x00, 0x00, 0x49, 0x49, 0x49, 0x49, 0x49, 0x49, 0xb7, 0x9b, 0xb7, 0x9b,
  0xb7, 0x9b, 0xb7, 0x9b, 0xb7, 0x9b, 0xb7, 0x9b, 0xb7, 0x9b, 0xb7, 0x9b, 0xb7, 0x9b, 0xb7, 0x9b,
  0xb7, 0x9b, 0xb7, 0x9b, 0xb7, 0x9b, 0xb7, 0x9b, 0xb7, 0x9b, 0x35, 0x7b, 0x35, 0x7b, 0x35, 0x7b,
  0x74, 0x5a, 0x74, 0x5a, 0x74, 0x5a, 0x82, 0x10, 0x82, 0x10, 0x00, 0x00, 0x00, 0x00, 0x00, 0x00,
  0x00, 0x00, 0x82, 0x10, 0x82, 0x10, 0x82, 0x10, 0x82, 0x10, 0x82, 0x10, 0x82, 0x10, 0x82, 0x10,
  0x82, 0x10, 0x82, 0x10, 0x82, 0x10, 0x82, 0x10, 0x82, 0x10, 0x82, 0x10, 0x82, 0x10, 0x82, 0x10,
  0x82, 0x10, 0x82, 0x10, 0x82, 0x10, 0x82, 0x10, 0x82, 0x10, 0x82, 0x10, 0x82, 0x10, 0x82, 0x10,
  0x82, 0x10, 0x82, 0x10, 0x82, 0x10, 0x82, 0x10, 0x82, 0x10, 0x82, 0x10, 0x00, 0x00, 0x00, 0x00,
  0x00, 0x00, 0x00, 0x00, 0x00, 0x00, 0x00, 0x00, 0x00, 0x00, 0x00, 0x00, 0x00, 0x00, 0x00, 0x00,
  0x00, 0x00, 0x00, 0x00, 0x00, 0x00, 0x00, 0x00, 0x00, 0x00, 0x00, 0x00, 0x00, 0x00, 0x00, 0x00,
  0x49, 0x49, 0x49, 0x49, 0x49, 0x49, 0x82, 0x10, 0x82, 0x10, 0x82, 0x10, 0x74, 0x5a, 0x74, 0x5a,
  0x74, 0x5a, 0x74, 0x5a, 0x74, 0x5a, 0x74, 0x5a, 0x74, 0x5a, 0x74, 0x5a, 0x74, 0x5a, 0x74, 0x5a,
  0x74, 0x5a, 0x74, 0x5a, 0x74, 0x5a, 0x74, 0x5a, 0x74, 0x5a, 0x74, 0x5a, 0x74, 0x5a, 0x74, 0x5a,
  0x82, 0x10, 0x82, 0x10, 0x82, 0x10, 0x00, 0x00, 0x00, 0x00, 0x00, 0x00, 0x00, 0x00, 0x00, 0x00,
  0x00, 0x00, 0x00, 0x00, 0x00, 0x00, 0x00, 0x00, 0x00, 0x00, 0x00, 0x00, 0x00, 0x00, 0x00, 0x00,
  0x00, 0x00, 0x00, 0x00, 0x00, 0x00, 0x00, 0x00, 0x00, 0x00, 0x00, 0x00, 0x00, 0x00, 0x00, 0x00,
  0x00, 0x00, 0x00, 0x00, 0x00, 0x00, 0x00, 0x00, 0x00, 0x00, 0x00, 0x00, 0x00, 0x00, 0x00, 0x00,
  0x00, 0x00, 0x00, 0x00, 0x00, 0x00, 0x00, 0x00, 0x00, 0x00, 0x00, 0x00, 0x00, 0x00, 0x00, 0x00,
  0x00, 0x00, 0x00, 0x00, 0x00, 0x00, 0x00, 0x00, 0x00, 0x00, 0x00, 0x00, 0x00, 0x00, 0x00, 0x00,
  0x00, 0x00, 0x00, 0x00, 0x00, 0x00, 0x00, 0x00, 0x00, 0x00, 0x00, 0x00, 0x00, 0x00, 0x00, 0x00,
  0x00, 0x00, 0x00, 0x00, 0x00, 0x00, 0x00, 0x00, 0x00, 0x00, 0x00, 0x00, 0x00, 0x00, 0x00, 0x00,
  0x00, 0x00, 0x00, 0x00, 0x00, 0x00, 0x00, 0x00, 0x00, 0x00, 0x00, 0x00, 0x00, 0x00, 0x00, 0x00,
  0x00, 0x00, 0x00, 0x00, 0x00, 0x00, 0x00, 0x00, 0x00, 0x00, 0x00, 0x00, 0x00, 0x00, 0x00, 0x00,
  0x00, 0x00, 0x00, 0x00, 0x00, 0x00, 0x00, 0x00, 0x00, 0x00, 0x00, 0x00, 0x00, 0x00, 0x00, 0x00,
  0x00, 0x00, 0x00, 0x00, 0x00, 0x00, 0x00, 0x00, 0x00, 0x00, 0x00, 0x00, 0x00, 0x00, 0x00, 0x00,
  0x00, 0x00, 0x00, 0x00, 0x00, 0x00, 0x00, 0x00, 0x00, 0x00, 0x00, 0x00, 0x00, 0x00, 0x00, 0x00,
  0x00, 0x00, 0x00, 0x00, 0x00, 0x00, 0x00, 0x00, 0x00, 0x00, 0x00, 0x00, 0x00, 0x00, 0x00, 0x00,
  0x00, 0x00, 0x00, 0x00, 0x00, 0x00, 0x00, 0x00, 0x00, 0x00, 0x00, 0x00, 0x00, 0x00, 0x49, 0x49,
  0x49, 0x49, 0x49, 0x49, 0xb7, 0x9b, 0xb7, 0x9b, 0xb7, 0x9b, 0xb7, 0x9b, 0xb7, 0x9b, 0xb7, 0x9b,
  0xb7, 0x9b, 0xb7, 0x9b, 0xb7, 0x9b, 0xb7, 0x9b, 0xb7, 0x9b, 0xb7, 0x9b, 0xb7, 0x9b, 0xb7, 0x9b,
  0xb7, 0x9b, 0x35, 0x7b, 0x35, 0x7b, 0x35, 0x7b, 0x74, 0x5a, 0x74, 0x5a, 0x74, 0x5a, 0x82, 0x10,
  0x82, 0x10, 0x00, 0x00, 0x00, 0x00, 0x00, 0x00, 0x00, 0x00, 0x82, 0x10, 0x82, 0x10, 0x82, 0x10,
  0x82, 0x10, 0x82, 0x10, 0x82, 0x10, 0x82, 0x10, 0x82, 0x10, 0x82, 0x10, 0x82, 0x10, 0x82, 0x10,
  0x82, 0x10, 0x82, 0x10, 0x82, 0x10, 0x82, 0x10, 0x82, 0x10, 0x82, 0x10, 0x82, 0x10, 0x82, 0x10,
  0x82, 0x10, 0x82, 0x10, 0x82, 0x10, 0x82, 0x10, 0x82, 0x10, 0x82, 0x10, 0x82, 0x10, 0x82, 0x10,
  0x82, 0x10, 0x82, 0x10, 0x00, 0x00, 0x00, 0x00, 0x00, 0x00, 0x00, 0x00, 0x00, 0x00, 0x00, 0x00,
  0x00, 0x00, 0x00, 0x00, 0x00, 0x00, 0x00, 0x00, 0x00, 0x00, 0x00, 0x00, 0x00, 0x00, 0x00, 0x00,
  0x00, 0x00, 0x00, 0x00, 0x00, 0x00, 0x00, 0x00, 0x49, 0x49, 0x49, 0x49, 0x49, 0x49, 0x82, 0x10,
  0x82, 0x10, 0x82, 0x10, 0x74, 0x5a, 0x74, 0x5a, 0x74, 0x5a, 0x74, 0x5a, 0x74, 0x5a, 0x74, 0x5a,
  0x74, 0x5a, 0x74, 0x5a, 0x74, 0x5a, 0x74, 0x5a, 0x74, 0x5a, 0x74, 0x5a, 0x74, 0x5a, 0x74, 0x5a,
  0x74, 0x5a, 0x74, 0x5a, 0x74, 0x5a, 0x74, 0x5a, 0x82, 0x10, 0x82, 0x10, 0x82, 0x10, 0x00, 0x00,
  0x00, 0x00, 0x00, 0x00, 0x00, 0x00, 0x00, 0x00, 0x00, 0x00, 0x00, 0x00, 0x00, 0x00, 0x00, 0x00,
  0x00, 0x00, 0x00, 0x00, 0x00, 0x00, 0x00, 0x00, 0x00, 0x00, 0x00, 0x00, 0x00, 0x00, 0x00, 0x00,
  0x00, 0x00, 0x00, 0x00, 0x00, 0x00, 0x00, 0x00, 0x00, 0x00, 0x00, 0x00, 0x00, 0x00, 0x00, 0x00,
  0x00, 0x00, 0x00, 0x00, 0x00, 0x00, 0x00, 0x00, 0x00, 0x00, 0x00, 0x00, 0x00, 0x00, 0x00, 0x00,
  0x00, 0x00, 0x00, 0x00, 0x00, 0x00, 0x00, 0x00, 0x00, 0x00, 0x00, 0x00, 0x00, 0x00, 0x00, 0x00,
  0x00, 0x00, 0x00, 0x00, 0x00, 0x00, 0x00, 0x00, 0x00, 0x00, 0x00, 0x00, 0x00, 0x00, 0x00, 0x00,
  0x00, 0x00, 0x00, 0x00, 0x00, 0x00, 0x00, 0x00, 0x00, 0x00, 0x00, 0x00, 0x00, 0x00, 0x00, 0x00,
  0x00, 0x00, 0x00, 0x00, 0x00, 0x00, 0x00, 0x00, 0x00, 0x00, 0x00, 0x00, 0x00, 0x00, 0x00, 0x00,
  0x00, 0x00, 0x00, 0x00, 0x00, 0x00, 0x00, 0x00, 0x00, 0x00, 0x00, 0x00, 0x00, 0x00, 0x00, 0x00,
  0x00, 0x00, 0x00, 0x00, 0x00, 0x00, 0x00, 0x00, 0x00, 0x00, 0x00, 0x00, 0x00, 0x00, 0x00, 0x00,
  0x00, 0x00, 0x00, 0x00, 0x00, 0x00, 0x00, 0x00, 0x00, 0x00, 0x00, 0x00, 0x00, 0x00, 0x00, 0x00,
  0x00, 0x00, 0x00, 0x00, 0x00, 0x00, 0x00, 0x00, 0x00, 0x00, 0x00, 0x00, 0x00, 0x00, 0x00, 0x00,
  0x00, 0x00, 0x00, 0x00, 0x00, 0x00, 0x00, 0x00, 0x00, 0x00, 0x00, 0x00, 0x00, 0x00, 0x00, 0x00,
  0x00, 0x00, 0x00, 0x00, 0x00, 0x00, 0x00, 0x00, 0x00, 0x00, 0x00, 0x00, 0x00, 0x00, 0x00, 0x00,
  0x49, 0x49, 0x49, 0x49, 0x49, 0x49, 0xb7, 0x9b, 0xb7, 0x9b, 0xb7, 0x9b, 0x74, 0x5a, 0x74, 0x5a,
  0x74, 0x5a, 0xb7, 0x9b, 0xb7, 0x9b, 0xb7, 0x9b, 0x74, 0x5a, 0x74, 0x5a, 0x74, 0x5a, 0xb7, 0x9b,
  0xb7, 0x9b, 0xb7, 0x9b, 0xb7, 0x9b, 0xb7, 0x9b, 0xb7, 0x9b, 0xb7, 0x9b, 0xb7, 0x9b, 0xb7, 0x9b,
  0x74, 0x5a, 0x74, 0x5a, 0x74, 0x5a, 0x82, 0x10, 0x82, 0x10, 0x00, 0x00, 0x00, 0x00, 0x00, 0x00,
  0x00, 0x00, 0x00, 0x00, 0x00, 0x00, 0x00, 0x00, 0x00, 0x00, 0x00, 0x00, 0x00, 0x00, 0x00, 0x00,
  0x00, 0x00, 0x00, 0x00, 0x00, 0x00, 0x00, 0x00, 0x00, 0x00, 0x00, 0x00, 0x00, 0x00, 0x00, 0x00,
  0x00, 0x00, 0x00, 0x00, 0x00, 0x00, 0x00, 0x00, 0x00, 0x00, 0x00, 0x00, 0x00, 0x00, 0x00, 0x00,
  0x00, 0x00, 0x00, 0x00, 0x00, 0x00, 0x00, 0x00, 0x00, 0x00, 0x00, 0x00, 0x00, 0x00, 0x00, 0x00,
  0x00, 0x00, 0x00, 0x00, 0x00, 0x00, 0x00, 0x00, 0x00, 0x00, 0x00, 0x00, 0x00, 0x00, 0x00, 0x00,
  0x00, 0x00, 0x00, 0x00, 0x00, 0x00, 0x00, 0x00, 0x00, 0x00, 0x00, 0x00, 0x00, 0x00, 0x00, 0x00,
  0x00, 0x00, 0x00, 0x00, 0x00, 0x00, 0x49, 0x49, 0x49, 0x49, 0x49, 0x49, 0x74, 0x5a, 0x74, 0x5a,
  0x74, 0x5a, 0x74, 0x5a, 0x74, 0x5a, 0x74, 0x5a, 0x74, 0x5a, 0x74, 0x5a, 0x74, 0x5a, 0x74, 0x5a,
  0x74, 0x5a, 0x74, 0x5a, 0x74, 0x5a, 0x74, 0x5a, 0x74, 0x5a, 0x82, 0x10, 0x82, 0x10, 0x82, 0x10,
  0x00, 0x00, 0x00, 0x00, 0x00, 0x00, 0x00, 0x00, 0x00, 0x00, 0x00, 0x00, 0x00, 0x00, 0x00, 0x00,
  0x00, 0x00, 0x00, 0x00, 0x00, 0x00, 0x00, 0x00, 0x00, 0x00, 0x00, 0x00, 0x00, 0x00, 0x00, 0x00,
  0x00, 0x00, 0x00, 0x00, 0x00, 0x00, 0x00, 0x00, 0x00, 0x00, 0x00, 0x00, 0x00, 0x00, 0x00, 0x00,
  0x00, 0x00, 0x00, 0x00, 0x00, 0x00, 0x00, 0x00, 0x00, 0x00, 0x00, 0x00, 0x00, 0x00, 0x00, 0x00,
  0x00, 0x00, 0x00, 0x00, 0x00, 0x00, 0x00, 0x00, 0x00, 0x00, 0x00, 0x00, 0x00, 0x00, 0x00, 0x00,
  0x00, 0x00, 0x00, 0x00, 0x00, 0x00, 0x00, 0x00, 0x00, 0x00, 0x00, 0x00, 0x00, 0x00, 0x00, 0x00,
  0x00, 0x00, 0x00, 0x00, 0x00, 0x00, 0x00, 0x00, 0x00, 0x00, 0x00, 0x00, 0x00, 0x00, 0x00, 0x00,
  0x00, 0x00, 0x00, 0x00, 0x00, 0x00, 0x00, 0x00, 0x00, 0x00, 0x00, 0x00, 0x00, 0x00, 0x00, 0x00,
  0x00, 0x00, 0x00, 0x00, 0x00, 0x00, 0x00, 0x00, 0x00, 0x00, 0x00, 0x00, 0x00, 0x00, 0x00, 0x00,
  0x00, 0x00, 0x00, 0x00, 0x00, 0x00, 0x00, 0x00, 0x00, 0x00, 0x00, 0x00, 0x00, 0x00, 0x00, 0x00,
  0x00, 0x00, 0x00, 0x00, 0x00, 0x00, 0x00, 0x00, 0x00, 0x00, 0x00, 0x00, 0x00, 0x00, 0x00, 0x00,
  0x00, 0x00, 0x00, 0x00, 0x00, 0x00, 0x00, 0x00, 0x00, 0x00, 0x00, 0x00, 0x00, 0x00, 0x00, 0x00,
  0x00, 0x00, 0x00, 0x00, 0x00, 0x00, 0x00, 0x00, 0x00, 0x00, 0x00, 0x00, 0x00, 0x00, 0x00, 0x00,
  0x00, 0x00, 0x00, 0x00, 0x00, 0x00, 0x00, 0x00, 0x00, 0x00, 0x00, 0x00, 0x00, 0x00, 0x00, 0x00,
  0x00, 0x00, 0x00, 0x00, 0x00, 0x00, 0x00, 0x00, 0x49, 0x49, 0x49, 0x49, 0x49, 0x49, 0xb7, 0x9b,
  0xb7, 0x9b, 0xb7, 0x9b, 0x74, 0x5a, 0x74, 0x5a, 0x74, 0x5a, 0xb7, 0x9b, 0xb7, 0x9b, 0xb7, 0x9b,
  0x74, 0x5a, 0x74, 0x5a, 0x74, 0x5a, 0xb7, 0x9b, 0xb7, 0x9b, 0xb7, 0x9b, 0xb7, 0x9b, 0xb7, 0x9b,
  0xb7, 0x9b, 0xb7, 0x9b, 0xb7, 0x9b, 0xb7, 0x9b, 0x74, 0x5a, 0x74, 0x5a, 0x74, 0x5a, 0x82, 0x10,
  0x82, 0x10, 0x00, 0x00, 0x00, 0x00, 0x00, 0x00, 0x00, 0x00, 0x00, 0x00, 0x00, 0x00, 0x00, 0x00,
  0x00, 0x00, 0x00, 0x00, 0x00, 0x00, 0x00, 0x00, 0x00, 0x00, 0x00, 0x00, 0x00, 0x00, 0x00, 0x00,
  0x00, 0x00, 0x00, 0x00, 0x00, 0x00, 0x00, 0x00, 0x00, 0x00, 0x00, 0x00, 0x00, 0x00, 0x00, 0x00,
  0x00, 0x00, 0x00, 0x00, 0x00, 0x00, 0x00, 0x00, 0x00, 0x00, 0x00, 0x00, 0x00, 0x00, 0x00, 0x00,
  0x00, 0x00, 0x00, 0x00, 0x00, 0x00, 0x00, 0x00, 0x00, 0x00, 0x00, 0x00, 0x00, 0x00, 0x00, 0x00,
  0x00, 0x00, 0x00, 0x00, 0x00, 0x00, 0x00, 0x00, 0x00, 0x00, 0x00, 0x00, 0x00, 0x00, 0x00, 0x00,
  0x00, 0x00, 0x00, 0x00, 0x00, 0x00, 0x00, 0x00, 0x00, 0x00, 0x00, 0x00, 0x00, 0x00, 0x49, 0x49,
  0x49, 0x49, 0x49, 0x49, 0x74, 0x5a, 0x74, 0x5a, 0x74, 0x5a, 0x74, 0x5a, 0x74, 0x5a, 0x74, 0x5a,
  0x74, 0x5a, 0x74, 0x5a, 0x74, 0x5a, 0x74, 0x5a, 0x74, 0x5a, 0x74, 0x5a, 0x74, 0x5a, 0x74, 0x5a,
  0x74, 0x5a, 0x82, 0x10, 0x82, 0x10, 0x82, 0x10, 0x00, 0x00, 0x00, 0x00, 0x00, 0x00, 0x00, 0x00,
  0x00, 0x00, 0x00, 0x00, 0x00, 0x00, 0x00, 0x00, 0x00, 0x00, 0x00, 0x00, 0x00, 0x00, 0x00, 0x00,
  0x00, 0x00, 0x00, 0x00, 0x00, 0x00, 0x00, 0x00, 0x00, 0x00, 0x00, 0x00, 0x00, 0x00, 0x00, 0x00,
  0x00, 0x00, 0x00, 0x00, 0x00, 0x00, 0x00, 0x00, 0x00, 0x00, 0x00, 0x00, 0x00, 0x00, 0x00, 0x00,
  0x00, 0x00, 0x00, 0x00, 0x00, 0x00, 0x00, 0x00, 0x00, 0x00, 0x00, 0x00, 0x00, 0x00, 0x00, 0x00,
  0x00, 0x00, 0x00, 0x00, 0x00, 0x00, 0x00, 0x00, 0x00, 0x00, 0x00, 0x00, 0x00, 0x00, 0x00, 0x00,
  0x00, 0x00, 0x00, 0x00, 0x00, 0x00, 0x00, 0x00, 0x00, 0x00, 0x00, 0x00, 0x00, 0x00, 0x00, 0x00,
  0x00, 0x00, 0x00, 0x00, 0x00, 0x00, 0x00, 0x00, 0x00, 0x00, 0x00, 0x00, 0x00, 0x00, 0x00, 0x00,
  0x00, 0x00, 0x00, 0x00, 0x00, 0x00, 0x00, 0x00, 0x00, 0x00, 0x00, 0x00, 0x00, 0x00, 0x00, 0x00,
  0x00, 0x00, 0x00, 0x00, 0x00, 0x00, 0x00, 0x00, 0x00, 0x00, 0x00, 0x00, 0x00, 0x00, 0x00, 0x00,
  0x00, 0x00, 0x00, 0x00, 0x00, 0x00, 0x00, 0x00, 0x00, 0x00, 0x00, 0x00, 0x00, 0x00, 0x00, 0x00,
  0x00, 0x00, 0x00, 0x00, 0x00, 0x00, 0x00, 0x00, 0x00, 0x00, 0x00, 0x00, 0x00, 0x00, 0x00, 0x00,
  0x00, 0x00, 0x00, 0x00, 0x00, 0x00, 0x00, 0x00, 0x00, 0x00, 0x00, 0x00, 0x00, 0x00, 0x00, 0x00,
  0x00, 0x00, 0x00, 0x00, 0x00, 0x00, 0x00, 0x00, 0x00, 0x00, 0x00, 0x00, 0x00, 0x00, 0x00, 0x00,
  0x00, 0x00, 0x00, 0x00, 0x00, 0x00, 0x00, 0x00, 0x00, 0x00, 0x00, 0x00, 0x00, 0x00, 0x00, 0x00,
  0x49, 0x49, 0x49, 0x49, 0x49, 0x49, 0xb7, 0x9b, 0xb7, 0x9b, 0xb7, 0x9b, 0x74, 0x5a, 0x74, 0x5a,
  0x74, 0x5a, 0xb7, 0x9b, 0xb7, 0x9b, 0xb7, 0x9b, 0x74, 0x5a, 0x74, 0x5a, 0x74, 0x5a, 0xb7, 0x9b,
  0xb7, 0x9b, 0xb7, 0x9b, 0xb7, 0x9b, 0xb7, 0x9b, 0xb7, 0x9b, 0xb7, 0x9b, 0xb7, 0x9b, 0xb7, 0x9b,
  0x74, 0x5a, 0x74, 0x5a, 0x74, 0x5a, 0x82, 0x10, 0x82, 0x10, 0x00, 0x00, 0x00, 0x00, 0x00, 0x00,
  0x00, 0x00, 0x00, 0x00, 0x00, 0x00, 0x00, 0x00, 0x00, 0x00, 0x00, 0x00, 0x00, 0x00, 0x00, 0x00,
  0x00, 0x00, 0x00, 0x00, 0x00, 0x00, 0x00, 0x00, 0x00, 0x00, 0x00, 0x00, 0x00, 0x00, 0x00, 0x00,
  0x00, 0x00, 0x00, 0x00, 0x00, 0x00, 0x00, 0x00, 0x00, 0x00, 0x00, 0x00, 0x00, 0x00, 0x00, 0x00,
  0x00, 0x00, 0x00, 0x00, 0x00, 0x00, 0x00, 0x00, 0x00, 0x00, 0x00, 0x00, 0x00, 0x00, 0x00, 0x00,
  0x00, 0x00, 0x00, 0x00, 0x00, 0x00, 0x00, 0x00, 0x00, 0x00, 0x00, 0x00, 0x00, 0x00, 0x00, 0x00,
  0x00, 0x00, 0x00, 0x00, 0x00, 0x00, 0x00, 0x00, 0x00, 0x00, 0x00, 0x00, 0x00, 0x00, 0x00, 0x00,
  0x00, 0x00, 0x00, 0x00, 0x00, 0x00, 0x49, 0x49, 0x49, 0x49, 0x49, 0x49, 0x74, 0x5a, 0x74, 0x5a,
  0x74, 0x5a, 0x74, 0x5a, 0x74, 0x5a, 0x74, 0x5a, 0x74, 0x5a, 0x74, 0x5a, 0x74, 0x5a, 0x74, 0x5a,
  0x74, 0x5a, 0x74, 0x5a, 0x74, 0x5a, 0x74, 0x5a, 0x74, 0x5a, 0x82, 0x10, 0x82, 0x10, 0x82, 0x10,
  0x00, 0x00, 0x00, 0x00, 0x00, 0x00, 0x00, 0x00, 0x00, 0x00, 0x00, 0x00, 0x00, 0x00, 0x00, 0x00,
  0x00, 0x00, 0x00, 0x00, 0x00, 0x00, 0x00, 0x00, 0x00, 0x00, 0x00, 0x00, 0x00, 0x00, 0x00, 0x00,
  0x00, 0x00, 0x00, 0x00, 0x00, 0x00, 0x00, 0x00, 0x00, 0x00, 0x00, 0x00, 0x00, 0x00, 0x00, 0x00,
  0x00, 0x00, 0x00, 0x00, 0x00, 0x00, 0x00, 0x00, 0x00, 0x00, 0x00, 0x00, 0x00, 0x00, 0x00, 0x00,
  0x00, 0x00, 0x00, 0x00, 0x00, 0x00, 0x00, 0x00, 0x00, 0x00, 0x00, 0x00, 0x00, 0x00, 0x00, 0x00,
  0x00, 0x00, 0x00, 0x00, 0x00, 0x00, 0x00, 0x00, 0x00, 0x00, 0x00, 0x00, 0x00, 0x00, 0x00, 0x00,
  0x00, 0x00, 0x00, 0x00, 0x00, 0x00, 0x00, 0x00, 0x00, 0x00, 0x00, 0x00, 0x00, 0x00, 0x00, 0x00,
  0x00, 0x00, 0x00, 0x00, 0x00, 0x00, 0x00, 0x00, 0x00, 0x00, 0x00, 0x00, 0x00, 0x00, 0x00, 0x00,
  0x00, 0x00, 0x00, 0x00, 0x00, 0x00, 0x00, 0x00, 0x00, 0x00, 0x00, 0x00, 0x00, 0x00, 0x00, 0x00,
  0x00, 0x00, 0x00, 0x00, 0x00, 0x00, 0x00, 0x00, 0x00, 0x00, 0x00, 0x00, 0x00, 0x00, 0x00, 0x00,
  0x00, 0x00, 0x00, 0x00, 0x00, 0x00, 0x00, 0x00, 0x00, 0x00, 0x00, 0x00, 0x00, 0x00, 0x00, 0x00,
  0x00, 0x00, 0x00, 0x00, 0x00, 0x00, 0x00, 0x00, 0x00, 0x00, 0x00, 0x00, 0x00, 0x00, 0x00, 0x00,
  0x00, 0x00, 0x00, 0x00, 0x00, 0x00, 0x00, 0x00, 0x00, 0x00, 0x00, 0x00, 0x00, 0x00, 0x00, 0x00,
  0x00, 0x00, 0x00, 0x00, 0x00, 0x00, 0x00, 0x00, 0x00, 0x00, 0x00, 0x00, 0x00, 0x00, 0x00, 0x00,
  0x00, 0x00, 0x00, 0x00, 0x00, 0x00, 0x00, 0x00, 0x82, 0x10, 0x82, 0x10, 0x82, 0x10, 0x49, 0x49,
  0x49, 0x49, 0x49, 0x49, 0xb7, 0x9b, 0xb7, 0x9b, 0xb7, 0x9b, 0x49, 0x49, 0x49, 0x49, 0x49, 0x49,
  0xb7, 0x9b, 0xb7, 0x9b, 0xb7, 0x9b, 0xb7, 0x9b, 0xb7, 0x9b, 0xb7, 0x9b, 0x82, 0x10, 0x82, 0x10,
  0x82, 0x10, 0x82, 0x10, 0x82, 0x10, 0x82, 0x10, 0x82, 0x10, 0x82, 0x10, 0x82, 0x10, 0x00, 0x00,
  0x00, 0x00, 0x00, 0x00, 0x00, 0x00, 0x00, 0x00, 0x00, 0x00, 0x00, 0x00, 0x00, 0x00, 0x00, 0x00,
  0x00, 0x00, 0x00, 0x00, 0x00, 0x00, 0x00, 0x00, 0x00, 0x00, 0x00, 0x00, 0x00, 0x00, 0x00, 0x00,
  0x00, 0x00, 0x00, 0x00, 0x00, 0x00, 0x00, 0x00, 0x00, 0x00, 0x00, 0x00, 0x00, 0x00, 0x00, 0x00,
  0x00, 0x00, 0x00, 0x00, 0x00, 0x00, 0x00, 0x00, 0x00, 0x00, 0x00, 0x00, 0x00, 0x00, 0x00, 0x00,
  0x00, 0x00, 0x00, 0x00, 0x00, 0x00, 0x00, 0x00, 0x00, 0x00, 0x00, 0x00, 0x00, 0x00, 0x00, 0x00,
  0x00, 0x00, 0x00, 0x00, 0x00, 0x00, 0x00, 0x00, 0x00, 0x00, 0x00, 0x00, 0x00, 0x00, 0x00, 0x00,
  0x00, 0x00, 0x00, 0x00, 0x00, 0x00, 0x00, 0x00, 0x00, 0x00, 0x00, 0x00, 0x00, 0x00, 0x00, 0x00,
  0x00, 0x00, 0x00, 0x00, 0x82, 0x10, 0x82, 0x10, 0x82, 0x10, 0x82, 0x10, 0x82, 0x10, 0x82, 0x10,
  0x82, 0x10, 0x82, 0x10, 0x82, 0x10, 0x82, 0x10, 0x82, 0x10, 0x82, 0x10, 0x82, 0x10, 0x82, 0x10,
  0x82, 0x10, 0x00, 0x00, 0x00, 0x00, 0x00, 0x00, 0x00, 0x00, 0x00, 0x00, 0x00, 0x00, 0x00, 0x00,
  0x00, 0x00, 0x00, 0x00, 0x00, 0x00, 0x00, 0x00, 0x00, 0x00, 0x00, 0x00, 0x00, 0x00, 0x00, 0x00,
  0x00, 0x00, 0x00, 0x00, 0x00, 0x00, 0x00, 0x00, 0x00, 0x00, 0x00, 0x00, 0x00, 0x00, 0x00, 0x00,
  0x00, 0x00, 0x00, 0x00, 0x00, 0x00, 0x00, 0x00, 0x00, 0x00, 0x00, 0x00, 0x00, 0x00, 0x00, 0x00,
  0x00, 0x00, 0x00, 0x00, 0x00, 0x00, 0x00, 0x00, 0x00, 0x00, 0x00, 0x00, 0x00, 0x00, 0x00, 0x00,
  0x00, 0x00, 0x00, 0x00, 0x00, 0x00, 0x00, 0x00, 0x00, 0x00, 0x00, 0x00, 0x00, 0x00, 0x00, 0x00,
  0x00, 0x00, 0x00, 0x00, 0x00, 0x00, 0x00, 0x00, 0x00, 0x00, 0x00, 0x00, 0x00, 0x00, 0x00, 0x00,
  0x00, 0x00, 0x00, 0x00, 0x00, 0x00, 0x00, 0x00, 0x00, 0x00, 0x00, 0x00, 0x00, 0x00, 0x00, 0x00,
  0x00, 0x00, 0x00, 0x00, 0x00, 0x00, 0x00, 0x00, 0x00, 0x00, 0x00, 0x00, 0x00, 0x00, 0x00, 0x00,
  0x00, 0x00, 0x00, 0x00, 0x00, 0x00, 0x00, 0x00, 0x00, 0x00, 0x00, 0x00, 0x00, 0x00, 0x00, 0x00,
  0x00, 0x00, 0x00, 0x00, 0x00, 0x00, 0x00, 0x00, 0x00, 0x00, 0x00, 0x00, 0x00, 0x00, 0x00, 0x00,
  0x00, 0x00, 0x00, 0x00, 0x00, 0x00, 0x00, 0x00, 0x00, 0x00, 0x00, 0x00, 0x00, 0x00, 0x00, 0x00,
  0x00, 0x00, 0x00, 0x00, 0x00, 0x00, 0x00, 0x00, 0x00, 0x00, 0x00, 0x00, 0x00, 0x00, 0x00, 0x00,
  0x00, 0x00, 0x00, 0x00, 0x00, 0x00, 0x00, 0x00, 0x00, 0x00, 0x00, 0x00, 0x00, 0x00, 0x00, 0x00,
  0x00, 0x00, 0x00, 0x00, 0x00, 0x00, 0x00, 0x00, 0x00, 0x00, 0x00, 0x00, 0x00, 0x00, 0x00, 0x00,
  0x82, 0x10, 0x82, 0x10, 0x82, 0x10, 0x49, 0x49, 0x49, 0x49, 0x49, 0x49, 0xb7, 0x9b, 0xb7, 0x9b,
  0xb7, 0x9b, 0x49, 0x49, 0x49, 0x49, 0x49, 0x49, 0xb7, 0x9b, 0xb7, 0x9b, 0xb7, 0x9b, 0xb7, 0x9b,
  0xb7, 0x9b, 0xb7, 0x9b, 0x82, 0x10, 0x82, 0x10, 0x82, 0x10, 0x82, 0x10, 0x82, 0x10, 0x82, 0x10,
  0x82, 0x10, 0x82, 0x10, 0x82, 0x10, 0x00, 0x00, 0x00, 0x00, 0x00, 0x00, 0x00, 0x00, 0x00, 0x00,
  0x00, 0x00, 0x00, 0x00, 0x00, 0x00, 0x00, 0x00, 0x00, 0x00, 0x00, 0x00, 0x00, 0x00, 0x00, 0x00,
  0x00, 0x00, 0x00, 0x00, 0x00, 0x00, 0x00, 0x00, 0x00, 0x00, 0x00, 0x00, 0x00, 0x00, 0x00, 0x00,
  0x00, 0x00, 0x00, 0x00, 0x00, 0x00, 0x00, 0x00, 0x00, 0x00, 0x00, 0x00, 0x00, 0x00, 0x00, 0x00,
  0x00, 0x00, 0x00, 0x00, 0x00, 0x00, 0x00, 0x00, 0x00, 0x00, 0x00, 0x00, 0x00, 0x00, 0x00, 0x00,
  0x00, 0x00, 0x00, 0x00, 0x00, 0x00, 0x00, 0x00, 0x00, 0x00, 0x00, 0x00, 0x00, 0x00, 0x00, 0x00,
  0x00, 0x00, 0x00, 0x00, 0x00, 0x00, 0x00, 0x00, 0x00, 0x00, 0x00, 0x00, 0x00, 0x00, 0x00, 0x00,
  0x00, 0x00, 0x00, 0x00, 0x00, 0x00, 0x00, 0x00, 0x00, 0x00, 0x00, 0x00, 0x82, 0x10, 0x82, 0x10,
  0x82, 0x10, 0x82, 0x10, 0x82, 0x10, 0x82, 0x10, 0x82, 0x10, 0x82, 0x10, 0x82, 0x10, 0x82, 0x10,
  0x82, 0x10, 0x82, 0x10, 0x82, 0x10, 0x82, 0x10, 0x82, 0x10, 0x00, 0x00, 0x00, 0x00, 0x00, 0x00,
  0x00, 0x00, 0x00, 0x00, 0x00, 0x00, 0x00, 0x00, 0x00, 0x00, 0x00, 0x00, 0x00, 0x00, 0x00, 0x00,
  0x00, 0x00, 0x00, 0x00, 0x00, 0x00, 0x00, 0x00, 0x00, 0x00, 0x00, 0x00, 0x00, 0x00, 0x00, 0x00,
  0x00, 0x00, 0x00, 0x00, 0x00, 0x00, 0x00, 0x00, 0x00, 0x00, 0x00, 0x00, 0x00, 0x00, 0x00, 0x00,
  0x00, 0x00, 0x00, 0x00, 0x00, 0x00, 0x00, 0x00, 0x00, 0x00, 0x00, 0x00, 0x00, 0x00, 0x00, 0x00,
  0x00, 0x00, 0x00, 0x00, 0x00, 0x00, 0x00, 0x00, 0x00, 0x00, 0x00, 0x00, 0x00, 0x00, 0x00, 0x00,
  0x00, 0x00, 0x00, 0x00, 0x00, 0x00, 0x00, 0x00, 0x00, 0x00, 0x00, 0x00, 0x00, 0x00, 0x00, 0x00,
  0x00, 0x00, 0x00, 0x00, 0x00, 0x00, 0x00, 0x00, 0x00, 0x00, 0x00, 0x00, 0x00, 0x00, 0x00, 0x00,
  0x00, 0x00, 0x00, 0x00, 0x00, 0x00, 0x00, 0x00, 0x00, 0x00, 0x00, 0x00, 0x00, 0x00, 0x00, 0x00,
  0x00, 0x00, 0x00, 0x00, 0x00, 0x00, 0x00, 0x00, 0x00, 0x00, 0x00, 0x00, 0x00, 0x00, 0x00, 0x00,
  0x00, 0x00, 0x00, 0x00, 0x00, 0x00, 0x00, 0x00, 0x00, 0x00, 0x00, 0x00, 0x00, 0x00, 0x00, 0x00,
  0x00, 0x00, 0x00, 0x00, 0x00, 0x00, 0x00, 0x00, 0x00, 0x00, 0x00, 0x00, 0x00, 0x00, 0x00, 0x00,
  0x00, 0x00, 0x00, 0x00, 0x00, 0x00, 0x00, 0x00, 0x00, 0x00, 0x00, 0x00, 0x00, 0x00, 0x00, 0x00,
  0x00, 0x00, 0x00, 0x00, 0x00, 0x00, 0x00, 0x00, 0x00, 0x00, 0x00, 0x00, 0x00, 0x00, 0x00, 0x00,
  0x00, 0x00, 0x00, 0x00, 0x00, 0x00, 0x00, 0x00, 0x00, 0x00, 0x00, 0x00, 0x00, 0x00, 0x00, 0x00,
  0x00, 0x00, 0x00, 0x00, 0x00, 0x00, 0x00, 0x00, 0x82, 0x10, 0x82, 0x10, 0x82, 0x10, 0x49, 0x49,
  0x49, 0x49, 0x49, 0x49, 0xb7, 0x9b, 0xb7, 0x9b, 0xb7, 0x9b, 0x49, 0x49, 0x49, 0x49, 0x49, 0x49,
  0xb7, 0x9b, 0xb7, 0x9b, 0xb7, 0x9b, 0xb7, 0x9b, 0xb7, 0x9b, 0xb7, 0x9b, 0x82, 0x10, 0x82, 0x10,
  0x82, 0x10, 0x82, 0x10, 0x82, 0x10, 0x82, 0x10, 0x82, 0x10, 0x82, 0x10, 0x82, 0x10, 0x00, 0x00,
  0x00, 0x00, 0x00, 0x00, 0x00, 0x00, 0x00, 0x00, 0x00, 0x00, 0x00, 0x00, 0x00, 0x00, 0x00, 0x00,
  0x00, 0x00, 0x00, 0x00, 0x00, 0x00, 0x00, 0x00, 0x00, 0x00, 0x00, 0x00, 0x00, 0x00, 0x00, 0x00,
  0x00, 0x00, 0x00, 0x00, 0x00, 0x00, 0x00, 0x00, 0x00, 0x00, 0x00, 0x00, 0x00, 0x00, 0x00, 0x00,
  0x00, 0x00, 0x00, 0x00, 0x00, 0x00, 0x00, 0x00, 0x00, 0x00, 0x00, 0x00, 0x00, 0x00, 0x00, 0x00,
  0x00, 0x00, 0x00, 0x00, 0x00, 0x00, 0x00, 0x00, 0x00, 0x00, 0x00, 0x00, 0x00, 0x00, 0x00, 0x00,
  0x00, 0x00, 0x00, 0x00, 0x00, 0x00, 0x00, 0x00, 0x00, 0x00, 0x00, 0x00, 0x00, 0x00, 0x00, 0x00,
  0x00, 0x00, 0x00, 0x00, 0x00, 0x00, 0x00, 0x00, 0x00, 0x00, 0x00, 0x00, 0x00, 0x00, 0x00, 0x00,
  0x00, 0x00, 0x00, 0x00, 0x82, 0x10, 0x82, 0x10, 0x82, 0x10, 0x82, 0x10, 0x82, 0x10, 0x82, 0x10,
  0x82, 0x10, 0x82, 0x10, 0x82, 0x10, 0x82, 0x10, 0x82, 0x10, 0x82, 0x10, 0x82, 0x10, 0x82, 0x10,
  0x82, 0x10, 0x00, 0x00, 0x00, 0x00, 0x00, 0x00, 0x00, 0x00, 0x00, 0x00, 0x00, 0x00, 0x00, 0x00,
  0x00, 0x00, 0x00, 0x00, 0x00, 0x00, 0x00, 0x00, 0x00, 0x00, 0x00, 0x00, 0x00, 0x00, 0x00, 0x00,
  0x00, 0x00, 0x00, 0x00, 0x00, 0x00, 0x00, 0x00, 0x00, 0x00, 0x00, 0x00, 0x00, 0x00, 0x00, 0x00,
  0x00, 0x00, 0x00, 0x00, 0x00, 0x00, 0x00, 0x00, 0x00, 0x00, 0x00, 0x00, 0x00, 0x00, 0x00, 0x00,
  0x00, 0x00, 0x00, 0x00, 0x00, 0x00, 0x00, 0x00, 0x00, 0x00, 0x00, 0x00, 0x00, 0x00, 0x00, 0x00,
  0x00, 0x00, 0x00, 0x00, 0x00, 0x00, 0x00, 0x00, 0x00, 0x00, 0x00, 0x00, 0x00, 0x00, 0x00, 0x00,
  0x00, 0x00, 0x00, 0x00, 0x00, 0x00, 0x00, 0x00, 0x00, 0x00, 0x00, 0x00, 0x00, 0x00, 0x00, 0x00,
  0x00, 0x00, 0x00, 0x00, 0x00, 0x00, 0x00, 0x00, 0x00, 0x00, 0x00, 0x00, 0x00, 0x00, 0x00, 0x00,
  0x00, 0x00, 0x00, 0x00, 0x00, 0x00, 0x00, 0x00, 0x00, 0x00, 0x00, 0x00, 0x00, 0x00, 0x00, 0x00,
  0x00, 0x00, 0x00, 0x00, 0x00, 0x00, 0x00, 0x00, 0x00, 0x00, 0x00, 0x00, 0x00, 0x00, 0x00, 0x00,
  0x00, 0x00, 0x00, 0x00, 0x00, 0x00, 0x00, 0x00, 0x00, 0x00, 0x00, 0x00, 0x00, 0x00, 0x00, 0x00,
  0x00, 0x00, 0x00, 0x00, 0x00, 0x00, 0x00, 0x00, 0x00, 0x00, 0x00, 0x00, 0x00, 0x00, 0x00, 0x00,
  0x00, 0x00, 0x00, 0x00, 0x00, 0x00, 0x00, 0x00, 0x00, 0x00, 0x00, 0x00, 0x00, 0x00, 0x00, 0x00,
  0x00, 0x00, 0x00, 0x00, 0x00, 0x00, 0x00, 0x00, 0x00, 0x00, 0x00, 0x00, 0x00, 0x00, 0x00, 0x00,
  0x00, 0x00, 0x00, 0x00, 0x00, 0x00, 0x00, 0x00, 0x00, 0x00, 0x00, 0x00, 0x00, 0x00, 0x00, 0x00,
  0x00, 0x00, 0x00, 0x00, 0x00, 0x00, 0x82, 0x10, 0x82, 0x10, 0x82, 0x10, 0x82, 0x10, 0x82, 0x10,
  0x82, 0x10, 0x82, 0x10, 0x82, 0x10, 0x82, 0x10, 0x82, 0x10, 0x82, 0x10, 0x82, 0x10, 0x82, 0x10,
  0x82, 0x10, 0x82, 0x10, 0x00, 0x00, 0x00, 0x00, 0x00, 0x00, 0x00, 0x00, 0x00, 0x00, 0x00, 0x00,
  0x00, 0x00, 0x00, 0x00, 0x00, 0x00, 0x00, 0x00, 0x00, 0x00, 0x00, 0x00, 0x00, 0x00, 0x00, 0x00,
  0x00, 0x00, 0x00, 0x00, 0x00, 0x00, 0x00, 0x00, 0x00, 0x00, 0x00, 0x00, 0x00, 0x00, 0x00, 0x00,
  0x00, 0x00, 0x00, 0x00, 0x00, 0x00, 0x00, 0x00, 0x00, 0x00, 0x00, 0x00, 0x00, 0x00, 0x00, 0x00,
  0x00, 0x00, 0x00, 0x00, 0x00, 0x00, 0x00, 0x00, 0x00, 0x00, 0x00, 0x00, 0x00, 0x00, 0x00, 0x00,
  0x00, 0x00, 0x00, 0x00, 0x00, 0x00, 0x00, 0x00, 0x00, 0x00, 0x00, 0x00, 0x00, 0x00, 0x00, 0x00,
  0x00, 0x00, 0x00, 0x00, 0x00, 0x00, 0x00, 0x00, 0x00, 0x00, 0x00, 0x00, 0x00, 0x00, 0x00, 0x00,
  0x00, 0x00, 0x00, 0x00, 0x00, 0x00, 0x00, 0x00, 0x00, 0x00, 0x00, 0x00, 0x00, 0x00, 0x00, 0x00,
  0x00, 0x00, 0x00, 0x00, 0x00, 0x00, 0x00, 0x00, 0x00, 0x00, 0x00, 0x00, 0x00, 0x00, 0x00, 0x00,
  0x00, 0x00, 0x00, 0x00, 0x00, 0x00, 0x00, 0x00, 0x00, 0x00, 0x00, 0x00, 0x00, 0x00, 0x00, 0x00,
  0x00, 0x00, 0x00, 0x00, 0x00, 0x00, 0x00, 0x00, 0x00, 0x00, 0x00, 0x00, 0x00, 0x00, 0x00, 0x00,
  0x00, 0x00, 0x00, 0x00, 0x00, 0x00, 0x00, 0x00, 0x00, 0x00, 0x00, 0x00, 0x00, 0x00, 0x00, 0x00,
  0x00, 0x00, 0x00, 0x00, 0x00, 0x00, 0x00, 0x00, 0x00, 0x00, 0x00, 0x00, 0x00, 0x00, 0x00, 0x00,
  0x00, 0x00, 0x00, 0x00, 0x00, 0x00, 0x00, 0x00, 0x00, 0x00, 0x00, 0x00, 0x00, 0x00, 0x00, 0x00,
  0x00, 0x00, 0x00, 0x00, 0x00, 0x00, 0x00, 0x00, 0x00, 0x00, 0x00, 0x00, 0x00, 0x00, 0x00, 0x00,
  0x00, 0x00, 0x00, 0x00, 0x00, 0x00, 0x00, 0x00, 0x00, 0x00, 0x00, 0x00, 0x00, 0x00, 0x00, 0x00,
  0x00, 0x00, 0x00, 0x00, 0x00, 0x00, 0x00, 0x00, 0x00, 0x00, 0x00, 0x00, 0x00, 0x00, 0x00, 0x00,
  0x00, 0x00, 0x00, 0x00, 0x00, 0x00, 0x00, 0x00, 0x00, 0x00, 0x00, 0x00, 0x00, 0x00, 0x00, 0x00,
  0x00, 0x00, 0x00, 0x00, 0x00, 0x00, 0x00, 0x00, 0x00, 0x00, 0x00, 0x00, 0x00, 0x00, 0x00, 0x00,
  0x00, 0x00, 0x00, 0x00, 0x00, 0x00, 0x00, 0x00, 0x00, 0x00, 0x00, 0x00, 0x00, 0x00, 0x00, 0x00,
  0x00, 0x00, 0x00, 0x00, 0x00, 0x00, 0x00, 0x00, 0x00, 0x00, 0x00, 0x00, 0x00, 0x00, 0x00, 0x00,
  0x00, 0x00, 0x00, 0x00, 0x00, 0x00, 0x00, 0x00, 0x00, 0x00, 0x00, 0x00, 0x00, 0x00, 0x00, 0x00,
  0x00, 0x00, 0x00, 0x00, 0x00, 0x00, 0x00, 0x00, 0x00, 0x00, 0x00, 0x00, 0x00, 0x00, 0x00, 0x00,
  0x00, 0x00, 0x00, 0x00, 0x00, 0x00, 0x00, 0x00, 0x00, 0x00, 0x00, 0x00, 0x00, 0x00, 0x00, 0x00,
  0x00, 0x00, 0x00, 0x00, 0x00, 0x00, 0x00, 0x00, 0x00, 0x00, 0x00, 0x00, 0x00, 0x00, 0x00, 0x00,
  0x00, 0x00, 0x00, 0x00, 0x00, 0x00, 0x00, 0x00, 0x00, 0x00, 0x00, 0x00, 0x00, 0x00, 0x82, 0x10,
  0x82, 0x10, 0x82, 0x10, 0x82, 0x10, 0x82, 0x10, 0x82, 0x10, 0x82, 0x10, 0x82, 0x10, 0x82, 0x10,
  0x82, 0x10, 0x82, 0x10, 0x82, 0x10, 0x82, 0x10, 0x82, 0x10, 0x82, 0x10, 0x00, 0x00, 0x00, 0x00,
  0x00, 0x00, 0x00, 0x00, 0x00, 0x00, 0x00, 0x00, 0x00, 0x00, 0x00, 0x00, 0x00, 0x00, 0x00, 0x00,
  0x00, 0x00, 0x00, 0x00, 0x00, 0x00, 0x00, 0x00, 0x00, 0x00, 0x00, 0x00, 0x00, 0x00, 0x00, 0x00,
  0x00, 0x00, 0x00, 0x00, 0x00, 0x00, 0x00, 0x00, 0x00, 0x00, 0x00, 0x00, 0x00, 0x00, 0x00, 0x00,
  0x00, 0x00, 0x00, 0x00, 0x00, 0x00, 0x00, 0x00, 0x00, 0x00, 0x00, 0x00, 0x00, 0x00, 0x00, 0x00,
  0x00, 0x00, 0x00, 0x00, 0x00, 0x00, 0x00, 0x00, 0x00, 0x00, 0x00, 0x00, 0x00, 0x00, 0x00, 0x00,
  0x00, 0x00, 0x00, 0x00, 0x00, 0x00, 0x00, 0x00, 0x00, 0x00, 0x00, 0x00, 0x00, 0x00, 0x00, 0x00,
  0x00, 0x00, 0x00, 0x00, 0x00, 0x00, 0x00, 0x00, 0x00, 0x00, 0x00, 0x00, 0x00, 0x00, 0x00, 0x00,
  0x00, 0x00, 0x00, 0x00, 0x00, 0x00, 0x00, 0x00, 0x00, 0x00, 0x00, 0x00, 0x00, 0x00, 0x00, 0x00,
  0x00, 0x00, 0x00, 0x00, 0x00, 0x00, 0x00, 0x00, 0x00, 0x00, 0x00, 0x00, 0x00, 0x00, 0x00, 0x00,
  0x00, 0x00, 0x00, 0x00, 0x00, 0x00, 0x00, 0x00, 0x00, 0x00, 0x00, 0x00, 0x00, 0x00, 0x00, 0x00,
  0x00, 0x00, 0x00, 0x00, 0x00, 0x00, 0x00, 0x00, 0x00, 0x00, 0x00, 0x00, 0x00, 0x00, 0x00, 0x00,
  0x00, 0x00, 0x00, 0x00, 0x00, 0x00, 0x00, 0x00, 0x00, 0x00, 0x00, 0x00, 0x00, 0x00, 0x00, 0x00,
  0x00, 0x00, 0x00, 0x00, 0x00, 0x00, 0x00, 0x00, 0x00, 0x00, 0x00, 0x00, 0x00, 0x00, 0x00, 0x00,
  0x00, 0x00, 0x00, 0x00, 0x00, 0x00, 0x00, 0x00, 0x00, 0x00, 0x00, 0x00, 0x00, 0x00, 0x00, 0x00,
  0x00, 0x00, 0x00, 0x00, 0x00, 0x00, 0x00, 0x00, 0x00, 0x00, 0x00, 0x00, 0x00, 0x00, 0x00, 0x00,
  0x00, 0x00, 0x00, 0x00, 0x00, 0x00, 0x00, 0x00, 0x00, 0x00, 0x00, 0x00, 0x00, 0x00, 0x00, 0x00,
  0x00, 0x00, 0x00, 0x00, 0x00, 0x00, 0x00, 0x00, 0x00, 0x00, 0x00, 0x00, 0x00, 0x00, 0x00, 0x00,
  0x00, 0x00, 0x00, 0x00, 0x00, 0x00, 0x00, 0x00, 0x00, 0x00, 0x00, 0x00, 0x00, 0x00, 0x00, 0x00,
  0x00, 0x00, 0x00, 0x00, 0x00, 0x00, 0x00, 0x00, 0x00, 0x00, 0x00, 0x00, 0x00, 0x00, 0x00, 0x00,
  0x00, 0x00, 0x00, 0x00, 0x00, 0x00, 0x00, 0x00, 0x00, 0x00, 0x00, 0x00, 0x00, 0x00, 0x00, 0x00,
  0x00, 0x00, 0x00, 0x00, 0x00, 0x00, 0x00, 0x00, 0x00, 0x00, 0x00, 0x00, 0x00, 0x00, 0x00, 0x00,
  0x00, 0x00, 0x00, 0x00, 0x00, 0x00, 0x00, 0x00, 0x00, 0x00, 0x00, 0x00, 0x00, 0x00, 0x00, 0x00,
  0x00, 0x00, 0x00, 0x00, 0x00, 0x00, 0x00, 0x00, 0x00, 0x00, 0x00, 0x00, 0x00, 0x00, 0x00, 0x00,
  0x00, 0x00, 0x00, 0x00, 0x00, 0x00, 0x00, 0x00, 0x00, 0x00, 0x00, 0x00, 0x00, 0x00, 0x00, 0x00,
  0x00, 0x00, 0x00, 0x00, 0x00, 0x00, 0x00, 0x00, 0x00, 0x00, 0x00, 0x00, 0x00, 0x00, 0x00, 0x00,
  0x00, 0x00, 0x00, 0x00, 0x00, 0x00, 0x82, 0x10, 0x82, 0x10, 0x82, 0x10, 0x82, 0x10, 0x82, 0x10,
  0x82, 0x10, 0x82, 0x10, 0x82, 0x10, 0x82, 0x10, 0x82, 0x10, 0x82, 0x10, 0x82, 0x10, 0x82, 0x10,
  0x82, 0x10, 0x82, 0x10, 0x00, 0x00, 0x00, 0x00, 0x00, 0x00, 0x00, 0x00, 0x00, 0x00, 0x00, 0x00,
  0x00, 0x00, 0x00, 0x00, 0x00, 0x00, 0x00, 0x00, 0x00, 0x00, 0x00, 0x00, 0x00, 0x00, 0x00, 0x00,
  0x00, 0x00, 0x00, 0x00, 0x00, 0x00, 0x00, 0x00, 0x00, 0x00, 0x00, 0x00, 0x00, 0x00, 0x00, 0x00,
  0x00, 0x00, 0x00, 0x00, 0x00, 0x00, 0x00, 0x00, 0x00, 0x00, 0x00, 0x00, 0x00, 0x00, 0x00, 0x00,
  0x00, 0x00, 0x00, 0x00, 0x00, 0x00, 0x00, 0x00, 0x00, 0x00, 0x00, 0x00, 0x00, 0x00, 0x00, 0x00,
  0x00, 0x00, 0x00, 0x00, 0x00, 0x00, 0x00, 0x00, 0x00, 0x00, 0x00, 0x00, 0x00, 0x00, 0x00, 0x00,
  0x00, 0x00, 0x00, 0x00, 0x00, 0x00, 0x00, 0x00, 0x00, 0x00, 0x00, 0x00, 0x00, 0x00, 0x00, 0x00,
  0x00, 0x00, 0x00, 0x00, 0x00, 0x00, 0x00, 0x00, 0x00, 0x00, 0x00, 0x00, 0x00, 0x00, 0x00, 0x00,
  0x00, 0x00, 0x00, 0x00, 0x00, 0x00, 0x00, 0x00, 0x00, 0x00, 0x00, 0x00, 0x00, 0x00, 0x00, 0x00,
  0x00, 0x00, 0x00, 0x00, 0x00, 0x00, 0x00, 0x00, 0x00, 0x00, 0x00, 0x00, 0x00, 0x00, 0x00, 0x00,
  0x00, 0x00, 0x00, 0x00, 0x00, 0x00, 0x00, 0x00, 0x00, 0x00, 0x00, 0x00, 0x00, 0x00, 0x00, 0x00,
  0x00, 0x00, 0x00, 0x00, 0x00, 0x00, 0x00, 0x00, 0x00, 0x00, 0x00, 0x00, 0x00, 0x00, 0x00, 0x00,
  0x00, 0x00, 0x00, 0x00, 0x00, 0x00, 0x00, 0x00, 0x00, 0x00, 0x00, 0x00, 0x00, 0x00, 0x00, 0x00,
  0x00, 0x00, 0x00, 0x00, 0x00, 0x00, 0x00, 0x00, 0x00, 0x00, 0x00, 0x00, 0x00, 0x00, 0x00, 0x00,
  0x00, 0x00, 0x00, 0x00, 0x00, 0x00, 0x00, 0x00, 0x00, 0x00, 0x00, 0x00, 0x00, 0x00, 0x00, 0x00,
  0x00, 0x00, 0x00, 0x00, 0x00, 0x00, 0x00, 0x00, 0x00, 0x00, 0x00, 0x00, 0x00, 0x00, 0x00, 0x00,
  0x00, 0x00, 0x00, 0x00, 0x00, 0x00, 0x00, 0x00, 0x00, 0x00, 0x00, 0x00, 0x00, 0x00, 0x00, 0x00,
  0x00, 0x00, 0x00, 0x00, 0x00, 0x00, 0x00, 0x00, 0x00, 0x00, 0x00, 0x00, 0x00, 0x00, 0x00, 0x00,
  0x00, 0x00, 0x00, 0x00, 0x00, 0x00, 0x00, 0x00, 0x00, 0x00, 0x00, 0x00, 0x00, 0x00, 0x00, 0x00,
  0x00, 0x00, 0x00, 0x00, 0x00, 0x00, 0x00, 0x00, 0x00, 0x00, 0x00, 0x00, 0x00, 0x00, 0x00, 0x00,
  0x00, 0x00, 0x00, 0x00, 0x00, 0x00, 0x00, 0x00, 0x00, 0x00, 0x00, 0x00, 0x00, 0x00, 0x00, 0x00,
  0x00, 0x00, 0x00, 0x00, 0x00, 0x00, 0x00, 0x00, 0x00, 0x00, 0x00, 0x00, 0x00, 0x00, 0x00, 0x00,
  0x00, 0x00, 0x00, 0x00, 0x00, 0x00, 0x00, 0x00, 0x00, 0x00, 0x00, 0x00, 0x00, 0x00, 0x00, 0x00,
  0x00, 0x00, 0x00, 0x00, 0x00, 0x00, 0x00, 0x00, 0x00, 0x00, 0x00, 0x00, 0x00, 0x00, 0x00, 0x00,
  0x00, 0x00, 0x00, 0x00, 0x00, 0x00, 0x00, 0x00, 0x00, 0x00, 0x00, 0x00, 0x00, 0x00, 0x00, 0x00,
  0x00, 0x00, 0x00, 0x00, 0x00, 0x00, 0x00, 0x00, 0x00, 0x00, 0x00, 0x00, 0x00, 0x00, 0x00, 0x00,
  0x00, 0x00, 0x00, 0x00, 0x00, 0x00, 0x00, 0x00, 0x00, 0x00, 0x00, 0x00, 0x00, 0x00, 0x00, 0x00,
  0x00, 0x00, 0x00, 0x00, 0x00, 0x00, 0x00, 0x00, 0x00, 0x00, 0x00, 0x00, 0x00, 0x00, 0x00, 0x00,
  0x00, 0x00, 0x00, 0x00, 0x00, 0x00, 0x00, 0x00, 0x00, 0x00, 0x00, 0x00, 0x00, 0x00, 0x00, 0x00,
  0x00, 0x00, 0x00, 0x00, 0x00, 0x00, 0x00, 0x00, 0x00, 0x00, 0x00, 0x00, 0x00, 0x00, 0x00, 0x00,
  0x00, 0x00, 0x00, 0x00, 0x00, 0x00, 0x00, 0x00, 0x00, 0x00, 0x00, 0x00, 0x00, 0x00, 0x00, 0x00,
  0x00, 0x00, 0x00, 0x00, 0x00, 0x00, 0x00, 0x00, 0x00, 0x00, 0x00, 0x00, 0x00, 0x00, 0x00, 0x00,
  0x00, 0x00, 0x00, 0x00, 0x00, 0x00, 0x00, 0x00, 0x00, 0x00, 0x00, 0x00, 0x00, 0x00, 0x00, 0x00,
  0x00, 0x00, 0x00, 0x00, 0x00, 0x00, 0x00, 0x00, 0x00, 0x00, 0x00, 0x00, 0x00, 0x00, 0x00, 0x00,
  0x00, 0x00, 0x00, 0x00, 0x00, 0x00, 0x00, 0x00, 0x00, 0x00, 0x00, 0x00, 0x00, 0x00, 0x00, 0x00,
  0x00, 0x00, 0x00, 0x00, 0x00, 0x00, 0x00, 0x00, 0x00, 0x00, 0x00, 0x00, 0x00, 0x00, 0x00, 0x00,
  0x00, 0x00, 0x00, 0x00, 0x00, 0x00, 0x00, 0x00, 0x00, 0x00, 0x00, 0x00, 0x00, 0x00, 0x00, 0x00,
  0x00, 0x00, 0x00, 0x00, 0x00, 0x00, 0x00, 0x00, 0x00, 0x00, 0x00, 0x00, 0x00, 0x00, 0x00, 0x00,
  0x00, 0x00, 0x00, 0x00, 0x00, 0x00, 0x00, 0x00, 0x00, 0x00, 0x00, 0x00, 0x00, 0x00, 0x00, 0x00,
  0x00, 0x00, 0x00, 0x00, 0x00, 0x00, 0x00, 0x00, 0x00, 0x00, 0x00, 0x00, 0x00, 0x00, 0x00, 0x00,
  0x00, 0x00, 0x00, 0x00, 0x00, 0x00, 0x00, 0x00, 0x00, 0x00, 0x00, 0x00, 0x00, 0x00, 0x00, 0x00,
  0x00, 0x00, 0x00, 0x00, 0x00, 0x00, 0x00, 0x00, 0x00, 0x00, 0x00, 0x00, 0x00, 0x00, 0x00, 0x00,
  0x00, 0x00, 0x00, 0x00, 0x00, 0x00, 0x00, 0x00, 0x00, 0x00, 0x00, 0x00, 0x00, 0x00, 0x00, 0x00,
  0x00, 0x00, 0x00, 0x00, 0x00, 0x00, 0x00, 0x00, 0x00, 0x00, 0x00, 0x00, 0x00, 0x00, 0x00, 0x00,
  0x00, 0x00, 0x00, 0x00, 0x00, 0x00, 0x00, 0x00, 0x00, 0x00, 0x00, 0x00, 0x00, 0x00, 0x00, 0x00,
  0x00, 0x00, 0x00, 0x00, 0x00, 0x00, 0x00, 0x00, 0x00, 0x00, 0x00, 0x00, 0x00, 0x00, 0x00, 0x00,
  0x00, 0x00, 0x00, 0x00, 0x00, 0x00, 0x00, 0x00, 0x00, 0x00, 0x00, 0x00, 0x00, 0x00, 0x00, 0x00,
  0x00, 0x00, 0x00, 0x00, 0x00, 0x00, 0x00, 0x00, 0x00, 0x00, 0x00, 0x00, 0x00, 0x00, 0x00, 0x00,
  0x00, 0x00, 0x00, 0x00, 0x00, 0x00, 0x00, 0x00, 0x00, 0x00, 0x00, 0x00, 0x00, 0x00, 0x00, 0x00,
  0x00, 0x00, 0x00, 0x00, 0x00, 0x00, 0x00, 0x00, 0x00, 0x00, 0x00, 0x00, 0x00, 0x00, 0x00, 0x00,
  0x00, 0x00, 0x00, 0x00, 0x00, 0x00, 0x00, 0x00, 0x00, 0x00, 0x00, 0x00, 0x00, 0x00, 0x00, 0x00,
  0x00, 0x00, 0x00, 0x00, 0x00, 0x00, 0x00, 0x00, 0x00, 0x00, 0x00, 0x00, 0x00, 0x00, 0x00, 0x00,
  0x00, 0x00, 0x00, 0x00, 0x00, 0x00, 0x00, 0x00, 0x00, 0x00, 0x00, 0x00, 0x00, 0x00, 0x00, 0x00,
  0x00, 0x00, 0x00, 0x00, 0x00, 0x00, 0x00, 0x00, 0x00, 0x00, 0x00, 0x00, 0x00, 0x00, 0x00, 0x00,
  0x00, 0x00, 0x00, 0x00, 0x00, 0x00, 0x00, 0x00, 0x00, 0x00, 0x00, 0x00, 0x00, 0x00, 0x00, 0x00,
  0x00, 0x00, 0x00, 0x00, 0x00, 0x00, 0x00, 0x00, 0x00, 0x00, 0x00, 0x00, 0x00, 0x00, 0x00, 0x00,
  0x00, 0x00, 0x00, 0x00, 0x00, 0x00, 0x00, 0x00, 0x00, 0x00, 0x00, 0x00, 0x00, 0x00, 0x00, 0x00,
  0x00, 0x00, 0x00, 0x00, 0x00, 0x00, 0x00, 0x00, 0x00, 0x00, 0x00, 0x00, 0x00, 0x00, 0x00, 0x00,
  0x00, 0x00, 0x00, 0x00, 0x00, 0x00, 0x00, 0x00, 0x00, 0x00, 0x00, 0x00, 0x00, 0x00, 0x00, 0x00,
  0x00, 0x00, 0x00, 0x00, 0x00, 0x00, 0x00, 0x00, 0x00, 0x00, 0x00, 0x00, 0x00, 0x00, 0x00, 0x00,
  0x00, 0x00, 0x00, 0x00, 0x00, 0x00, 0x00, 0x00, 0x00, 0x00, 0x00, 0x00, 0x00, 0x00, 0x00, 0x00,
  0x00, 0x00, 0x00, 0x00, 0x00, 0x00, 0x00, 0x00, 0x00, 0x00, 0x00, 0x00, 0x00, 0x00, 0x00, 0x00,
  0x00, 0x00, 0x00, 0x00, 0x00, 0x00, 0x00, 0x00, 0x00, 0x00, 0x00, 0x00, 0x00, 0x00, 0x00, 0x00,
  0x00, 0x00, 0x00, 0x00, 0x00, 0x00, 0x00, 0x00, 0x00, 0x00, 0x00, 0x00, 0x00, 0x00, 0x00, 0x00,
  0x00, 0x00, 0x00, 0x00, 0x00, 0x00, 0x00, 0x00, 0x00, 0x00, 0x00, 0x00, 0x00, 0x00, 0x00, 0x00,
  0x00, 0x00, 0x00, 0x00, 0x00, 0x00, 0x00, 0x00, 0x00, 0x00, 0x00, 0x00, 0x00, 0x00, 0x00, 0x00,
  0x00, 0x00, 0x00, 0x00, 0x00, 0x00, 0x00, 0x00, 0x00, 0x00, 0x00, 0x00, 0x00, 0x00, 0x00, 0x00,
  0x00, 0x00, 0x00, 0x00, 0x00, 0x00, 0x00, 0x00, 0x00, 0x00, 0x00, 0x00, 0x00, 0x00, 0x00, 0x00,
  0x00, 0x00, 0x00, 0x00, 0x00, 0x00, 0x00, 0x00, 0x00, 0x00, 0x00, 0x00, 0x00, 0x00, 0x00, 0x00,
  0x00, 0x00, 0x00, 0x00, 0x00, 0x00, 0x00, 0x00, 0x00, 0x00, 0x00, 0x00, 0x00, 0x00, 0x00, 0x00,
  0x00, 0x00, 0x00, 0x00, 0x00, 0x00, 0x00, 0x00, 0x00, 0x00, 0x00, 0x00, 0x00, 0x00, 0x00, 0x00,
  0x00, 0x00, 0x00, 0x00, 0x00, 0x00, 0x00, 0x00, 0x00, 0x00, 0x00, 0x00, 0x00, 0x00, 0x00, 0x00,
  0x00, 0x00, 0x00, 0x00, 0x00, 0x00, 0x00, 0x00, 0x00, 0x00, 0x00, 0x00, 0x00, 0x00, 0x00, 0x00,
  0x00, 0x00, 0x00, 0x00, 0x00, 0x00, 0x00, 0x00, 0x00, 0x00, 0x00, 0x00, 0x00, 0x00, 0x00, 0x00,
  0x00, 0x00, 0x00, 0x00, 0x00, 0x00, 0x00, 0x00, 0x00, 0x00, 0x00, 0x00, 0x00, 0x00, 0x00, 0x00,
  0x00, 0x00, 0x00, 0x00, 0x00, 0x00, 0x00, 0x00, 0x00, 0x00, 0x00, 0x00, 0x00, 0x00, 0x00, 0x00,
  0x00, 0x00, 0x00, 0x00, 0x00, 0x00, 0x00, 0x00, 0x00, 0x00, 0x00, 0x00, 0x00, 0x00, 0x00, 0x00,
  0x00, 0x00, 0x00, 0x00, 0x00, 0x00, 0x00, 0x00, 0x00, 0x00, 0x00, 0x00, 0x00, 0x00, 0x00, 0x00,
  0x00, 0x00, 0x00, 0x00, 0x00, 0x00, 0x00, 0x00, 0x00, 0x00, 0x00, 0x00, 0x00, 0x00, 0x00, 0x00,
  0x00, 0x00, 0x00, 0x00, 0x00, 0x00, 0x00, 0x00, 0x00, 0x00, 0x00, 0x00, 0x00, 0x00, 0x00, 0x00,
  0x00, 0x00, 0x00, 0x00, 0x00, 0x00, 0x00, 0x00, 0x00, 0x00, 0x00, 0x00, 0x00, 0x00, 0x00, 0x00,
  0x00, 0x00, 0x00, 0x00, 0x00, 0x00, 0x00, 0x00, 0x00, 0x00, 0x00, 0x00, 0x00, 0x00, 0x00, 0x00,
  0x00, 0x00, 0x00, 0x00, 0x00, 0x00, 0x00, 0x00, 0x00, 0x00, 0x00, 0x00, 0x00, 0x00, 0x00, 0x00,
  0x00, 0x00, 0x00, 0x00, 0x00, 0x00, 0x00, 0x00, 0x00, 0x00, 0x00, 0x00, 0x00, 0x00, 0x00, 0x00,
  0x00, 0x00, 0x00, 0x00, 0x00, 0x00, 0x00, 0x00, 0x00, 0x00, 0x00, 0x00, 0x00, 0x00, 0x00, 0x00,
  0x00, 0x00, 0x00, 0x00, 0x00, 0x00, 0x00, 0x00, 0x00, 0x00, 0x00, 0x00, 0x00, 0x00, 0x00, 0x00,
  0x00, 0x00, 0x00, 0x00, 0x00, 0x00, 0x00, 0x00, 0x00, 0x00, 0x00, 0x00, 0x00, 0x00, 0x00, 0x00,
  0x00, 0x00, 0x00, 0x00, 0x00, 0x00, 0x00, 0x00, 0x00, 0x00, 0x00, 0x00, 0x00, 0x00, 0x00, 0x00,
  0x00, 0x00, 0x00, 0x00, 0x00, 0x00, 0x00, 0x00, 0x00, 0x00, 0x00, 0x00, 0x00, 0x00, 0x00, 0x00,
  0x00, 0x00, 0x00, 0x00, 0x00, 0x00, 0x00, 0x00, 0x00, 0x00, 0x00, 0x00, 0x00, 0x00, 0x00, 0x00,
  0x00, 0x00, 0x00, 0x00, 0x00, 0x00, 0x00, 0x00, 0x00, 0x00, 0x00, 0x00, 0x00, 0x00, 0x00, 0x00,
  0x00, 0x00, 0x00, 0x00, 0x00, 0x00, 0x00, 0x00, 0x00, 0x00, 0x00, 0x00, 0x00, 0x00, 0x00, 0x00,
  0x00, 0x00, 0x00, 0x00, 0x00, 0x00, 0x00, 0x00, 0x00, 0x00, 0x00, 0x00, 0x00, 0x00, 0x00, 0x00,
  0x00, 0x00, 0x00, 0x00, 0x00, 0x00, 0x00, 0x00, 0x00, 0x00, 0x00, 0x00, 0x00, 0x00, 0x00, 0x00,
  0x00, 0x00, 0x00, 0x00, 0x00, 0x00, 0x00, 0x00, 0x00, 0x00, 0x00, 0x00, 0x00, 0x00, 0x00, 0x00,
  0x00, 0x00, 0x00, 0x00, 0x00, 0x00, 0x00, 0x00, 0x00, 0x00, 0x00, 0x00, 0x00, 0x00, 0x00, 0x00,
  0x00, 0x00, 0x00, 0x00, 0x00, 0x00, 0x00, 0x00, 0x00, 0x00, 0x00, 0x00, 0x00, 0x00, 0x00, 0x00,
  0x00, 0x00, 0x00, 0x00, 0x00, 0x00, 0x00, 0x00, 0x00, 0x00, 0x00, 0x00, 0x00, 0x00, 0x00, 0x00,
  0x00, 0x00, 0x00, 0x00, 0x00, 0x00, 0x00, 0x00, 0x00, 0x00, 0x00, 0x00, 0x00, 0x00, 0x00, 0x00,
  0x00, 0x00, 0x00, 0x00, 0x00, 0x00, 0x00, 0x00, 0x00, 0x00, 0x00, 0x00, 0x00, 0x00, 0x00, 0x00,
  0x00, 0x00, 0x00, 0x00, 0x00, 0x00, 0x00, 0x00, 0x00, 0x00, 0x00, 0x00, 0x00, 0x00, 0x00, 0x00,
  0x00, 0x00, 0x00, 0x00, 0x00, 0x00, 0x00, 0x00, 0x00, 0x00, 0x00, 0x00, 0x00, 0x00, 0x00, 0x00,
  0x00, 0x00, 0x00, 0x00, 0x00, 0x00, 0x00, 0x00, 0x00, 0x00, 0x00, 0x00, 0x00, 0x00, 0x00, 0x00,
  0x00, 0x00, 0x00, 0x00, 0x00, 0x00, 0x00, 0x00, 0x00, 0x00, 0x00, 0x00, 0x00, 0x00, 0x00, 0x00,
  0x00, 0x00, 0x00, 0x00, 0x00, 0x00, 0x00, 0x00, 0x00, 0x00, 0x00, 0x00, 0x00, 0x00, 0x00, 0x00,
  0x00, 0x00, 0x00, 0x00, 0x00, 0x00, 0x00, 0x00, 0x00, 0x00, 0x00, 0x00, 0x00, 0x00, 0x00, 0x00,
  0x00, 0x00, 0x00, 0x00, 0x00, 0x00, 0x00, 0x00, 0x00, 0x00, 0x00, 0x00, 0x00, 0x00, 0x00, 0x00,
  0x00, 0x00, 0x00, 0x00, 0x00, 0x00, 0x00, 0x00, 0x00, 0x00, 0x00, 0x00, 0x00, 0x00, 0x00, 0x00,
  0x00, 0x00, 0x00, 0x00, 0x00, 0x00, 0x00, 0x00, 0x00, 0x00, 0x00, 0x00, 0x00, 0x00, 0x00, 0x00,
  0x00, 0x00, 0x00, 0x00, 0x00, 0x00, 0x00, 0x00, 0x00, 0x00, 0x00, 0x00, 0x00, 0x00, 0x00, 0x00,
  0x00, 0x00, 0x00, 0x00, 0x00, 0x00, 0x00, 0x00, 0x00, 0x00, 0x00, 0x00, 0x00, 0x00, 0x00, 0x00,
  0x00, 0x00, 0x00, 0x00, 0x00, 0x00, 0x00, 0x00, 0x00, 0x00, 0x00, 0x00, 0x00, 0x00, 0x00, 0x00,
  0x00, 0x00, 0x00, 0x00, 0x00, 0x00, 0x00, 0x00, 0x00, 0x00, 0x00, 0x00, 0x00, 0x00, 0x00, 0x00,
  0x00, 0x00, 0x00, 0x00, 0x00, 0x00, 0x00, 0x00, 0x00, 0x00, 0x00, 0x00, 0x00, 0x00, 0x00, 0x00,
  0x00, 0x00, 0x00, 0x00, 0x00, 0x00, 0x00, 0x00, 0x00, 0x00, 0x00, 0x00, 0x00, 0x00, 0x00, 0x00,
  0x00, 0x00, 0x00, 0x00, 0x00, 0x00, 0x00, 0x00, 0x00, 0x00, 0x00, 0x00, 0x00, 0x00, 0x00, 0x00,
  0x00, 0x00, 0x00, 0x00, 0x00, 0x00, 0x00, 0x00, 0x00, 0x00, 0x00, 0x00, 0x00, 0x00, 0x00, 0x00,
  0x00, 0x00, 0x00, 0x00, 0x00, 0x00, 0x00, 0x00, 0x00, 0x00, 0x00, 0x00, 0x00, 0x00, 0x00, 0x00,
  0x00, 0x00, 0x00, 0x00, 0x00, 0x00, 0x00, 0x00, 0x00, 0x00, 0x00, 0x00, 0x00, 0x00, 0x00, 0x00,
  0x00, 0x00, 0x00, 0x00, 0x00, 0x00, 0x00, 0x00, 0x00, 0x00, 0x00, 0x00, 0x00, 0x00, 0x00, 0x00,
  0x00, 0x00, 0x00, 0x00, 0x00, 0x00, 0x00, 0x00, 0x00, 0x00, 0x00, 0x00, 0x00, 0x00, 0x00, 0x00,
  0x00, 0x00, 0x00, 0x00, 0x00, 0x00, 0x00, 0x00, 0x00, 0x00, 0x00, 0x00, 0x00, 0x00, 0x00, 0x00,
  0x00, 0x00, 0x00, 0x00, 0x00, 0x00, 0x00, 0x00, 0x00, 0x00, 0x00, 0x00, 0x00, 0x00, 0x00, 0x00,
  0x00, 0x00, 0x00, 0x00, 0x00, 0x00, 0x00, 0x00, 0x00, 0x00, 0x00, 0x00, 0x00, 0x00, 0x00, 0x00,
  0x00, 0x00, 0x00, 0x00, 0x00, 0x00, 0x00, 0x00, 0x00, 0x00, 0x00, 0x00, 0x00, 0x00, 0x00, 0x00,
  0x00, 0x00, 0x00, 0x00, 0x00, 0x00, 0x00, 0x00, 0x00, 0x00, 0x00, 0x00, 0x00, 0x00, 0x00, 0x00,
  0x00, 0x00, 0x00, 0x00, 0x00, 0x00, 0x00, 0x00, 0x00, 0x00, 0x00, 0x00, 0x00, 0x00, 0x00, 0x00,
  0x00, 0x00, 0x00, 0x00, 0x00, 0x00, 0x00, 0x00, 0x00, 0x00, 0x00, 0x00, 0x00, 0x00, 0x00, 0x00,
  0x00, 0x00, 0x00, 0x00, 0x00, 0x00, 0x00, 0x00, 0x00, 0x00, 0x00, 0x00, 0x00, 0x00, 0x00, 0x00,
  0x00, 0x00, 0x00, 0x00, 0x00, 0x00, 0x00, 0x00, 0x00, 0x00, 0x00, 0x00, 0x00, 0x00, 0x00, 0x00,
  0x00, 0x00, 0x00, 0x00, 0x00, 0x00, 0x00, 0x00, 0x00, 0x00, 0x00, 0x00, 0x00, 0x00, 0x00, 0x00,
  0x00, 0x00, 0x00, 0x00, 0x00, 0x00, 0x00, 0x00, 0x00, 0x00, 0x00, 0x00, 0x00, 0x00, 0x00, 0x00,
  0x00, 0x00, 0x00, 0x00, 0x00, 0x00, 0x00, 0x00, 0x00, 0x00, 0x00, 0x00, 0x00, 0x00, 0x00, 0x00,
  0x00, 0x00, 0x00, 0x00, 0x00, 0x00, 0x00, 0x00, 0x00, 0x00, 0x00, 0x00, 0x00, 0x00, 0x00, 0x00,
  0x00, 0x00, 0x00, 0x00, 0x00, 0x00, 0x00, 0x00, 0x00, 0x00, 0x00, 0x00, 0x00, 0x00, 0x00, 0x00,
  0x00, 0x00, 0x00, 0x00, 0x00, 0x00, 0x00, 0x00, 0x00, 0x00, 0x00, 0x00, 0x00, 0x00, 0x00, 0x00,
  0x00, 0x00, 0x00, 0x00, 0x00, 0x00, 0x00, 0x00, 0x00, 0x00, 0x00, 0x00, 0x00, 0x00, 0x00, 0x00,
  0x00, 0x00, 0x00, 0x00, 0x00, 0x00, 0x00, 0x00, 0x00, 0x00, 0x00, 0x00, 0x00, 0x00, 0x00, 0x00,
  0x00, 0x00, 0x00, 0x00, 0x00, 0x00, 0x00, 0x00, 0x00, 0x00, 0x00, 0x00, 0x00, 0x00, 0x00, 0x00,
  0x00, 0x00, 0x00, 0x00, 0x00, 0x00, 0x00, 0x00, 0x00, 0x00, 0x00, 0x00, 0x00, 0x00, 0x00, 0x00,
  0x00, 0x00, 0x00, 0x00, 0x00, 0x00, 0x00, 0x00, 0x00, 0x00, 0x00, 0x00, 0x00, 0x00, 0x00, 0x00,
  0x00, 0x00, 0x00, 0x00, 0x00, 0x00, 0x00, 0x00, 0x00, 0x00, 0x00, 0x00, 0x00, 0x00, 0x00, 0x00,
  0x00, 0x00, 0x00, 0x00, 0x00, 0x00, 0x00, 0x00, 0x00, 0x00, 0x00, 0x00, 0x00, 0x00, 0x00, 0x00,
  0x00, 0x00, 0x00, 0x00, 0x00, 0x00, 0x00, 0x00, 0x00, 0x00, 0x00, 0x00, 0x00, 0x00, 0x00, 0x00,
  0x00, 0x00, 0x00, 0x00, 0x00, 0x00, 0x00, 0x00, 0x00, 0x00, 0x00, 0x00, 0x00, 0x00, 0x00, 0x00,
  0x00, 0x00, 0x00, 0x00, 0x00, 0x00, 0x00, 0x00, 0x00, 0x00, 0x00, 0x00, 0x00, 0x00, 0x00, 0x00,
  0x00, 0x00, 0x00, 0x00, 0x00, 0x00, 0x00, 0x00, 0x00, 0x00, 0x00, 0x00, 0x00, 0x00, 0x00, 0x00,
  0x00, 0x00, 0x00, 0x00, 0x00, 0x00, 0x00, 0x00, 0x00, 0x00, 0x00, 0x00, 0x00, 0x00, 0x00, 0x00,
  0x00, 0x00, 0x00, 0x00, 0x00, 0x00, 0x00, 0x00, 0x00, 0x00, 0x00, 0x00, 0x00, 0x00, 0x00, 0x00,
  0x00, 0x00, 0x00, 0x00, 0x00, 0x00, 0x00, 0x00, 0x00, 0x00, 0x00, 0x00, 0x00, 0x00, 0x00, 0x00,
  0x00, 0x00, 0x00, 0x00, 0x00, 0x00, 0x00, 0x00, 0x00, 0x00, 0x00, 0x00, 0x00, 0x00, 0x00, 0x00,
  0x00, 0x00, 0x00, 0x00, 0x00, 0x00, 0x00, 0x00, 0x00, 0x00, 0x00, 0x00, 0x00, 0x00, 0x00, 0x00,
  0x00, 0x00, 0x00, 0x00, 0x00, 0x00, 0x00, 0x00, 0x00, 0x00, 0x00, 0x00, 0x00, 0x00, 0x00, 0x00,
  0x00, 0x00, 0x00, 0x00, 0x00, 0x00, 0x00, 0x00, 0x00, 0x00, 0x00, 0x00, 0x00, 0x00, 0x00, 0x00,
  0x00, 0x00, 0x00, 0x00, 0x00, 0x00, 0x00, 0x00, 0x00, 0x00, 0x00, 0x00, 0x00, 0x00, 0x00, 0x00,
  0x00, 0x00, 0x00, 0x00, 0x00, 0x00, 0x00, 0x00, 0x00, 0x00, 0x00, 0x00, 0x00, 0x00, 0x00, 0x00,
  0x00, 0x00, 0x00, 0x00, 0x00, 0x00, 0x00, 0x00, 0x00, 0x00, 0x00, 0x00, 0x00, 0x00, 0x00, 0x00,
  0x00, 0x00, 0x00, 0x00, 0x00, 0x00, 0x00, 0x00, 0x00, 0x00, 0x00, 0x00, 0x00, 0x00, 0x00, 0x00,
  0x00, 0x00, 0x00, 0x00, 0x00, 0x00, 0x00, 0x00, 0x00, 0x00, 0x00, 0x00, 0x00, 0x00, 0x00, 0x00,
  0x00, 0x00, 0x00, 0x00, 0x00, 0x00, 0x00, 0x00, 0x00, 0x00, 0x00, 0x00, 0x00, 0x00, 0x00, 0x00,
  0x00, 0x00, 0x00, 0x00, 0x00, 0x00, 0x00, 0x00, 0x00, 0x00, 0x00, 0x00, 0x00, 0x00, 0x00, 0x00,
  0x00, 0x00, 0x00, 0x00, 0x00, 0x00, 0x00, 0x00, 0x00, 0x00, 0x00, 0x00, 0x00, 0x00, 0x00, 0x00,
  0x00, 0x00, 0x00, 0x00, 0x00, 0x00, 0x00, 0x00, 0x00, 0x00, 0x00, 0x00, 0x00, 0x00, 0x00, 0x00,
  0x00, 0x00, 0x00, 0x00, 0x00, 0x00, 0x00, 0x00, 0x00, 0x00, 0x00, 0x00, 0x00, 0x00, 0x00, 0x00,
  0x00, 0x00, 0x00, 0x00, 0x00, 0x00, 0x00, 0x00, 0x00, 0x00, 0x00, 0x00, 0x00, 0x00, 0x00, 0x00,
  0x00, 0x00, 0x00, 0x00, 0x00, 0x00, 0x00, 0x00, 0x00, 0x00, 0x00, 0x00, 0x00, 0x00, 0x00, 0x00,
  0x00, 0x00, 0x00, 0x00, 0x00, 0x00, 0x00, 0x00, 0x00, 0x00, 0x00, 0x00, 0x00, 0x00, 0x00, 0x00,
  0x00, 0x00, 0x00, 0x00, 0x00, 0x00, 0x00, 0x00, 0x00, 0x00, 0x00, 0x00, 0x00, 0x00, 0x00, 0x00,
  0x00, 0x00, 0x00, 0x00, 0x00, 0x00, 0x00, 0x00, 0x00, 0x00, 0x00, 0x00, 0x00, 0x00, 0x00, 0x00,
  0x00, 0x00, 0x00, 0x00, 0x00, 0x00, 0x00, 0x00, 0x00, 0x00, 0x00, 0x00, 0x00, 0x00, 0x00, 0x00,
  0x00, 0x00, 0x00, 0x00, 0x00, 0x00, 0x00, 0x00, 0x00, 0x00, 0x00, 0x00, 0x00, 0x00, 0x00, 0x00,
  0x00, 0x00, 0x00, 0x00, 0x00, 0x00, 0x00, 0x00, 0x00, 0x00, 0x00, 0x00, 0x00, 0x00, 0x00, 0x00,
  0x00, 0x00, 0x00, 0x00, 0x00, 0x00, 0x00, 0x00, 0x00, 0x00, 0x00, 0x00, 0x00, 0x00, 0x00, 0x00,
  0x00, 0x00, 0x00, 0x00, 0x00, 0x00, 0x00, 0x00, 0x00, 0x00, 0x00, 0x00, 0x00, 0x00, 0x00, 0x00,
  0x00, 0x00, 0x00, 0x00, 0x00, 0x00, 0x00, 0x00, 0x00, 0x00, 0x00, 0x00, 0x00, 0x00, 0x00, 0x00,
  0x00, 0x00, 0x00, 0x00, 0x00, 0x00, 0x00, 0x00, 0x00, 0x00, 0x00, 0x00, 0x00, 0x00, 0x00, 0x00,
  0x00, 0x00, 0x00, 0x00, 0x00, 0x00, 0x00, 0x00, 0x00, 0x00, 0x00, 0x00, 0x00, 0x00, 0x00, 0x00,
  0x00, 0x00, 0x00, 0x00, 0x00, 0x00, 0x00, 0x00, 0x00, 0x00, 0x00, 0x00, 0x00, 0x00, 0x00, 0x00,
  0x00, 0x00, 0x00, 0x00, 0x00, 0x00, 0x00, 0x00, 0x00, 0x00, 0x00, 0x00, 0x00, 0x00, 0x00, 0x00,
  0x00, 0x00, 0x00, 0x00, 0x00, 0x00, 0x00, 0x00, 0x00, 0x00, 0x00, 0x00, 0x00, 0x00, 0x00, 0x00,
  0x00, 0x00, 0x00, 0x00, 0x00, 0x00, 0x00, 0x00, 0x00, 0x00, 0x00, 0x00, 0x00, 0x00, 0x00, 0x00,
  0x00, 0x00, 0x00, 0x00, 0x00, 0x00, 0x00, 0x00, 0x00, 0x00, 0x00, 0x00, 0x00, 0x00, 0x00, 0x00,
  0x00, 0x00, 0x00, 0x00, 0x00, 0x00, 0x00, 0x00, 0x00, 0x00, 0x00, 0x00, 0x00, 0x00, 0x00, 0x00,
  0x00, 0x00, 0x00, 0x00, 0x00, 0x00, 0x00, 0x00, 0x00, 0x00, 0x00, 0x00, 0x00, 0x00, 0x00, 0x00,
  0x00, 0x00, 0x00, 0x00, 0x00, 0x00, 0x00, 0x00, 0x00, 0x00, 0x00, 0x00, 0x00, 0x00, 0x00, 0x00,
  0x00, 0x00, 0x00, 0x00, 0x00, 0x00, 0x00, 0x00, 0x00, 0x00, 0x00, 0x00, 0x00, 0x00, 0x00, 0x00,
  0x00, 0x00, 0x00, 0x00, 0x00, 0x00, 0x00, 0x00, 0x00, 0x00, 0x00, 0x00, 0x00, 0x00, 0x00, 0x00,
  0x00, 0x00, 0x00, 0x00, 0x00, 0x00, 0x00, 0x00, 0x00, 0x00, 0x00, 0x00, 0x00, 0x00, 0x00, 0x00,
  0x00, 0x00, 0x00, 0x00, 0x00, 0x00, 0x00, 0x00, 0x00, 0x00, 0x00, 0x00, 0x00, 0x00, 0x00, 0x00,
  0x00, 0x00, 0x00, 0x00, 0x00, 0x00, 0x00, 0x00, 0x00, 0x00, 0x00, 0x00, 0x00, 0x00, 0x00, 0x00,
  0x00, 0x00, 0x00, 0x00, 0x00, 0x00, 0x00, 0x00, 0x00, 0x00, 0x00, 0x00, 0x00, 0x00, 0x00, 0x00,
  0x00, 0x00, 0x00, 0x00, 0x00, 0x00, 0x00, 0x00, 0x00, 0x00, 0x00, 0x00, 0x00, 0x00, 0x00, 0x00,
  0x00, 0x00, 0x00, 0x00, 0x00, 0x00, 0x00, 0x00, 0x00, 0x00, 0x00, 0x00, 0x00, 0x00, 0x00, 0x00,
  0x00, 0x00, 0x00, 0x00, 0x00, 0x00, 0x00, 0x00, 0x00, 0x00, 0x00, 0x00, 0x00, 0x00, 0x00, 0x00,
  0x00, 0x00, 0x00, 0x00, 0x00, 0x00, 0x00, 0x00, 0x00, 0x00, 0x00, 0x00, 0x00, 0x00, 0x00, 0x00,
  0x00, 0x00, 0x00, 0x00, 0x00, 0x00, 0x00, 0x00, 0x00, 0x00, 0x00, 0x00, 0x00, 0x00, 0x00, 0x00,
  0x00, 0x00, 0x00, 0x00, 0x00, 0x00, 0x00, 0x00, 0x00, 0x00, 0x00, 0x00, 0x00, 0x00, 0x00, 0x00,
  0x00, 0x00, 0x00, 0x00, 0x00, 0x00, 0x00, 0x00, 0x00, 0x00, 0x00, 0x00, 0x00, 0x00, 0x00, 0x00,
  0x00, 0x00, 0x00, 0x00, 0x00, 0x00, 0x00, 0x00, 0x00, 0x00, 0x00, 0x00, 0x00, 0x00, 0x00, 0x00,
  0x00, 0x00, 0x00, 0x00, 0x00, 0x00, 0x00, 0x00, 0x00, 0x00, 0x00, 0x00, 0x00, 0x00, 0x00, 0x00,
  0x00, 0x00, 0x00, 0x00, 0x00, 0x00, 0x00, 0x00, 0x00, 0x00, 0x00, 0x00, 0x00, 0x00, 0x00, 0x00,
  0x00, 0x00, 0x00, 0x00, 0x00, 0x00, 0x00, 0x00, 0x00, 0x00, 0x00, 0x00, 0x00, 0x00, 0x00, 0x00,
  0x00, 0x00, 0x00, 0x00, 0x00, 0x00, 0x00, 0x00, 0x00, 0x00, 0x00, 0x00, 0x00, 0x00, 0x00, 0x00,
  0x00, 0x00, 0x00, 0x00, 0x00, 0x00, 0x00, 0x00, 0x00, 0x00, 0x00, 0x00, 0x00, 0x00, 0x00, 0x00,
  0x00, 0x00, 0x00, 0x00, 0x00, 0x00, 0x00, 0x00, 0x00, 0x00, 0x00, 0x00, 0x00, 0x00, 0x00, 0x00,
  0x00, 0x00, 0x00, 0x00, 0x00, 0x00, 0x00, 0x00, 0x00, 0x00, 0x00, 0x00, 0x00, 0x00, 0x00, 0x00,
  0x00, 0x00, 0x00, 0x00, 0x00, 0x00, 0x00, 0x00, 0x00, 0x00, 0x00, 0x00, 0x00, 0x00, 0x00, 0x00,
  0x00, 0x00, 0x00, 0x00, 0x00, 0x00, 0x00, 0x00, 0x00, 0x00, 0x00, 0x00, 0x00, 0x00, 0x00, 0x00,
  0x00, 0x00, 0x00, 0x00, 0x00, 0x00, 0x00, 0x00, 0x00, 0x00, 0x00, 0x00, 0x00, 0x00, 0x00, 0x00,
  0x00, 0x00, 0x00, 0x00, 0x00, 0x00, 0x00, 0x00, 0x00, 0x00, 0x00, 0x00, 0x00, 0x00, 0x00, 0x00,
  0x00, 0x00, 0x00, 0x00, 0x00, 0x00, 0x00, 0x00, 0x00, 0x00, 0x00, 0x00, 0x00, 0x00, 0x00, 0x00,
  0x00, 0x00, 0x00, 0x00, 0x00, 0x00, 0x00, 0x00, 0x00, 0x00, 0x00, 0x00, 0x00, 0x00, 0x00, 0x00,
  0x00, 0x00, 0x00, 0x00, 0x00, 0x00, 0x00, 0x00, 0x00, 0x00, 0x00, 0x00, 0x00, 0x00, 0x00, 0x00,
  0x00, 0x00, 0x00, 0x00, 0x00, 0x00, 0x00, 0x00, 0x00, 0x00, 0x00, 0x00, 0x00, 0x00, 0x00, 0x00,
  0x00, 0x00, 0x00, 0x00, 0x00, 0x00, 0x00, 0x00, 0x00, 0x00, 0x00, 0x00, 0x00, 0x00, 0x00, 0x00,
  0x00, 0x00, 0x00, 0x00, 0x00, 0x00, 0x00, 0x00, 0x00, 0x00, 0x00, 0x00, 0x00, 0x00, 0x00, 0x00,
  0x00, 0x00, 0x00, 0x00, 0x00, 0x00, 0x00, 0x00, 0x00, 0x00, 0x00, 0x00, 0x00, 0x00, 0x00, 0x00,
  0x00, 0x00, 0x00, 0x00, 0x00, 0x00, 0x00, 0x00, 0x00, 0x00, 0x00, 0x00, 0x00, 0x00, 0x00, 0x00,
  0x00, 0x00, 0x00, 0x00, 0x00, 0x00, 0x00, 0x00, 0x00, 0x00, 0x00, 0x00, 0x00, 0x00, 0x00, 0x00,
  0x00, 0x00, 0x00, 0x00, 0x00, 0x00, 0x00, 0x00, 0x00, 0x00, 0x00, 0x00, 0x00, 0x00, 0x00, 0x00,
  0x00, 0x00, 0x00, 0x00, 0x00, 0x00, 0x00, 0x00, 0x00, 0x00, 0x00, 0x00, 0x00, 0x00, 0x00, 0x00,
  0x00, 0x00, 0x00, 0x00, 0x00, 0x00, 0x00, 0x00, 0x00, 0x00, 0x00, 0x00, 0x00, 0x00, 0x00, 0x00,
  0x00, 0x00, 0x00, 0x00, 0x00, 0x00, 0x00, 0x00, 0x00, 0x00, 0x00, 0x00, 0x00, 0x00, 0x00, 0x00,
  0x00, 0x00, 0x00, 0x00, 0x00, 0x00, 0x00, 0x00, 0x00, 0x00, 0x00, 0x00, 0x00, 0x00, 0x00, 0x00,
  0x00, 0x00, 0x00, 0x00, 0x00, 0x00, 0x00, 0x00, 0x00, 0x00, 0x00, 0x00, 0x00, 0x00, 0x00, 0x00,
  0x00, 0x00, 0x00, 0x00, 0x00, 0x00, 0x00, 0x00, 0x00, 0x00, 0x00, 0x00, 0x00, 0x00, 0x00, 0x00,
  0x00, 0x00, 0x00, 0x00, 0x00, 0x00, 0x00, 0x00, 0x00, 0x00, 0x00, 0x00, 0x00, 0x00, 0x00, 0x00,
  0x00, 0x00, 0x00, 0x00, 0x00, 0x00, 0x00, 0x00, 0x00, 0x00, 0x00, 0x00, 0x00, 0x00, 0x00, 0x00,
  0x00, 0x00, 0x00, 0x00, 0x00, 0x00, 0x00, 0x00, 0x00, 0x00, 0x00, 0x00, 0x00, 0x00, 0x00, 0x00,
  0x00, 0x00, 0x00, 0x00, 0x00, 0x00, 0x00, 0x00, 0x00, 0x00, 0x00, 0x00, 0x00, 0x00, 0x00, 0x00,
  0x00, 0x00, 0x00, 0x00, 0x00, 0x00, 0x00, 0x00, 0x00, 0x00, 0x00, 0x00, 0x00, 0x00, 0x00, 0x00,
  0x00, 0x00, 0x00, 0x00, 0x00, 0x00, 0x00, 0x00, 0x00, 0x00, 0x00, 0x00, 0x00, 0x00, 0x00, 0x00,
  0x00, 0x00, 0x00, 0x00, 0x00, 0x00, 0x00, 0x00, 0x00, 0x00, 0x00, 0x00, 0x00, 0x00, 0x00, 0x00,
  0x00, 0x00, 0x00, 0x00, 0x00, 0x00, 0x00, 0x00, 0x00, 0x00, 0x00, 0x00, 0x00, 0x00, 0x00, 0x00,
  0x00, 0x00, 0x00, 0x00, 0x00, 0x00, 0x00, 0x00, 0x00, 0x00, 0x00, 0x00, 0x00, 0x00, 0x00, 0x00,
  0x00, 0x00, 0x00, 0x00, 0x00, 0x00, 0x00, 0x00, 0x00, 0x00, 0x00, 0x00, 0x00, 0x00, 0x00, 0x00,
  0x00, 0x00, 0x00, 0x00, 0x00, 0x00, 0x00, 0x00, 0x00, 0x00, 0x00, 0x00, 0x00, 0x00, 0x00, 0x00,
  0x00, 0x00, 0x00, 0x00, 0x00, 0x00, 0x00, 0x00, 0x00, 0x00, 0x00, 0x00, 0x00, 0x00, 0x00, 0x00,
  0x00, 0x00, 0x00, 0x00, 0x00, 0x00, 0x00, 0x00, 0x00, 0x00, 0x00, 0x00, 0x00, 0x00, 0x00, 0x00,
  0x00, 0x00, 0x00, 0x00, 0x00, 0x00, 0x00, 0x00, 0x00, 0x00, 0x00, 0x00, 0x00, 0x00, 0x00, 0x00,
  0x00, 0x00, 0x00, 0x00, 0x00, 0x00, 0x00, 0x00, 0x00, 0x00, 0x00, 0x00, 0x00, 0x00, 0x00, 0x00,
  0x00, 0x00, 0x00, 0x00, 0x00, 0x00, 0x00, 0x00, 0x00, 0x00, 0x00, 0x00, 0x00, 0x00, 0x00, 0x00,
  0x00, 0x00, 0x00, 0x00, 0x00, 0x00, 0x00, 0x00, 0x00, 0x00, 0x00, 0x00, 0x00, 0x00, 0x00, 0x00,
  0x00, 0x00, 0x00, 0x00, 0x00, 0x00, 0x00, 0x00, 0x00, 0x00, 0x00, 0x00, 0x00, 0x00, 0x00, 0x00,
  0x00, 0x00, 0x00, 0x00, 0x00, 0x00, 0x00, 0x00, 0x00, 0x00, 0x00, 0x00, 0x00, 0x00, 0x00, 0x00,
  0x00, 0x00, 0x00, 0x00, 0x00, 0x00, 0x00, 0x00, 0x00, 0x00, 0x00, 0x00, 0x00, 0x00, 0x00, 0x00,
  0x00, 0x00, 0x00, 0x00, 0x00, 0x00, 0x00, 0x00, 0x00, 0x00, 0x00, 0x00, 0x00, 0x00, 0x00, 0x00,
  0x00, 0x00, 0x00, 0x00, 0x00, 0x00, 0x00, 0x00, 0x00, 0x00, 0x00, 0x00, 0x00, 0x00, 0x00, 0x00,
  0x00, 0x00, 0x00, 0x00, 0x00, 0x00, 0x00, 0x00, 0x00, 0x00, 0x00, 0x00, 0x00, 0x00, 0x00, 0x00,
  0x00, 0x00, 0x00, 0x00, 0x00, 0x00, 0x00, 0x00, 0x00, 0x00, 0x00, 0x00, 0x00, 0x00, 0x00, 0x00,
  0x00, 0x00, 0x00, 0x00, 0x00, 0x00, 0x00, 0x00, 0x00, 0x00, 0x00, 0x00, 0x00, 0x00, 0x00, 0x00,
  0x00, 0x00, 0x00, 0x00, 0x00, 0x00, 0x00, 0x00, 0x00, 0x00, 0x00, 0x00, 0x00, 0x00, 0x00, 0x00,
  0x00, 0x00, 0x00, 0x00, 0x00, 0x00, 0x00, 0x00, 0x00, 0x00, 0x00, 0x00, 0x00, 0x00, 0x00, 0x00,
  0x00, 0x00, 0x00, 0x00, 0x00, 0x00, 0x00, 0x00, 0x00, 0x00, 0x00, 0x00, 0x00, 0x00, 0x00, 0x00,
  0x00, 0x00, 0x00, 0x00, 0x00, 0x00, 0x00, 0x00, 0x00, 0x00, 0x00, 0x00, 0x00, 0x00, 0x00, 0x00,
  0x00, 0x00, 0x00, 0x00, 0x00, 0x00, 0x00, 0x00, 0x00, 0x00, 0x00, 0x00, 0x00, 0x00, 0x00, 0x00,
  0x00, 0x00, 0x00, 0x00, 0x00, 0x00, 0x00, 0x00, 0x00, 0x00, 0x00, 0x00, 0x00, 0x00, 0x00, 0x00,
  0x00, 0x00, 0x00, 0x00, 0x00, 0x00, 0x00, 0x00, 0x00, 0x00, 0x00, 0x00, 0x00, 0x00, 0x00, 0x00,
  0x00, 0x00, 0x00, 0x00, 0x00, 0x00, 0x00, 0x00, 0x00, 0x00, 0x00, 0x00, 0x00, 0x00, 0x00, 0x00,
  0x00, 0x00, 0x00, 0x00, 0x00, 0x00, 0x00, 0x00, 0x00, 0x00, 0x00, 0x00, 0x00, 0x00, 0x00, 0x00,
  0x00, 0x00, 0x00, 0x00, 0x00, 0x00, 0x00, 0x00, 0x00, 0x00, 0x00, 0x00, 0x00, 0x00, 0x00, 0x00,
  0x00, 0x00, 0x00, 0x00, 0x00, 0x00, 0x00, 0x00, 0x00, 0x00, 0x00, 0x00, 0x00, 0x00, 0x00, 0x00,
  0x00, 0x00, 0x00, 0x00, 0x00, 0x00, 0x00, 0x00, 0x00, 0x00, 0x00, 0x00, 0x00, 0x00, 0x00, 0x00,
  0x00, 0x00, 0x00, 0x00, 0x00, 0x00, 0x00, 0x00, 0x00, 0x00, 0x00, 0x00, 0x00, 0x00, 0x00, 0x00,
  0x00, 0x00, 0x00, 0x00, 0x00, 0x00, 0x00, 0x00, 0x00, 0x00, 0x00, 0x00, 0x00, 0x00, 0x00, 0x00,
  0x00, 0x00, 0x00, 0x00, 0x00, 0x00, 0x00, 0x00, 0x00, 0x00, 0x00, 0x00, 0x00, 0x00, 0x00, 0x00,
  0x00, 0x00, 0x00, 0x00, 0x00, 0x00, 0x00, 0x00, 0x00, 0x00, 0x00, 0x00, 0x00, 0x00, 0x00, 0x00,
  0x00, 0x00, 0x00, 0x00, 0x00, 0x00, 0x00, 0x00, 0x00, 0x00, 0x00, 0x00, 0x00, 0x00, 0x00, 0x00,
  0x00, 0x00, 0x00, 0x00, 0x00, 0x00, 0x00, 0x00, 0x00, 0x00, 0x00, 0x00, 0x00, 0x00, 0x00, 0x00,
  0x00, 0x00, 0x00, 0x00, 0x00, 0x00, 0x00, 0x00, 0x00, 0x00, 0x00, 0x00, 0x00, 0x00, 0x00, 0x00,
  0x00, 0x00, 0x00, 0x00, 0x00, 0x00, 0x00, 0x00, 0x00, 0x00, 0x00, 0x00, 0x00, 0x00, 0x00, 0x00,
  0x00, 0x00, 0x00, 0x00, 0x00, 0x00, 0x00, 0x00, 0x00, 0x00, 0x00, 0x00, 0x00, 0x00, 0x00, 0x00,
  0x00, 0x00, 0x00, 0x00, 0x00, 0x00, 0x00, 0x00, 0x00, 0x00, 0x00, 0x00, 0x00, 0x00, 0x00, 0x00,
  0x00, 0x00, 0x00, 0x00, 0x00, 0x00, 0x00, 0x00, 0x00, 0x00, 0x00, 0x00, 0x00, 0x00, 0x00, 0x00,
  0x00, 0x00, 0x00, 0x00, 0x00, 0x00, 0x00, 0x00, 0x00, 0x00, 0x00, 0x00, 0x00, 0x00, 0x00, 0x00,
  0x00, 0x00, 0x00, 0x00, 0x00, 0x00, 0x00, 0x00, 0x00, 0x00, 0x00, 0x00, 0x00, 0x00, 0x00, 0x00,
  0x00, 0x00, 0x00, 0x00, 0x00, 0x00, 0x00, 0x00, 0x00, 0x00, 0x00, 0x00, 0x00, 0x00, 0x00, 0x00,
  0x00, 0x00, 0x00, 0x00, 0x00, 0x00, 0x00, 0x00, 0x00, 0x00, 0x00, 0x00, 0x00, 0x00, 0x00, 0x00,
  0x00, 0x00, 0x00, 0x00, 0x00, 0x00, 0x00, 0x00, 0x00, 0x00, 0x00, 0x00, 0x00, 0x00, 0x00, 0x00,
  0x00, 0x00, 0x00, 0x00, 0x00, 0x00, 0x00, 0x00, 0x00, 0x00, 0x00, 0x00, 0x00, 0x00, 0x00, 0x00,
  0x00, 0x00, 0x00, 0x00, 0x00, 0x00, 0x00, 0x00, 0x00, 0x00, 0x00, 0x00, 0x00, 0x00, 0x00, 0x00,
  0x00, 0x00, 0x00, 0x00, 0x00, 0x00, 0x00, 0x00, 0x00, 0x00, 0x00, 0x00, 0x00, 0x00, 0x00, 0x00,
  0x00, 0x00, 0x00, 0x00, 0x00, 0x00, 0x00, 0x00, 0x00, 0x00, 0x00, 0x00, 0x00, 0x00, 0x00, 0x00,
  0x00, 0x00, 0x00, 0x00, 0x00, 0x00, 0x00, 0x00, 0x00, 0x00, 0x00, 0x00, 0x00, 0x00, 0x00, 0x00,
  0x00, 0x00, 0x00, 0x00, 0x00, 0x00, 0x00, 0x00, 0x00, 0x00, 0x00, 0x00, 0x00, 0x00, 0x00, 0x00,
  0x00, 0x00, 0x00, 0x00, 0x00, 0x00, 0x00, 0x00, 0x00, 0x00, 0x00, 0x00, 0x00, 0x00, 0x00, 0x00,
  0x00, 0x00, 0x00, 0x00, 0x00, 0x00, 0x00, 0x00, 0x00, 0x00, 0x00, 0x00, 0x00, 0x00, 0x00, 0x00,
  0x00, 0x00, 0x00, 0x00, 0x00, 0x00, 0x00, 0x00, 0x00, 0x00, 0x00, 0x00, 0x00, 0x00, 0x00, 0x00,
  0x00, 0x00, 0x00, 0x00, 0x00, 0x00, 0x00, 0x00, 0x00, 0x00, 0x00, 0x00, 0x00, 0x00, 0x00, 0x00,
  0x00, 0x00, 0x00, 0x00, 0x00, 0x00, 0x00, 0x00, 0x00, 0x00, 0x00, 0x00, 0x00, 0x00, 0x00, 0x00,
  0x00, 0x00, 0x00, 0x00, 0x00, 0x00, 0x00, 0x00, 0x00, 0x00, 0x00, 0x00, 0x00, 0x00, 0x00, 0x00,
  0x00, 0x00, 0x00, 0x00, 0x00, 0x00, 0x00, 0x00, 0x00, 0x00, 0x00, 0x00, 0x00, 0x00, 0x00, 0x00,
  0x00, 0x00, 0x00, 0x00, 0x00, 0x00, 0x00, 0x00, 0x00, 0x00, 0x00, 0x00, 0x00, 0x00, 0x00, 0x00,
  0x00, 0x00, 0x00, 0x00, 0x00, 0x00, 0x00, 0x00, 0x00, 0x00, 0x00, 0x00, 0x00, 0x00, 0x00, 0x00,
  0x00, 0x00, 0x00, 0x00, 0x00, 0x00, 0x00, 0x00, 0x00, 0x00, 0x00, 0x00, 0x00, 0x00, 0x00, 0x00,
  0x00, 0x00, 0x00, 0x00, 0x00, 0x00, 0x00, 0x00, 0x00, 0x00, 0x00, 0x00, 0x00, 0x00, 0x00, 0x00,
  0x00, 0x00, 0x00, 0x00, 0x00, 0x00, 0x00, 0x00, 0x00, 0x00, 0x00, 0x00, 0x00, 0x00, 0x00, 0x00,
  0x00, 0x00, 0x00, 0x00, 0x00, 0x00, 0x00, 0x00, 0x00, 0x00, 0x00, 0x00, 0x00, 0x00, 0x00, 0x00,
  0x00, 0x00, 0x00, 0x00, 0x00, 0x00, 0x00, 0x00, 0x00, 0x00, 0x00, 0x00, 0x00, 0x00, 0x00, 0x00,
  0x00, 0x00, 0x00, 0x00, 0x00, 0x00, 0x00, 0x00, 0x00, 0x00, 0x00, 0x00, 0x00, 0x00, 0x00, 0x00,
  0x00, 0x00, 0x00, 0x00, 0x00, 0x00, 0x00, 0x00, 0x00, 0x00, 0x00, 0x00, 0x00, 0x00, 0x00, 0x00,
  0x00, 0x00, 0x00, 0x00, 0x00, 0x00, 0x00, 0x00, 0x00, 0x00, 0x00, 0x00, 0x00, 0x00, 0x00, 0x00,
  0x00, 0x00, 0x00, 0x00, 0x00, 0x00, 0x00, 0x00, 0x00, 0x00, 0x00, 0x00, 0x00, 0x00, 0x00, 0x00,
  0x00, 0x00, 0x00, 0x00, 0x00, 0x00, 0x00, 0x00, 0x00, 0x00, 0x00, 0x00, 0x00, 0x00, 0x00, 0x00,
  0x00, 0x00, 0x00, 0x00, 0x00, 0x00, 0x00, 0x00, 0x00, 0x00, 0x00, 0x00, 0x00, 0x00, 0x00, 0x00,
  0x00, 0x00, 0x00, 0x00, 0x00, 0x00, 0x00, 0x00, 0x00, 0x00, 0x00, 0x00, 0x00, 0x00, 0x00, 0x00,
  0x00, 0x00, 0x00, 0x00, 0x00, 0x00, 0x00, 0x00, 0x00, 0x00, 0x00, 0x00, 0x00, 0x00, 0x00, 0x00,
  0x00, 0x00, 0x00, 0x00, 0x00, 0x00, 0x00, 0x00, 0x00, 0x00, 0x00, 0x00, 0x00, 0x00, 0x00, 0x00,
  0x00, 0x00, 0x00, 0x00, 0x00, 0x00, 0x00, 0x00, 0x00, 0x00, 0x00, 0x00, 0x00, 0x00, 0x00, 0x00,
  0x00, 0x00, 0x00, 0x00, 0x00, 0x00, 0x00, 0x00, 0x00, 0x00, 0x00, 0x00, 0x00, 0x00, 0x00, 0x00,
  0x00, 0x00, 0x00, 0x00, 0x00, 0x00, 0x00, 0x00, 0x00, 0x00, 0x00, 0x00, 0x00, 0x00, 0x00, 0x00,
  0x00, 0x00, 0x00, 0x00, 0x00, 0x00, 0x00, 0x00, 0x00, 0x00, 0x00, 0x00, 0x00, 0x00, 0x00, 0x00,
  0x00, 0x00, 0x00, 0x00, 0x00, 0x00, 0x00, 0x00, 0x00, 0x00, 0x00, 0x00, 0x00, 0x00, 0x00, 0x00,
  0x00, 0x00, 0x00, 0x00, 0x00, 0x00, 0x00, 0x00, 0x00, 0x00, 0x00, 0x00, 0x00, 0x00, 0x00, 0x00,
  0x00, 0x00, 0x00, 0x00, 0x00, 0x00, 0x00, 0x00, 0x00, 0x00, 0x00, 0x00, 0x00, 0x00, 0x00, 0x00,
  0x00, 0x00, 0x00, 0x00, 0x00, 0x00, 0x00, 0x00, 0x00, 0x00, 0x00, 0x00, 0x00, 0x00, 0x00, 0x00,
  0x00, 0x00, 0x00, 0x00, 0x00, 0x00, 0x00, 0x00, 0x00, 0x00, 0x00, 0x00, 0x00, 0x00, 0x00, 0x00,
  0x00, 0x00, 0x00, 0x00, 0x00, 0x00, 0x00, 0x00, 0x00, 0x00, 0x00, 0x00, 0x00, 0x00, 0x00, 0x00,
  0x00, 0x00, 0x00, 0x00, 0x00, 0x00, 0x00, 0x00, 0x00, 0x00, 0x00, 0x00, 0x00, 0x00, 0x00, 0x00,
  0x00, 0x00, 0x00, 0x00, 0x00, 0x00, 0x00, 0x00, 0x00, 0x00, 0x00, 0x00, 0x00, 0x00, 0x00, 0x00,
  0x00, 0x00, 0x00, 0x00, 0x00, 0x00, 0x00, 0x00, 0x00, 0x00, 0x00, 0x00, 0x00, 0x00, 0x00, 0x00,
  0x00, 0x00, 0x00, 0x00, 0x00, 0x00, 0x00, 0x00, 0x00, 0x00, 0x00, 0x00, 0x00, 0x00, 0x00, 0x00,
  0x00, 0x00, 0x00, 0x00, 0x00, 0x00, 0x00, 0x00, 0x00, 0x00, 0x00, 0x00, 0x00, 0x00, 0x00, 0x00,
  0x00, 0x00, 0x00, 0x00, 0x00, 0x00, 0x00, 0x00, 0x00, 0x00, 0x00, 0x00, 0x00, 0x00, 0x00, 0x00,
  0x00, 0x00, 0x00, 0x00, 0x00, 0x00, 0x00, 0x00, 0x00, 0x00, 0x00, 0x00, 0x00, 0x00, 0x00, 0x00,
  0x00, 0x00, 0x00, 0x00, 0x00, 0x00, 0x00, 0x00, 0x00, 0x00, 0x00, 0x00, 0x00, 0x00, 0x00, 0x00,
  0x00, 0x00, 0x00, 0x00, 0x00, 0x00, 0x00, 0x00, 0x00, 0x00, 0x00, 0x00, 0x00, 0x00, 0x00, 0x00,
  0x00, 0x00, 0x00, 0x00, 0x00, 0x00, 0x00, 0x00, 0x00, 0x00, 0x00, 0x00, 0x00, 0x00, 0x00, 0x00,
  0x00, 0x00, 0x00, 0x00, 0x00, 0x00, 0x00, 0x00, 0x00, 0x00, 0x00, 0x00, 0x00, 0x00, 0x00, 0x00,
  0x00, 0x00, 0x00, 0x00, 0x00, 0x00, 0x00, 0x00, 0x00, 0x00, 0x00, 0x00, 0x00, 0x00, 0x00, 0x00,
  0x00, 0x00, 0x00, 0x00, 0x00, 0x00, 0x00, 0x00, 0x00, 0x00, 0x00, 0x00, 0x00, 0x00, 0x00, 0x00,
  0x00, 0x00, 0x00, 0x00, 0x00, 0x00, 0x00, 0x00, 0x00, 0x00, 0x00, 0x00, 0x00, 0x00, 0x00, 0x00,
  0x00, 0x00, 0x00, 0x00, 0x00, 0x00, 0x00, 0x00, 0x00, 0x00, 0x00, 0x00, 0x00, 0x00, 0x00, 0x00,
  0x00, 0x00, 0x00, 0x00, 0x00, 0x00, 0x00, 0x00, 0x00, 0x00, 0x00, 0x00, 0x00, 0x00, 0x00, 0x00,
  0x00, 0x00, 0x00, 0x00, 0x00, 0x00, 0x00, 0x00, 0x00, 0x00, 0x00, 0x00, 0x00, 0x00, 0x00, 0x00,
  0x00, 0x00, 0x00, 0x00, 0x00, 0x00, 0x00, 0x00, 0x00, 0x00, 0x00, 0x00, 0x00, 0x00, 0x00, 0x00,
  0x00, 0x00, 0x00, 0x00, 0x00, 0x00, 0x00, 0x00, 0x00, 0x00, 0x00, 0x00, 0x00, 0x00, 0x00, 0x00,
  0x00, 0x00, 0x00, 0x00, 0x00, 0x00, 0x00, 0x00, 0x00, 0x00, 0x00, 0x00, 0x00, 0x00, 0x00, 0x00,
  0x00, 0x00, 0x00, 0x00, 0x00, 0x00, 0x00, 0x00, 0x00, 0x00, 0x00, 0x00, 0x00, 0x00, 0x00, 0x00,
  0x00, 0x00, 0x00, 0x00, 0x00, 0x00, 0x00, 0x00, 0x00, 0x00, 0x00, 0x00, 0x00, 0x00, 0x00, 0x00,
  0x00, 0x00, 0x00, 0x00, 0x00, 0x00, 0x00, 0x00, 0x00, 0x00, 0x00, 0x00, 0x00, 0x00, 0x00, 0x00,
  0x00, 0x00, 0x00, 0x00, 0x00, 0x00, 0x00, 0x00, 0x00, 0x00, 0x00, 0x00, 0x00, 0x00, 0x00, 0x00,
  0x00, 0x00, 0x00, 0x00, 0x00, 0x00, 0x00, 0x00, 0x00, 0x00, 0x00, 0x00, 0x00, 0x00, 0x00, 0x00,
  0x00, 0x00, 0x00, 0x00, 0x00, 0x00, 0x00, 0x00, 0x00, 0x00, 0x00, 0x00, 0x00, 0x00, 0x00, 0x00,
  0x00, 0x00, 0x00, 0x00, 0x00, 0x00, 0x00, 0x00, 0x00, 0x00, 0x00, 0x00, 0x00, 0x00, 0x00, 0x00,
  0x00, 0x00, 0x00, 0x00, 0x00, 0x00, 0x00, 0x00, 0x00, 0x00, 0x00, 0x00, 0x00, 0x00, 0x00, 0x00,
  0x00, 0x00, 0x00, 0x00, 0x00, 0x00, 0x00, 0x00, 0x00, 0x00, 0x00, 0x00, 0x00, 0x00, 0x00, 0x00,
  0x00, 0x00, 0x00, 0x00, 0x00, 0x00, 0x00, 0x00, 0x00, 0x00, 0x00, 0x00, 0x00, 0x00, 0x00, 0x00,
  0x00, 0x00, 0x00, 0x00, 0x00, 0x00, 0x00, 0x00, 0x00, 0x00, 0x00, 0x00, 0x00, 0x00, 0x00, 0x00,
  0x00, 0x00, 0x00, 0x00, 0x00, 0x00, 0x00, 0x00, 0x00, 0x00, 0x00, 0x00, 0x00, 0x00, 0x00, 0x00,
  0x00, 0x00, 0x00, 0x00, 0x00, 0x00, 0x00, 0x00, 0x00, 0x00, 0x00, 0x00, 0x00, 0x00, 0x00, 0x00,
  0x00, 0x00, 0x00, 0x00, 0x00, 0x00, 0x00, 0x00, 0x00, 0x00, 0x00, 0x00, 0x00, 0x00, 0x00, 0x00,
  0x00, 0x00, 0x00, 0x00, 0x00, 0x00, 0x00, 0x00, 0x00, 0x00, 0x00, 0x00, 0x00, 0x00, 0x00, 0x00,
  0x00, 0x00, 0x00, 0x00, 0x00, 0x00, 0x00, 0x00, 0x00, 0x00, 0x00, 0x00, 0x00, 0x00, 0x00, 0x00,
  0x00, 0x00, 0x00, 0x00, 0x00, 0x00, 0x00, 0x00, 0x00, 0x00, 0x00, 0x00, 0x00, 0x00, 0x00, 0x00,
  0x00, 0x00, 0x00, 0x00, 0x00, 0x00, 0x00, 0x00, 0x00, 0x00, 0x00, 0x00, 0x00, 0x00, 0x00, 0x00,
  0x00, 0x00, 0x00, 0x00, 0x00, 0x00, 0x00, 0x00, 0x00, 0x00, 0x00, 0x00, 0x00, 0x00, 0x00, 0x00,
  0x00, 0x00, 0x00, 0x00, 0x00, 0x00, 0x00, 0x00, 0x00, 0x00, 0x00, 0x00, 0x00, 0x00, 0x00, 0x00,
  0x00, 0x00, 0x00, 0x00, 0x00, 0x00, 0x00, 0x00, 0x00, 0x00, 0x00, 0x00, 0x00, 0x00, 0x00, 0x00,
  0x00, 0x00, 0x00, 0x00, 0x00, 0x00, 0x00, 0x00, 0x00, 0x00, 0x00, 0x00, 0x00, 0x00, 0x00, 0x00,
  0x00, 0x00, 0x00, 0x00, 0x00, 0x00, 0x00, 0x00, 0x00, 0x00, 0x00, 0x00, 0x00, 0x00, 0x00, 0x00,
  0x00, 0x00, 0x00, 0x00, 0x00, 0x00, 0x00, 0x00, 0x00, 0x00, 0x00, 0x00, 0x00, 0x00, 0x00, 0x00,
  0x00, 0x00, 0x00, 0x00, 0x00, 0x00, 0x00, 0x00, 0x00, 0x00, 0x00, 0x00, 0x00, 0x00, 0x00, 0x00,
  0x00, 0x00, 0x00, 0x00, 0x00, 0x00, 0x00, 0x00, 0x00, 0x00, 0x00, 0x00, 0x00, 0x00, 0x00, 0x00,
  0x00, 0x00, 0x00, 0x00, 0x00, 0x00, 0x00, 0x00, 0x00, 0x00, 0x00, 0x00, 0x00, 0x00, 0x00, 0x00,
  0x00, 0x00, 0x00, 0x00, 0x00, 0x00, 0x00, 0x00, 0x00, 0x00, 0x00, 0x00, 0x00, 0x00, 0x00, 0x00,
  0x00, 0x00, 0x00, 0x00, 0x00, 0x00, 0x00, 0x00, 0x00, 0x00, 0x00, 0x00, 0x00, 0x00, 0x00, 0x00,
  0x00, 0x00, 0x00, 0x00, 0x00, 0x00, 0x00, 0x00, 0x00, 0x00, 0x00, 0x00, 0x00, 0x00, 0x00, 0x00,
  0x00, 0x00, 0x00, 0x00, 0x00, 0x00, 0x00, 0x00, 0x00, 0x00, 0x00, 0x00, 0x00, 0x00, 0x00, 0x00,
  0x00, 0x00, 0x00, 0x00, 0x00, 0x00, 0x00, 0x00, 0x00, 0x00, 0x00, 0x00, 0x00, 0x00, 0x00, 0x00,
  0x00, 0x00, 0x00, 0x00, 0x00, 0x00, 0x00, 0x00, 0x00, 0x00, 0x00, 0x00, 0x00, 0x00, 0x00, 0x00,
  0x00, 0x00, 0x00, 0x00, 0x00, 0x00, 0x00, 0x00, 0x00, 0x00, 0x00, 0x00, 0x00, 0x00, 0x00, 0x00,
  0x00, 0x00, 0x00, 0x00, 0x00, 0x00, 0x00, 0x00, 0x00, 0x00, 0x00, 0x00, 0x00, 0x00, 0x00, 0x00,
  0x00, 0x00, 0x00, 0x00, 0x00, 0x00, 0x00, 0x00, 0x00, 0x00, 0x00, 0x00, 0x00, 0x00, 0x00, 0x00,
  0x00, 0x00, 0x00, 0x00, 0x00, 0x00, 0x00, 0x00, 0x00, 0x00, 0x00, 0x00, 0x00, 0x00, 0x00, 0x00,
  0x00, 0x00, 0x00, 0x00, 0x00, 0x00, 0x00, 0x00, 0x00, 0x00, 0x00, 0x00, 0x00, 0x00, 0x00, 0x00,
  0x00, 0x00, 0x00, 0x00, 0x00, 0x00, 0x00, 0x00, 0x00, 0x00, 0x00, 0x00, 0x00, 0x00, 0x00, 0x00,
  0x00, 0x00, 0x00, 0x00, 0x00, 0x00, 0x00, 0x00, 0x00, 0x00, 0x00, 0x00, 0x00, 0x00, 0x00, 0x00,
  0x00, 0x00, 0x00, 0x00, 0x00, 0x00, 0x00, 0x00, 0x00, 0x00, 0x00, 0x00, 0x00, 0x00, 0x00, 0x00,
  0x00, 0x00, 0x00, 0x00, 0x00, 0x00, 0x00, 0x00, 0x00, 0x00, 0x00, 0x00, 0x00, 0x00, 0x00, 0x00,
  0x00, 0x00, 0x00, 0x00, 0x00, 0x00, 0x00, 0x00, 0x00, 0x00, 0x00, 0x00, 0x00, 0x00, 0x00, 0x00,
  0x00, 0x00, 0x00, 0x00, 0x00, 0x00, 0x00, 0x00, 0x00, 0x00, 0x00, 0x00, 0x00, 0x00, 0x00, 0x00,
  0x00, 0x00, 0x00, 0x00, 0x00, 0x00, 0x00, 0x00, 0x00, 0x00, 0x00, 0x00, 0x00, 0x00, 0x00, 0x00,
  0x00, 0x00, 0x00, 0x00, 0x00, 0x00, 0x00, 0x00, 0x00, 0x00, 0x00, 0x00, 0x00, 0x00, 0x00, 0x00,
  0x00, 0x00, 0x00, 0x00, 0x00, 0x00, 0x00, 0x00, 0x00, 0x00, 0x00, 0x00, 0x00, 0x00, 0x00, 0x00,
  0x00, 0x00, 0x00, 0x00, 0x00, 0x00, 0x00, 0x00, 0x00, 0x00, 0x00, 0x00, 0x00, 0x00, 0x00, 0x00,
  0x00, 0x00, 0x00, 0x00, 0x00, 0x00, 0x00, 0x00, 0x00, 0x00, 0x00, 0x00, 0x00, 0x00, 0x00, 0x00,
  0x00, 0x00, 0x00, 0x00, 0x00, 0x00, 0x00, 0x00, 0x00, 0x00, 0x00, 0x00, 0x00, 0x00, 0x00, 0x00,
  0x00, 0x00, 0x00, 0x00, 0x00, 0x00, 0x00, 0x00, 0x00, 0x00, 0x00, 0x00, 0x00, 0x00, 0x00, 0x00,
  0x00, 0x00, 0x00, 0x00, 0x00, 0x00, 0x00, 0x00, 0x00, 0x00, 0x00, 0x00, 0x00, 0x00, 0x00, 0x00,
  0x00, 0x00, 0x00, 0x00, 0x00, 0x00, 0x00, 0x00, 0x00, 0x00, 0x00, 0x00, 0x00, 0x00, 0x00, 0x00,
  0x00, 0x00, 0x00, 0x00, 0x00, 0x00, 0x00, 0x00, 0x00, 0x00, 0x00, 0x00, 0x00, 0x00, 0x00, 0x00,
  0x00, 0x00, 0x00, 0x00, 0x00, 0x00, 0x00, 0x00, 0x00, 0x00, 0x00, 0x00, 0x00, 0x00, 0x00, 0x00,
  0x00, 0x00, 0x00, 0x00, 0x00, 0x00, 0x00, 0x00, 0x00, 0x00, 0x00, 0x00, 0x00, 0x00, 0x00, 0x00,
  0x00, 0x00, 0x00, 0x00, 0x00, 0x00, 0x00, 0x00, 0x00, 0x00, 0x00, 0x00, 0x00, 0x00, 0x00, 0x00,
  0x00, 0x00, 0x00, 0x00, 0x00, 0x00, 0x00, 0x00, 0x00, 0x00, 0x00, 0x00, 0x00, 0x00, 0x00, 0x00,
  0x00, 0x00, 0x00, 0x00, 0x00, 0x00, 0x00, 0x00, 0x00, 0x00, 0x00, 0x00, 0x00, 0x00, 0x00, 0x00,
  0x00, 0x00, 0x00, 0x00, 0x00, 0x00, 0x00, 0x00, 0x00, 0x00, 0x00, 0x00, 0x00, 0x00, 0x00, 0x00,
  0x00, 0x00, 0x00, 0x00, 0x00, 0x00, 0x00, 0x00, 0x00, 0x00, 0x00, 0x00, 0x00, 0x00, 0x00, 0x00,
  0x00, 0x00, 0x00, 0x00, 0x00, 0x00, 0x00, 0x00, 0x00, 0x00, 0x00, 0x00, 0x00, 0x00, 0x00, 0x00,
  0x00, 0x00, 0x00, 0x00, 0x00, 0x00, 0x00, 0x00, 0x00, 0x00, 0x00, 0x00, 0x00, 0x00, 0x00, 0x00,
  0x00, 0x00, 0x00, 0x00, 0x00, 0x00, 0x00, 0x00, 0x00, 0x00, 0x00, 0x00, 0x00, 0x00, 0x00, 0x00,
  0x00, 0x00, 0x00, 0x00, 0x00, 0x00, 0x00, 0x00, 0x00, 0x00, 0x00, 0x00, 0x00, 0x00, 0x00, 0x00,
  0x00, 0x00, 0x00, 0x00, 0x00, 0x00, 0x00, 0x00, 0x00, 0x00, 0x00, 0x00, 0x00, 0x00, 0x00, 0x00,
  0x00, 0x00, 0x00, 0x00, 0x00, 0x00, 0x00, 0x00, 0x00, 0x00, 0x00, 0x00, 0x00, 0x00, 0x00, 0x00,
  0x00, 0x00, 0x00, 0x00, 0x00, 0x00, 0x00, 0x00, 0x00, 0x00, 0x00, 0x00, 0x00, 0x00, 0x00, 0x00,
  0x00, 0x00, 0x00, 0x00, 0x00, 0x00, 0x00, 0x00, 0x00, 0x00, 0x00, 0x00, 0x00, 0x00, 0x00, 0x00,
  0x00, 0x00, 0x00, 0x00, 0x00, 0x00, 0x00, 0x00, 0x00, 0x00, 0x00, 0x00, 0x00, 0x00, 0x00, 0x00,
  0x00, 0x00, 0x00, 0x00, 0x00, 0x00, 0x00, 0x00, 0x00, 0x00, 0x00, 0x00, 0x00, 0x00, 0x00, 0x00,
  0x00, 0x00, 0x00, 0x00, 0x00, 0x00, 0x00, 0x00, 0x00, 0x00, 0x00, 0x00, 0x00, 0x00, 0x00, 0x00,
  0x00, 0x00, 0x00, 0x00, 0x00, 0x00, 0x00, 0x00, 0x00, 0x00, 0x00, 0x00, 0x00, 0x00, 0x00, 0x00,
  0x00, 0x00, 0x00, 0x00, 0x00, 0x00, 0x00, 0x00, 0x00, 0x00, 0x00, 0x00, 0x00, 0x00, 0x00, 0x00,
  0x00, 0x00, 0x00, 0x00, 0x00, 0x00, 0x00, 0x00, 0x00, 0x00, 0x00, 0x00, 0x00, 0x00, 0x00, 0x00,
  0x00, 0x00, 0x00, 0x00, 0x00, 0x00, 0x00, 0x00, 0x00, 0x00, 0x00, 0x00, 0x00, 0x00, 0x00, 0x00,
  0x00, 0x00, 0x00, 0x00, 0x00, 0x00, 0x00, 0x00, 0x00, 0x00, 0x00, 0x00, 0x00, 0x00, 0x00, 0x00,
  0x00, 0x00, 0x00, 0x00, 0x00, 0x00, 0x00, 0x00, 0x00, 0x00, 0x00, 0x00, 0x00, 0x00, 0x00, 0x00,
  0x00, 0x00, 0x00, 0x00, 0x00, 0x00, 0x00, 0x00, 0x00, 0x00, 0x00, 0x00, 0x00, 0x00, 0x00, 0x00,
  0x00, 0x00, 0x00, 0x00, 0x00, 0x00, 0x00, 0x00, 0x00, 0x00, 0x00, 0x00, 0x00, 0x00, 0x00, 0x00,
  0x00, 0x00, 0x00, 0x00, 0x00, 0x00, 0x00, 0x00, 0x00, 0x00, 0x00, 0x00, 0x00, 0x00, 0x00, 0x00,
  0x00, 0x00, 0x00, 0x00, 0x00, 0x00, 0x00, 0x00, 0x00, 0x00, 0x00, 0x00, 0x00, 0x00, 0x00, 0x00,
  0x00, 0x00, 0x00, 0x00, 0x00, 0x00, 0x00, 0x00, 0x00, 0x00, 0x00, 0x00, 0x00, 0x00, 0x00, 0x00,
  0x00, 0x00, 0x00, 0x00, 0x00, 0x00, 0x00, 0x00, 0x00, 0x00, 0x00, 0x00, 0x00, 0x00, 0x00, 0x00,
  0x00, 0x00, 0x00, 0x00, 0x00, 0x00, 0x00, 0x00, 0x00, 0x00, 0x00, 0x00, 0x00, 0x00, 0x00, 0x00,
  0x00, 0x00, 0x00, 0x00, 0x00, 0x00, 0x00, 0x00, 0x00, 0x00, 0x00, 0x00, 0x00, 0x00, 0x00, 0x00,
  0x00, 0x00, 0x00, 0x00, 0x00, 0x00, 0x00, 0x00, 0x00, 0x00, 0x00, 0x00, 0x00, 0x00, 0x00, 0x00,
  0x00, 0x00, 0x00, 0x00, 0x00, 0x00, 0x00, 0x00, 0x00, 0x00, 0x00, 0x00, 0x00, 0x00, 0x00, 0x00,
  0x00, 0x00, 0x00, 0x00, 0x00, 0x00, 0x00, 0x00, 0x00, 0x00, 0x00, 0x00, 0x00, 0x00, 0x00, 0x00,
  0x00, 0x00, 0x00, 0x00, 0x00, 0x00, 0x00, 0x00, 0x00, 0x00, 0x00, 0x00, 0x00, 0x00, 0x00, 0x00,
  0x00, 0x00, 0x00, 0x00, 0x00, 0x00, 0x00, 0x00, 0x00, 0x00, 0x00, 0x00, 0x00, 0x00, 0x00, 0x00,
  0x00, 0x00, 0x00, 0x00, 0x00, 0x00, 0x00, 0x00, 0x00, 0x00, 0x00, 0x00, 0x00, 0x00, 0x00, 0x00,
  0x00, 0x00, 0x00, 0x00, 0x00, 0x00, 0x00, 0x00, 0x00, 0x00, 0x00, 0x00, 0x00, 0x00, 0x00, 0x00,
  0x00, 0x00, 0x00, 0x00, 0x00, 0x00, 0x00, 0x00, 0x00, 0x00, 0x00, 0x00, 0x00, 0x00, 0x00, 0x00,
  0x00, 0x00, 0x00, 0x00, 0x00, 0x00, 0x00, 0x00, 0x00, 0x00, 0x00, 0x00, 0x00, 0x00, 0x00, 0x00,
  0x00, 0x00, 0x00, 0x00, 0x00, 0x00, 0x00, 0x00, 0x00, 0x00, 0x00, 0x00, 0x00, 0x00, 0x00, 0x00,
  0x00, 0x00, 0x00, 0x00, 0x00, 0x00, 0x00, 0x00, 0x00, 0x00, 0x00, 0x00, 0x00, 0x00, 0x00, 0x00,
  0x00, 0x00, 0x00, 0x00, 0x00, 0x00, 0x00, 0x00, 0x00, 0x00, 0x00, 0x00, 0x00, 0x00, 0x00, 0x00,
  0x00, 0x00, 0x00, 0x00, 0x00, 0x00, 0x00, 0x00, 0x00, 0x00, 0x00, 0x00, 0x00, 0x00, 0x00, 0x00,
  0x00, 0x00, 0x00, 0x00, 0x00, 0x00, 0x00, 0x00, 0x00, 0x00, 0x00, 0x00, 0x00, 0x00, 0x00, 0x00,
  0x00, 0x00, 0x00, 0x00, 0x00, 0x00, 0x00, 0x00, 0x00, 0x00, 0x00, 0x00, 0x00, 0x00, 0x00, 0x00,
  0x00, 0x00, 0x00, 0x00, 0x00, 0x00, 0x00, 0x00, 0x00, 0x00, 0x00, 0x00, 0x00, 0x00, 0x00, 0x00,
  0x00, 0x00, 0x00, 0x00, 0x00, 0x00, 0x00, 0x00, 0x00, 0x00, 0x00, 0x00, 0x00, 0x00, 0x00, 0x00,
  0x00, 0x00, 0x00, 0x00, 0x00, 0x00, 0x00, 0x00, 0x00, 0x00, 0x00, 0x00, 0x00, 0x00, 0x00, 0x00,
  0x00, 0x00, 0x00, 0x00, 0x00, 0x00, 0x00, 0x00, 0x00, 0x00, 0x00, 0x00, 0x00, 0x00, 0x00, 0x00,
  0x00, 0x00, 0x00, 0x00, 0x00, 0x00, 0x00, 0x00, 0x00, 0x00, 0x00, 0x00, 0x00, 0x00, 0x00, 0x00,
  0x00, 0x00, 0x00, 0x00, 0x00, 0x00, 0x00, 0x00, 0x00, 0x00, 0x00, 0x00, 0x00, 0x00, 0x00, 0x00,
  0x00, 0x00, 0x00, 0x00, 0x00, 0x00, 0x00, 0x00, 0x00, 0x00, 0x00, 0x00, 0x00, 0x00, 0x00, 0x00,
  0x00, 0x00, 0x00, 0x00, 0x00, 0x00, 0x00, 0x00, 0x00, 0x00, 0x00, 0x00, 0x00, 0x00, 0x00, 0x00,
  0x00, 0x00, 0x00, 0x00, 0x00, 0x00, 0x00, 0x00, 0x00, 0x00, 0x00, 0x00, 0x00, 0x00, 0x00, 0x00,
  0x00, 0x00, 0x00, 0x00, 0x00, 0x00, 0x00, 0x00, 0x00, 0x00, 0x00, 0x00, 0x00, 0x00, 0x00, 0x00,
  0x00, 0x00, 0x00, 0x00, 0x00, 0x00, 0x00, 0x00, 0x00, 0x00, 0x00, 0x00, 0x00, 0x00, 0x00, 0x00,
  0x00, 0x00, 0x00, 0x00, 0x00, 0x00, 0x00, 0x00, 0x00, 0x00, 0x00, 0x00, 0x00, 0x00, 0x00, 0x00,
  0x00, 0x00, 0x00, 0x00, 0x00, 0x00, 0x00, 0x00, 0x00, 0x00, 0x00, 0x00, 0x00, 0x00, 0x00, 0x00,
  0x00, 0x00, 0x00, 0x00, 0x00, 0x00, 0x00, 0x00, 0x00, 0x00, 0x00, 0x00, 0x00, 0x00, 0x00, 0x00,
  0x00, 0x00, 0x00, 0x00, 0x00, 0x00, 0x00, 0x00, 0x00, 0x00, 0x00, 0x00, 0x00, 0x00, 0x00, 0x00,
  0x00, 0x00, 0x00, 0x00, 0x00, 0x00, 0x00, 0x00, 0x00, 0x00, 0x00, 0x00, 0x00, 0x00, 0x00, 0x00,
  0x00, 0x00, 0x00, 0x00, 0x00, 0x00, 0x00, 0x00, 0x00, 0x00, 0x00, 0x00, 0x00, 0x00, 0x00, 0x00,
  0x00, 0x00, 0x00, 0x00, 0x00, 0x00, 0x00, 0x00, 0x00, 0x00, 0x00, 0x00, 0x00, 0x00, 0x00, 0x00,
  0x00, 0x00, 0x00, 0x00, 0x00, 0x00, 0x00, 0x00, 0x00, 0x00, 0x00, 0x00, 0x00, 0x00, 0x00, 0x00,
  0x00, 0x00, 0x00, 0x00, 0x00, 0x00, 0x00, 0x00, 0x00, 0x00, 0x00, 0x00, 0x00, 0x00, 0x00, 0x00,
  0x00, 0x00, 0x00, 0x00, 0x00, 0x00, 0x00, 0x00, 0x00, 0x00, 0x00, 0x00, 0x00, 0x00, 0x00, 0x00,
  0x00, 0x00, 0x00, 0x00, 0x00, 0x00, 0x00, 0x00, 0x00, 0x00, 0x00, 0x00, 0x00, 0x00, 0x00, 0x00,
  0x00, 0x00, 0x00, 0x00, 0x00, 0x00, 0x00, 0x00, 0x00, 0x00, 0x00, 0x00, 0x00, 0x00, 0x00, 0x00,
  0x00, 0x00, 0x00, 0x00, 0x00, 0x00, 0x00, 0x00, 0x00, 0x00, 0x00, 0x00, 0x00, 0x00, 0x00, 0x00,
  0x00, 0x00, 0x00, 0x00, 0x00, 0x00, 0x00, 0x00, 0x00, 0x00, 0x00, 0x00, 0x00, 0x00, 0x00, 0x00,
  0x00, 0x00, 0x00, 0x00, 0x00, 0x00, 0x00, 0x00, 0x00, 0x00, 0x00, 0x00, 0x00, 0x00, 0x00, 0x00,
  0x00, 0x00, 0x00, 0x00, 0x00, 0x00, 0x00, 0x00, 0x00, 0x00, 0x00, 0x00, 0x00, 0x00, 0x00, 0x00,
  0x00, 0x00, 0x00, 0x00, 0x00, 0x00, 0x00, 0x00, 0x00, 0x00, 0x00, 0x00, 0x00, 0x00, 0x00, 0x00,
  0x00, 0x00, 0x00, 0x00, 0x00, 0x00, 0x00, 0x00, 0x00, 0x00, 0x00, 0x00, 0x00, 0x00, 0x00, 0x00,
  0x00, 0x00, 0x00, 0x00, 0x00, 0x00, 0x00, 0x00, 0x00, 0x00, 0x00, 0x00, 0x00, 0x00, 0x00, 0x00,
  0x00, 0x00, 0x00, 0x00, 0x00, 0x00, 0x00, 0x00, 0x00, 0x00, 0x00, 0x00, 0x00, 0x00, 0x00, 0x00,
  0x00, 0x00, 0x00, 0x00, 0x00, 0x00, 0x00, 0x00, 0x00, 0x00, 0x00, 0x00, 0x00, 0x00, 0x00, 0x00,
  0x00, 0x00, 0x00, 0x00, 0x00, 0x00, 0x00, 0x00, 0x00, 0x00, 0x00, 0x00, 0x00, 0x00, 0x00, 0x00,
  0x00, 0x00, 0x00, 0x00, 0x00, 0x00, 0x00, 0x00, 0x00, 0x00, 0x00, 0x00, 0x00, 0x00, 0x00, 0x00,
  0x00, 0x00, 0x00, 0x00, 0x00, 0x00, 0x00, 0x00, 0x00, 0x00, 0x00, 0x00, 0x00, 0x00, 0x00, 0x00,
  0x00, 0x00, 0x00, 0x00, 0x00, 0x00, 0x00, 0x00, 0x00, 0x00, 0x00, 0x00, 0x00, 0x00, 0x00, 0x00,
  0x00, 0x00, 0x00, 0x00, 0x00, 0x00, 0x00, 0x00, 0x00, 0x00, 0x00, 0x00, 0x00, 0x00, 0x00, 0x00,
  0x00, 0x00, 0x00, 0x00, 0x00, 0x00, 0x00, 0x00, 0x00, 0x00, 0x00, 0x00, 0x00, 0x00, 0x00, 0x00,
  0x00, 0x00, 0x00, 0x00, 0x00, 0x00, 0x00, 0x00, 0x00, 0x00, 0x00, 0x00, 0x00, 0x00, 0x00, 0x00,
  0x00, 0x00, 0x00, 0x00, 0x00, 0x00, 0x00, 0x00, 0x00, 0x00, 0x00, 0x00, 0x00, 0x00, 0x00, 0x00,
  0x00, 0x00, 0x00, 0x00, 0x00, 0x00, 0x00, 0x00, 0x00, 0x00, 0x00, 0x00, 0x00, 0x00, 0x00, 0x00,
  0x00, 0x00, 0x00, 0x00, 0x00, 0x00, 0x00, 0x00, 0x00, 0x00, 0x00, 0x00, 0x00, 0x00, 0x00, 0x00,
  0x00, 0x00, 0x00, 0x00, 0x00, 0x00, 0x00, 0x00, 0x00, 0x00, 0x00, 0x00, 0x00, 0x00, 0x00, 0x00,
  0x00, 0x00, 0x00, 0x00, 0x00, 0x00, 0x00, 0x00, 0x00, 0x00, 0x00, 0x00, 0x00, 0x00, 0x00, 0x00,
  0x00, 0x00, 0x00, 0x00, 0x00, 0x00, 0x00, 0x00, 0x00, 0x00, 0x00, 0x00, 0x00, 0x00, 0x00, 0x00,
  0x00, 0x00, 0x00, 0x00, 0x00, 0x00, 0x00, 0x00, 0x00, 0x00, 0x00, 0x00, 0x00, 0x00, 0x00, 0x00,
  0x00, 0x00, 0x00, 0x00, 0x00, 0x00, 0x00, 0x00, 0x00, 0x00, 0x00, 0x00, 0x00, 0x00, 0x00, 0x00,
  0x00, 0x00, 0x00, 0x00, 0x00, 0x00, 0x00, 0x00, 0x00, 0x00, 0x00, 0x00, 0x00, 0x00, 0x00, 0x00,
  0x00, 0x00, 0x00, 0x00, 0x00, 0x00, 0x00, 0x00, 0x00, 0x00, 0x00, 0x00, 0x00, 0x00, 0x00, 0x00,
  0x00, 0x00, 0x00, 0x00, 0x00, 0x00, 0x00, 0x00, 0x00, 0x00, 0x00, 0x00, 0x00, 0x00, 0x00, 0x00,
  0x00, 0x00, 0x00, 0x00, 0x00, 0x00, 0x00, 0x00, 0x00, 0x00, 0x00, 0x00, 0x00, 0x00, 0x00, 0x00,
  0x00, 0x00, 0x00, 0x00, 0x00, 0x00, 0x00, 0x00, 0x00, 0x00, 0x00, 0x00, 0x00, 0x00, 0x00, 0x00,
  0x00, 0x00, 0x00, 0x00, 0x00, 0x00, 0x00, 0x00, 0x00, 0x00, 0x00, 0x00, 0x00, 0x00, 0x00, 0x00,
  0x00, 0x00, 0x00, 0x00, 0x00, 0x00, 0x00, 0x00, 0x00, 0x00, 0x00, 0x00, 0x00, 0x00, 0x00, 0x00,
  0x00, 0x00, 0x00, 0x00, 0x00, 0x00, 0x00, 0x00, 0x00, 0x00, 0x00, 0x00, 0x00, 0x00, 0x00, 0x00,
  0x00, 0x00, 0x00, 0x00, 0x00, 0x00, 0x00, 0x00, 0x00, 0x00, 0x00, 0x00, 0x00, 0x00, 0x00, 0x00,
  0x00, 0x00, 0x00, 0x00, 0x00, 0x00, 0x00, 0x00, 0x00, 0x00, 0x00, 0x00, 0x00, 0x00, 0x00, 0x00,
  0x00, 0x00, 0x00, 0x00, 0x00, 0x00, 0x00, 0x00, 0x00, 0x00, 0x00, 0x00, 0x00, 0x00, 0x00, 0x00,
  0x00, 0x00, 0x00, 0x00, 0x00, 0x00, 0x00, 0x00, 0x00, 0x00, 0x00, 0x00, 0x00, 0x00, 0x00, 0x00,
  0x00, 0x00, 0x00, 0x00, 0x00, 0x00, 0x00, 0x00, 0x00, 0x00, 0x00, 0x00, 0x00, 0x00, 0x00, 0x00,
  0x00, 0x00, 0x00, 0x00, 0x00, 0x00, 0x00, 0x00, 0x00, 0x00, 0x00, 0x00, 0x00, 0x00, 0x00, 0x00,
  0x00, 0x00, 0x00, 0x00, 0x00, 0x00, 0x00, 0x00, 0x00, 0x00, 0x00, 0x00, 0x00, 0x00, 0x00, 0x00,
  0x00, 0x00, 0x00, 0x00, 0x00, 0x00, 0x00, 0x00, 0x00, 0x00, 0x00, 0x00, 0x00, 0x00, 0x00, 0x00,
  0x00, 0x00, 0x00, 0x00, 0x00, 0x00, 0x00, 0x00, 0x00, 0x00, 0x00, 0x00, 0x00, 0x00, 0x00, 0x00,
  0x00, 0x00, 0x00, 0x00, 0x00, 0x00, 0x00, 0x00, 0x00, 0x00, 0x00, 0x00, 0x00, 0x00, 0x00, 0x00,
  0x00, 0x00, 0x00, 0x00, 0x00, 0x00, 0x00, 0x00, 0x00, 0x00, 0x00, 0x00, 0x00, 0x00, 0x00, 0x00,
  0x00, 0x00, 0x00, 0x00, 0x00, 0x00, 0x00, 0x00, 0x00, 0x00, 0x00, 0x00, 0x00, 0x00, 0x00, 0x00,
  0x00, 0x00, 0x00, 0x00, 0x00, 0x00, 0x00, 0x00, 0x00, 0x00, 0x00, 0x00, 0x00, 0x00, 0x00, 0x00,
  0x00, 0x00, 0x00, 0x00, 0x00, 0x00, 0x00, 0x00, 0x00, 0x00, 0x00, 0x00, 0x00, 0x00, 0x00, 0x00,
  0x00, 0x00, 0x00, 0x00, 0x00, 0x00, 0x00, 0x00, 0x00, 0x00, 0x00, 0x00, 0x00, 0x00, 0x00, 0x00,
  0x00, 0x00, 0x00, 0x00, 0x00, 0x00, 0x00, 0x00, 0x00, 0x00, 0x00, 0x00, 0x00, 0x00, 0x00, 0x00,
  0x00, 0x00, 0x00, 0x00, 0x00, 0x00, 0x00, 0x00, 0x00, 0x00, 0x00, 0x00, 0x00, 0x00, 0x00, 0x00,
  0x00, 0x00, 0x00, 0x00, 0x00, 0x00, 0x00, 0x00, 0x00, 0x00, 0x00, 0x00, 0x00, 0x00, 0x00, 0x00,
  0x00, 0x00, 0x00, 0x00, 0x00, 0x00, 0x00, 0x00, 0x00, 0x00, 0x00, 0x00, 0x00, 0x00, 0x00, 0x00,
  0x00, 0x00, 0x00, 0x00, 0x00, 0x00, 0x00, 0x00, 0x00, 0x00, 0x00, 0x00, 0x00, 0x00, 0x00, 0x00,
  0x00, 0x00, 0x00, 0x00, 0x00, 0x00, 0x00, 0x00, 0x00, 0x00, 0x00, 0x00, 0x00, 0x00, 0x00, 0x00,
  0x00, 0x00, 0x00, 0x00, 0x00, 0x00, 0x00, 0x00, 0x00, 0x00, 0x00, 0x00, 0x00, 0x00, 0x00, 0x00,
  0x00, 0x00, 0x00, 0x00, 0x00, 0x00, 0x00, 0x00, 0x00, 0x00, 0x00, 0x00, 0x00, 0x00, 0x00, 0x00,
  0x00, 0x00, 0x00, 0x00, 0x00, 0x00, 0x00, 0x00, 0x00, 0x00, 0x00, 0x00, 0x00, 0x00, 0x00, 0x00,
  0x00, 0x00, 0x00, 0x00, 0x00, 0x00, 0x00, 0x00, 0x00, 0x00, 0x00, 0x00, 0x00, 0x00, 0x00, 0x00,
  0x00, 0x00, 0x00, 0x00, 0x00, 0x00, 0x00, 0x00, 0x00, 0x00, 0x00, 0x00, 0x00, 0x00, 0x00, 0x00,
  0x00, 0x00, 0x00, 0x00, 0x00, 0x00, 0x00, 0x00, 0x00, 0x00, 0x00, 0x00, 0x00, 0x00, 0x00, 0x00,
  0x00, 0x00, 0x00, 0x00, 0x00, 0x00, 0x00, 0x00, 0x00, 0x00, 0x00, 0x00, 0x00, 0x00, 0x00, 0x00,
  0x00, 0x00, 0x00, 0x00, 0x00, 0x00, 0x00, 0x00, 0x00, 0x00, 0x00, 0x00, 0x00, 0x00, 0x00, 0x00,
  0x00, 0x00, 0x00, 0x00, 0x00, 0x00, 0x00, 0x00, 0x00, 0x00, 0x00, 0x00, 0x00, 0x00, 0x00, 0x00,
  0x00, 0x00, 0x00, 0x00, 0x00, 0x00, 0x00, 0x00, 0x00, 0x00, 0x00, 0x00, 0x00, 0x00, 0x00, 0x00,
  0x00, 0x00, 0x00, 0x00, 0x00, 0x00, 0x00, 0x00, 0x00, 0x00, 0x00, 0x00, 0x00, 0x00, 0x00, 0x00,
  0x00, 0x00, 0x00, 0x00, 0x00, 0x00, 0x00, 0x00, 0x00, 0x00, 0x00, 0x00, 0x00, 0x00, 0x00, 0x00,
  0x00, 0x00, 0x00, 0x00, 0x00, 0x00, 0x00, 0x00, 0x00, 0x00, 0x00, 0x00, 0x00, 0x00, 0x00, 0x00,
  0x00, 0x00, 0x00, 0x00, 0x00, 0x00, 0x00, 0x00, 0x00, 0x00, 0x00, 0x00, 0x00, 0x00, 0x00, 0x00,
  0x00, 0x00, 0x00, 0x00, 0x00, 0x00, 0x00, 0x00, 0x00, 0x00, 0x00, 0x00, 0x00, 0x00, 0x00, 0x00,
  0x00, 0x00, 0x00, 0x00, 0x00, 0x00, 0x00, 0x00, 0x00, 0x00, 0x00, 0x00, 0x00, 0x00, 0x00, 0x00,
  0x00, 0x00, 0x00, 0x00, 0x00, 0x00, 0x00, 0x00, 0x00, 0x00, 0x00, 0x00, 0x00, 0x00, 0x00, 0x00,
  0x00, 0x00, 0x00, 0x00, 0x00, 0x00, 0x00, 0x00, 0x00, 0x00, 0x00, 0x00, 0x00, 0x00, 0x00, 0x00,
  0x00, 0x00, 0x00, 0x00, 0x00, 0x00, 0x00, 0x00, 0x00, 0x00, 0x00, 0x00, 0x00, 0x00, 0x00, 0x00,
  0x00, 0x00, 0x00, 0x00, 0x00, 0x00, 0x00, 0x00, 0x00, 0x00, 0x00, 0x00, 0x00, 0x00, 0x00, 0x00,
  0x00, 0x00, 0x00, 0x00, 0x00, 0x00, 0x00, 0x00, 0x00, 0x00, 0x00, 0x00, 0x00, 0x00, 0x00, 0x00,
  0x00, 0x00, 0x00, 0x00, 0x00, 0x00, 0x00, 0x00, 0x00, 0x00, 0x00, 0x00, 0x00, 0x00, 0x00, 0x00,
  0x00, 0x00, 0x00, 0x00, 0x00, 0x00, 0x00, 0x00, 0x00, 0x00, 0x00, 0x00, 0x00, 0x00, 0x00, 0x00,
  0x00, 0x00, 0x00, 0x00, 0x00, 0x00, 0x00, 0x00, 0x00, 0x00, 0x00, 0x00, 0x00, 0x00, 0x00, 0x00,
  0x00, 0x00, 0x00, 0x00, 0x00, 0x00, 0x00, 0x00, 0x00, 0x00, 0x00, 0x00, 0x00, 0x00, 0x00, 0x00,
  0x00, 0x00, 0x00, 0x00, 0x00, 0x00, 0x00, 0x00, 0x00, 0x00, 0x00, 0x00, 0x00, 0x00, 0x00, 0x00,
  0x00, 0x00, 0x00, 0x00, 0x00, 0x00, 0x00, 0x00, 0x00, 0x00, 0x00, 0x00, 0x00, 0x00, 0x00, 0x00,
  0x00, 0x00, 0x00, 0x00, 0x00, 0x00, 0x00, 0x00, 0x00, 0x00, 0x00, 0x00, 0x00, 0x00, 0x00, 0x00,
  0x00, 0x00, 0x00, 0x00, 0x00, 0x00, 0x00, 0x00, 0x00, 0x00, 0x00, 0x00, 0x00, 0x00, 0x00, 0x00,
  0x00, 0x00, 0x00, 0x00, 0x00, 0x00, 0x00, 0x00, 0x00, 0x00, 0x00, 0x00, 0x00, 0x00, 0x00, 0x00,
  0x00, 0x00, 0x00, 0x00, 0x00, 0x00, 0x00, 0x00, 0x00, 0x00, 0x00, 0x00, 0x00, 0x00, 0x00, 0x00,
  0x00, 0x00, 0x00, 0x00, 0x00, 0x00, 0x00, 0x00, 0x00, 0x00, 0x00, 0x00, 0x00, 0x00, 0x00, 0x00,
  0x00, 0x00, 0x00, 0x00, 0x00, 0x00, 0x00, 0x00, 0x00, 0x00, 0x00, 0x00, 0x00, 0x00, 0x00, 0x00,
  0x00, 0x00, 0x00, 0x00, 0x00, 0x00, 0x00, 0x00, 0x00, 0x00, 0x00, 0x00, 0x00, 0x00, 0x00, 0x00,
  0x00, 0x00, 0x00, 0x00, 0x00, 0x00, 0x00, 0x00, 0x00, 0x00, 0x00, 0x00, 0x00, 0x00, 0x00, 0x00,
  0x00, 0x00, 0x00, 0x00, 0x00, 0x00, 0x00, 0x00, 0x00, 0x00, 0x00, 0x00, 0x00, 0x00, 0x00, 0x00,
  0x00, 0x00, 0x00, 0x00, 0x00, 0x00, 0x00, 0x00, 0x00, 0x00, 0x00, 0x00, 0x00, 0x00, 0x00, 0x00,
  0x00, 0x00, 0x00, 0x00, 0x00, 0x00, 0x00, 0x00, 0x00, 0x00, 0x00, 0x00, 0x00, 0x00, 0x00, 0x00,
  0x00, 0x00, 0x00, 0x00, 0x00, 0x00, 0x00, 0x00, 0x00, 0x00, 0x00, 0x00, 0x00, 0x00, 0x00, 0x00,
  0x00, 0x00, 0x00, 0x00, 0x00, 0x00, 0x00, 0x00, 0x00, 0x00, 0x00, 0x00, 0x00, 0x00, 0x00, 0x00,
  0x00, 0x00, 0x00, 0x00, 0x00, 0x00, 0x00, 0x00, 0x00, 0x00, 0x00, 0x00, 0x00, 0x00, 0x00, 0x00,
  0x00, 0x00, 0x00, 0x00, 0x00, 0x00, 0x00, 0x00, 0x00, 0x00, 0x00, 0x00, 0x00, 0x00, 0x00, 0x00,
  0x00, 0x00, 0x00, 0x00, 0x00, 0x00, 0x00, 0x00, 0x00, 0x00, 0x00, 0x00, 0x00, 0x00, 0x00, 0x00,
  0x00, 0x00, 0x00, 0x00, 0x00, 0x00, 0x00, 0x00, 0x00, 0x00, 0x00, 0x00, 0x00, 0x00, 0x00, 0x00,
  0x00, 0x00, 0x00, 0x00, 0x00, 0x00, 0x00, 0x00, 0x00, 0x00, 0x00, 0x00, 0x00, 0x00, 0x00, 0x00,
  0x00, 0x00, 0x00, 0x00, 0x00, 0x00, 0x00, 0x00, 0x00, 0x00, 0x00, 0x00, 0x00, 0x00, 0x00, 0x00,
  0x00, 0x00, 0x00, 0x00, 0x00, 0x00, 0x00, 0x00, 0x00, 0x00, 0x00, 0x00, 0x00, 0x00, 0x00, 0x00,
  0x00, 0x00, 0x00, 0x00, 0x00, 0x00, 0x00, 0x00, 0x00, 0x00, 0x00, 0x00, 0x00, 0x00, 0x00, 0x00,
  0x00, 0x00, 0x00, 0x00, 0x00, 0x00, 0x00, 0x00, 0x00, 0x00, 0x00, 0x00, 0x00, 0x00, 0x00, 0x00,
  0x00, 0x00, 0x00, 0x00, 0x00, 0x00, 0x00, 0x00, 0x00, 0x00, 0x00, 0x00, 0x00, 0x00, 0x00, 0x00,
  0x00, 0x00, 0x00, 0x00, 0x00, 0x00, 0x00, 0x00, 0x00, 0x00, 0x00, 0x00, 0x00, 0x00, 0x00, 0x00,
  0x00, 0x00, 0x00, 0x00, 0x00, 0x00, 0x00, 0x00, 0x00, 0x00, 0x00, 0x00, 0x00, 0x00, 0x00, 0x00,
  0x00, 0x00, 0x00, 0x00, 0x00, 0x00, 0x00, 0x00, 0x00, 0x00, 0x00, 0x00, 0x00, 0x00, 0x00, 0x00,
  0x00, 0x00, 0x00, 0x00, 0x00, 0x00, 0x00, 0x00, 0x00, 0x00, 0x00, 0x00, 0x00, 0x00, 0x00, 0x00,
  0x00, 0x00, 0x00, 0x00, 0x00, 0x00, 0x00, 0x00,
};
